id,category,brand,product,google_images_url,bing_images_url
1,SMARTPHONES,Apple,iPhone 16 Pro Max 256GB,https://www.google.com/search?tbm=isch&q=Apple+iPhone+16+Pro+Max+256GB,https://www.bing.com/images/search?q=Apple+iPhone+16+Pro+Max+256GB
2,SMARTPHONES,Apple,iPhone 16 Pro Max 512GB,https://www.google.com/search?tbm=isch&q=Apple+iPhone+16+Pro+Max+512GB,https://www.bing.com/images/search?q=Apple+iPhone+16+Pro+Max+512GB
3,SMARTPHONES,Apple,iPhone 16 Pro Max 1TB,https://www.google.com/search?tbm=isch&q=Apple+iPhone+16+Pro+Max+1TB,https://www.bing.com/images/search?q=Apple+iPhone+16+Pro+Max+1TB
4,SMARTPHONES,Apple,iPhone 16 Pro 128GB,https://www.google.com/search?tbm=isch&q=Apple+iPhone+16+Pro+128GB,https://www.bing.com/images/search?q=Apple+iPhone+16+Pro+128GB
5,SMARTPHONES,Apple,iPhone 16 Pro 256GB,https://www.google.com/search?tbm=isch&q=Apple+iPhone+16+Pro+256GB,https://www.bing.com/images/search?q=Apple+iPhone+16+Pro+256GB
6,SMARTPHONES,Apple,iPhone 16 Pro 512GB,https://www.google.com/search?tbm=isch&q=Apple+iPhone+16+Pro+512GB,https://www.bing.com/images/search?q=Apple+iPhone+16+Pro+512GB
7,SMARTPHONES,Apple,iPhone 16 Plus 128GB,https://www.google.com/search?tbm=isch&q=Apple+iPhone+16+Plus+128GB,https://www.bing.com/images/search?q=Apple+iPhone+16+Plus+128GB
8,SMARTPHONES,Apple,iPhone 16 Plus 256GB,https://www.google.com/search?tbm=isch&q=Apple+iPhone+16+Plus+256GB,https://www.bing.com/images/search?q=Apple+iPhone+16+Plus+256GB
9,SMARTPHONES,Apple,iPhone 16 128GB,https://www.google.com/search?tbm=isch&q=Apple+iPhone+16+128GB,https://www.bing.com/images/search?q=Apple+iPhone+16+128GB
10,SMARTPHONES,Apple,iPhone 16 256GB,https://www.google.com/search?tbm=isch&q=Apple+iPhone+16+256GB,https://www.bing.com/images/search?q=Apple+iPhone+16+256GB
11,SMARTPHONES,Apple,iPhone 15 Pro Max 256GB,https://www.google.com/search?tbm=isch&q=Apple+iPhone+15+Pro+Max+256GB,https://www.bing.com/images/search?q=Apple+iPhone+15+Pro+Max+256GB
12,SMARTPHONES,Apple,iPhone 15 Pro 128GB,https://www.google.com/search?tbm=isch&q=Apple+iPhone+15+Pro+128GB,https://www.bing.com/images/search?q=Apple+iPhone+15+Pro+128GB
13,SMARTPHONES,Apple,iPhone 15 128GB,https://www.google.com/search?tbm=isch&q=Apple+iPhone+15+128GB,https://www.bing.com/images/search?q=Apple+iPhone+15+128GB
14,SMARTPHONES,Apple,iPhone 15 256GB,https://www.google.com/search?tbm=isch&q=Apple+iPhone+15+256GB,https://www.bing.com/images/search?q=Apple+iPhone+15+256GB
15,SMARTPHONES,Apple,iPhone 15 Plus 128GB,https://www.google.com/search?tbm=isch&q=Apple+iPhone+15+Plus+128GB,https://www.bing.com/images/search?q=Apple+iPhone+15+Plus+128GB
16,SMARTPHONES,Apple,iPhone 14 128GB,https://www.google.com/search?tbm=isch&q=Apple+iPhone+14+128GB,https://www.bing.com/images/search?q=Apple+iPhone+14+128GB
17,SMARTPHONES,Apple,iPhone 13 128GB,https://www.google.com/search?tbm=isch&q=Apple+iPhone+13+128GB,https://www.bing.com/images/search?q=Apple+iPhone+13+128GB
18,SMARTPHONES,Apple,iPhone SE (3rd Gen) 64GB,https://www.google.com/search?tbm=isch&q=Apple+iPhone+SE+%283rd+Gen%29+64GB,https://www.bing.com/images/search?q=Apple+iPhone+SE+%283rd+Gen%29+64GB
19,SMARTPHONES,CMF by Nothing,CMF Phone 1 (6GB/128GB),https://www.google.com/search?tbm=isch&q=CMF+by+Nothing+CMF+Phone+1+%286GB%2F128GB%29,https://www.bing.com/images/search?q=CMF+by+Nothing+CMF+Phone+1+%286GB%2F128GB%29
20,SMARTPHONES,Google,Pixel 9 Pro XL (16GB/128GB),https://www.google.com/search?tbm=isch&q=Google+Pixel+9+Pro+XL+%2816GB%2F128GB%29,https://www.bing.com/images/search?q=Google+Pixel+9+Pro+XL+%2816GB%2F128GB%29
21,SMARTPHONES,Google,Pixel 9 Pro XL (16GB/256GB),https://www.google.com/search?tbm=isch&q=Google+Pixel+9+Pro+XL+%2816GB%2F256GB%29,https://www.bing.com/images/search?q=Google+Pixel+9+Pro+XL+%2816GB%2F256GB%29
22,SMARTPHONES,Google,Pixel 9 Pro (16GB/128GB),https://www.google.com/search?tbm=isch&q=Google+Pixel+9+Pro+%2816GB%2F128GB%29,https://www.bing.com/images/search?q=Google+Pixel+9+Pro+%2816GB%2F128GB%29
23,SMARTPHONES,Google,Pixel 9 (12GB/128GB),https://www.google.com/search?tbm=isch&q=Google+Pixel+9+%2812GB%2F128GB%29,https://www.bing.com/images/search?q=Google+Pixel+9+%2812GB%2F128GB%29
24,SMARTPHONES,Google,Pixel 8 Pro (12GB/128GB),https://www.google.com/search?tbm=isch&q=Google+Pixel+8+Pro+%2812GB%2F128GB%29,https://www.bing.com/images/search?q=Google+Pixel+8+Pro+%2812GB%2F128GB%29
25,SMARTPHONES,Google,Pixel 8 (8GB/128GB),https://www.google.com/search?tbm=isch&q=Google+Pixel+8+%288GB%2F128GB%29,https://www.bing.com/images/search?q=Google+Pixel+8+%288GB%2F128GB%29
26,SMARTPHONES,Google,Pixel 8a (8GB/128GB),https://www.google.com/search?tbm=isch&q=Google+Pixel+8a+%288GB%2F128GB%29,https://www.bing.com/images/search?q=Google+Pixel+8a+%288GB%2F128GB%29
27,SMARTPHONES,Google,Pixel 7a (8GB/128GB),https://www.google.com/search?tbm=isch&q=Google+Pixel+7a+%288GB%2F128GB%29,https://www.bing.com/images/search?q=Google+Pixel+7a+%288GB%2F128GB%29
28,SMARTPHONES,iQOO,iQOO 12 5G (12GB/256GB),https://www.google.com/search?tbm=isch&q=iQOO+iQOO+12+5G+%2812GB%2F256GB%29,https://www.bing.com/images/search?q=iQOO+iQOO+12+5G+%2812GB%2F256GB%29
29,SMARTPHONES,iQOO,iQOO 12 5G (16GB/512GB),https://www.google.com/search?tbm=isch&q=iQOO+iQOO+12+5G+%2816GB%2F512GB%29,https://www.bing.com/images/search?q=iQOO+iQOO+12+5G+%2816GB%2F512GB%29
30,SMARTPHONES,iQOO,iQOO Neo 9 Pro 5G (8GB/128GB),https://www.google.com/search?tbm=isch&q=iQOO+iQOO+Neo+9+Pro+5G+%288GB%2F128GB%29,https://www.bing.com/images/search?q=iQOO+iQOO+Neo+9+Pro+5G+%288GB%2F128GB%29
31,SMARTPHONES,iQOO,iQOO Neo 9 Pro 5G (12GB/256GB),https://www.google.com/search?tbm=isch&q=iQOO+iQOO+Neo+9+Pro+5G+%2812GB%2F256GB%29,https://www.bing.com/images/search?q=iQOO+iQOO+Neo+9+Pro+5G+%2812GB%2F256GB%29
32,SMARTPHONES,iQOO,iQOO Z9 5G (8GB/128GB),https://www.google.com/search?tbm=isch&q=iQOO+iQOO+Z9+5G+%288GB%2F128GB%29,https://www.bing.com/images/search?q=iQOO+iQOO+Z9+5G+%288GB%2F128GB%29
33,SMARTPHONES,Motorola,Edge 50 Ultra 5G (16GB/512GB),https://www.google.com/search?tbm=isch&q=Motorola+Edge+50+Ultra+5G+%2816GB%2F512GB%29,https://www.bing.com/images/search?q=Motorola+Edge+50+Ultra+5G+%2816GB%2F512GB%29
34,SMARTPHONES,Motorola,Edge 50 Pro 5G (12GB/256GB),https://www.google.com/search?tbm=isch&q=Motorola+Edge+50+Pro+5G+%2812GB%2F256GB%29,https://www.bing.com/images/search?q=Motorola+Edge+50+Pro+5G+%2812GB%2F256GB%29
35,SMARTPHONES,Motorola,Edge 50 Fusion 5G (8GB/128GB),https://www.google.com/search?tbm=isch&q=Motorola+Edge+50+Fusion+5G+%288GB%2F128GB%29,https://www.bing.com/images/search?q=Motorola+Edge+50+Fusion+5G+%288GB%2F128GB%29
36,SMARTPHONES,Motorola,Edge 50 Fusion 5G (12GB/256GB),https://www.google.com/search?tbm=isch&q=Motorola+Edge+50+Fusion+5G+%2812GB%2F256GB%29,https://www.bing.com/images/search?q=Motorola+Edge+50+Fusion+5G+%2812GB%2F256GB%29
37,SMARTPHONES,Motorola,Razr 50 Ultra 5G (12GB/512GB),https://www.google.com/search?tbm=isch&q=Motorola+Razr+50+Ultra+5G+%2812GB%2F512GB%29,https://www.bing.com/images/search?q=Motorola+Razr+50+Ultra+5G+%2812GB%2F512GB%29
38,SMARTPHONES,Motorola,Moto G85 5G (8GB/128GB),https://www.google.com/search?tbm=isch&q=Motorola+Moto+G85+5G+%288GB%2F128GB%29,https://www.bing.com/images/search?q=Motorola+Moto+G85+5G+%288GB%2F128GB%29
39,SMARTPHONES,Motorola,Moto G85 5G (12GB/256GB),https://www.google.com/search?tbm=isch&q=Motorola+Moto+G85+5G+%2812GB%2F256GB%29,https://www.bing.com/images/search?q=Motorola+Moto+G85+5G+%2812GB%2F256GB%29
40,SMARTPHONES,Motorola,Moto G64 5G (8GB/128GB),https://www.google.com/search?tbm=isch&q=Motorola+Moto+G64+5G+%288GB%2F128GB%29,https://www.bing.com/images/search?q=Motorola+Moto+G64+5G+%288GB%2F128GB%29
41,SMARTPHONES,Motorola,Moto G45 5G (8GB/128GB),https://www.google.com/search?tbm=isch&q=Motorola+Moto+G45+5G+%288GB%2F128GB%29,https://www.bing.com/images/search?q=Motorola+Moto+G45+5G+%288GB%2F128GB%29
42,SMARTPHONES,Nothing,Nothing Phone (2) (12GB/256GB),https://www.google.com/search?tbm=isch&q=Nothing+Nothing+Phone+%282%29+%2812GB%2F256GB%29,https://www.bing.com/images/search?q=Nothing+Nothing+Phone+%282%29+%2812GB%2F256GB%29
43,SMARTPHONES,Nothing,Nothing Phone (2) (12GB/512GB),https://www.google.com/search?tbm=isch&q=Nothing+Nothing+Phone+%282%29+%2812GB%2F512GB%29,https://www.bing.com/images/search?q=Nothing+Nothing+Phone+%282%29+%2812GB%2F512GB%29
44,SMARTPHONES,Nothing,Nothing Phone (2a) (8GB/128GB),https://www.google.com/search?tbm=isch&q=Nothing+Nothing+Phone+%282a%29+%288GB%2F128GB%29,https://www.bing.com/images/search?q=Nothing+Nothing+Phone+%282a%29+%288GB%2F128GB%29
45,SMARTPHONES,Nothing,Nothing Phone (2a) (8GB/256GB),https://www.google.com/search?tbm=isch&q=Nothing+Nothing+Phone+%282a%29+%288GB%2F256GB%29,https://www.bing.com/images/search?q=Nothing+Nothing+Phone+%282a%29+%288GB%2F256GB%29
46,SMARTPHONES,Nothing,Nothing Phone (2a) Plus (8GB/256GB),https://www.google.com/search?tbm=isch&q=Nothing+Nothing+Phone+%282a%29+Plus+%288GB%2F256GB%29,https://www.bing.com/images/search?q=Nothing+Nothing+Phone+%282a%29+Plus+%288GB%2F256GB%29
47,SMARTPHONES,OnePlus,OnePlus 12 5G (12GB/256GB),https://www.google.com/search?tbm=isch&q=OnePlus+OnePlus+12+5G+%2812GB%2F256GB%29,https://www.bing.com/images/search?q=OnePlus+OnePlus+12+5G+%2812GB%2F256GB%29
48,SMARTPHONES,OnePlus,OnePlus 12 5G (16GB/512GB),https://www.google.com/search?tbm=isch&q=OnePlus+OnePlus+12+5G+%2816GB%2F512GB%29,https://www.bing.com/images/search?q=OnePlus+OnePlus+12+5G+%2816GB%2F512GB%29
49,SMARTPHONES,OnePlus,OnePlus Open 5G (16GB/512GB),https://www.google.com/search?tbm=isch&q=OnePlus+OnePlus+Open+5G+%2816GB%2F512GB%29,https://www.bing.com/images/search?q=OnePlus+OnePlus+Open+5G+%2816GB%2F512GB%29
50,SMARTPHONES,OnePlus,OnePlus 12R 5G (8GB/128GB),https://www.google.com/search?tbm=isch&q=OnePlus+OnePlus+12R+5G+%288GB%2F128GB%29,https://www.bing.com/images/search?q=OnePlus+OnePlus+12R+5G+%288GB%2F128GB%29
51,SMARTPHONES,OnePlus,OnePlus 12R 5G (16GB/256GB),https://www.google.com/search?tbm=isch&q=OnePlus+OnePlus+12R+5G+%2816GB%2F256GB%29,https://www.bing.com/images/search?q=OnePlus+OnePlus+12R+5G+%2816GB%2F256GB%29
52,SMARTPHONES,OnePlus,OnePlus 11 5G (16GB/256GB),https://www.google.com/search?tbm=isch&q=OnePlus+OnePlus+11+5G+%2816GB%2F256GB%29,https://www.bing.com/images/search?q=OnePlus+OnePlus+11+5G+%2816GB%2F256GB%29
53,SMARTPHONES,OnePlus,OnePlus Nord 4 5G (8GB/128GB),https://www.google.com/search?tbm=isch&q=OnePlus+OnePlus+Nord+4+5G+%288GB%2F128GB%29,https://www.bing.com/images/search?q=OnePlus+OnePlus+Nord+4+5G+%288GB%2F128GB%29
54,SMARTPHONES,OnePlus,OnePlus Nord 4 5G (12GB/256GB),https://www.google.com/search?tbm=isch&q=OnePlus+OnePlus+Nord+4+5G+%2812GB%2F256GB%29,https://www.bing.com/images/search?q=OnePlus+OnePlus+Nord+4+5G+%2812GB%2F256GB%29
55,SMARTPHONES,OnePlus,OnePlus Nord CE 4 5G (8GB/128GB),https://www.google.com/search?tbm=isch&q=OnePlus+OnePlus+Nord+CE+4+5G+%288GB%2F128GB%29,https://www.bing.com/images/search?q=OnePlus+OnePlus+Nord+CE+4+5G+%288GB%2F128GB%29
56,SMARTPHONES,OnePlus,OnePlus Nord CE 4 5G (8GB/256GB),https://www.google.com/search?tbm=isch&q=OnePlus+OnePlus+Nord+CE+4+5G+%288GB%2F256GB%29,https://www.bing.com/images/search?q=OnePlus+OnePlus+Nord+CE+4+5G+%288GB%2F256GB%29
57,SMARTPHONES,OnePlus,OnePlus Nord CE 4 Lite 5G (8GB/128GB),https://www.google.com/search?tbm=isch&q=OnePlus+OnePlus+Nord+CE+4+Lite+5G+%288GB%2F128GB%29,https://www.bing.com/images/search?q=OnePlus+OnePlus+Nord+CE+4+Lite+5G+%288GB%2F128GB%29
58,SMARTPHONES,OnePlus,OnePlus 10 Pro 5G (12GB/256GB),https://www.google.com/search?tbm=isch&q=OnePlus+OnePlus+10+Pro+5G+%2812GB%2F256GB%29,https://www.bing.com/images/search?q=OnePlus+OnePlus+10+Pro+5G+%2812GB%2F256GB%29
59,SMARTPHONES,Realme,Realme GT 6 5G (8GB/256GB),https://www.google.com/search?tbm=isch&q=Realme+Realme+GT+6+5G+%288GB%2F256GB%29,https://www.bing.com/images/search?q=Realme+Realme+GT+6+5G+%288GB%2F256GB%29
60,SMARTPHONES,Realme,Realme GT 6 5G (16GB/512GB),https://www.google.com/search?tbm=isch&q=Realme+Realme+GT+6+5G+%2816GB%2F512GB%29,https://www.bing.com/images/search?q=Realme+Realme+GT+6+5G+%2816GB%2F512GB%29
61,SMARTPHONES,Realme,Realme GT 6T 5G (8GB/128GB),https://www.google.com/search?tbm=isch&q=Realme+Realme+GT+6T+5G+%288GB%2F128GB%29,https://www.bing.com/images/search?q=Realme+Realme+GT+6T+5G+%288GB%2F128GB%29
62,SMARTPHONES,Realme,Realme 12 Pro+ 5G (8GB/128GB),https://www.google.com/search?tbm=isch&q=Realme+Realme+12+Pro%2B+5G+%288GB%2F128GB%29,https://www.bing.com/images/search?q=Realme+Realme+12+Pro%2B+5G+%288GB%2F128GB%29
63,SMARTPHONES,Realme,Realme 12 Pro+ 5G (12GB/256GB),https://www.google.com/search?tbm=isch&q=Realme+Realme+12+Pro%2B+5G+%2812GB%2F256GB%29,https://www.bing.com/images/search?q=Realme+Realme+12+Pro%2B+5G+%2812GB%2F256GB%29
64,SMARTPHONES,Realme,Realme 12 Pro 5G (8GB/128GB),https://www.google.com/search?tbm=isch&q=Realme+Realme+12+Pro+5G+%288GB%2F128GB%29,https://www.bing.com/images/search?q=Realme+Realme+12+Pro+5G+%288GB%2F128GB%29
65,SMARTPHONES,Realme,Realme 13 Pro+ 5G (8GB/256GB),https://www.google.com/search?tbm=isch&q=Realme+Realme+13+Pro%2B+5G+%288GB%2F256GB%29,https://www.bing.com/images/search?q=Realme+Realme+13+Pro%2B+5G+%288GB%2F256GB%29
66,SMARTPHONES,Realme,Realme Narzo 70 Pro 5G (8GB/128GB),https://www.google.com/search?tbm=isch&q=Realme+Realme+Narzo+70+Pro+5G+%288GB%2F128GB%29,https://www.bing.com/images/search?q=Realme+Realme+Narzo+70+Pro+5G+%288GB%2F128GB%29
67,SMARTPHONES,Realme,Realme Narzo 70x 5G (6GB/128GB),https://www.google.com/search?tbm=isch&q=Realme+Realme+Narzo+70x+5G+%286GB%2F128GB%29,https://www.bing.com/images/search?q=Realme+Realme+Narzo+70x+5G+%286GB%2F128GB%29
68,SMARTPHONES,Realme,Realme C65 5G (6GB/128GB),https://www.google.com/search?tbm=isch&q=Realme+Realme+C65+5G+%286GB%2F128GB%29,https://www.bing.com/images/search?q=Realme+Realme+C65+5G+%286GB%2F128GB%29
69,SMARTPHONES,Samsung,Galaxy S24 Ultra 5G (12GB/256GB),https://www.google.com/search?tbm=isch&q=Samsung+Galaxy+S24+Ultra+5G+%2812GB%2F256GB%29,https://www.bing.com/images/search?q=Samsung+Galaxy+S24+Ultra+5G+%2812GB%2F256GB%29
70,SMARTPHONES,Samsung,Galaxy S24 Ultra 5G (12GB/512GB),https://www.google.com/search?tbm=isch&q=Samsung+Galaxy+S24+Ultra+5G+%2812GB%2F512GB%29,https://www.bing.com/images/search?q=Samsung+Galaxy+S24+Ultra+5G+%2812GB%2F512GB%29
71,SMARTPHONES,Samsung,Galaxy S24 Ultra 5G (12GB/1TB),https://www.google.com/search?tbm=isch&q=Samsung+Galaxy+S24+Ultra+5G+%2812GB%2F1TB%29,https://www.bing.com/images/search?q=Samsung+Galaxy+S24+Ultra+5G+%2812GB%2F1TB%29
72,SMARTPHONES,Samsung,Galaxy S24+ 5G (12GB/256GB),https://www.google.com/search?tbm=isch&q=Samsung+Galaxy+S24%2B+5G+%2812GB%2F256GB%29,https://www.bing.com/images/search?q=Samsung+Galaxy+S24%2B+5G+%2812GB%2F256GB%29
73,SMARTPHONES,Samsung,Galaxy S24 5G (8GB/128GB),https://www.google.com/search?tbm=isch&q=Samsung+Galaxy+S24+5G+%288GB%2F128GB%29,https://www.bing.com/images/search?q=Samsung+Galaxy+S24+5G+%288GB%2F128GB%29
74,SMARTPHONES,Samsung,Galaxy S24 5G (8GB/256GB),https://www.google.com/search?tbm=isch&q=Samsung+Galaxy+S24+5G+%288GB%2F256GB%29,https://www.bing.com/images/search?q=Samsung+Galaxy+S24+5G+%288GB%2F256GB%29
75,SMARTPHONES,Samsung,Galaxy Z Fold 6 5G (12GB/256GB),https://www.google.com/search?tbm=isch&q=Samsung+Galaxy+Z+Fold+6+5G+%2812GB%2F256GB%29,https://www.bing.com/images/search?q=Samsung+Galaxy+Z+Fold+6+5G+%2812GB%2F256GB%29
76,SMARTPHONES,Samsung,Galaxy Z Fold 6 5G (12GB/512GB),https://www.google.com/search?tbm=isch&q=Samsung+Galaxy+Z+Fold+6+5G+%2812GB%2F512GB%29,https://www.bing.com/images/search?q=Samsung+Galaxy+Z+Fold+6+5G+%2812GB%2F512GB%29
77,SMARTPHONES,Samsung,Galaxy Z Flip 6 5G (12GB/256GB),https://www.google.com/search?tbm=isch&q=Samsung+Galaxy+Z+Flip+6+5G+%2812GB%2F256GB%29,https://www.bing.com/images/search?q=Samsung+Galaxy+Z+Flip+6+5G+%2812GB%2F256GB%29
78,SMARTPHONES,Samsung,Galaxy S23 Ultra 5G (12GB/256GB),https://www.google.com/search?tbm=isch&q=Samsung+Galaxy+S23+Ultra+5G+%2812GB%2F256GB%29,https://www.bing.com/images/search?q=Samsung+Galaxy+S23+Ultra+5G+%2812GB%2F256GB%29
79,SMARTPHONES,Samsung,Galaxy S23 FE 5G (8GB/128GB),https://www.google.com/search?tbm=isch&q=Samsung+Galaxy+S23+FE+5G+%288GB%2F128GB%29,https://www.bing.com/images/search?q=Samsung+Galaxy+S23+FE+5G+%288GB%2F128GB%29
80,SMARTPHONES,Samsung,Galaxy A55 5G (8GB/128GB),https://www.google.com/search?tbm=isch&q=Samsung+Galaxy+A55+5G+%288GB%2F128GB%29,https://www.bing.com/images/search?q=Samsung+Galaxy+A55+5G+%288GB%2F128GB%29
81,SMARTPHONES,Samsung,Galaxy A55 5G (12GB/256GB),https://www.google.com/search?tbm=isch&q=Samsung+Galaxy+A55+5G+%2812GB%2F256GB%29,https://www.bing.com/images/search?q=Samsung+Galaxy+A55+5G+%2812GB%2F256GB%29
82,SMARTPHONES,Samsung,Galaxy A35 5G (8GB/128GB),https://www.google.com/search?tbm=isch&q=Samsung+Galaxy+A35+5G+%288GB%2F128GB%29,https://www.bing.com/images/search?q=Samsung+Galaxy+A35+5G+%288GB%2F128GB%29
83,SMARTPHONES,Samsung,Galaxy M55 5G (8GB/128GB),https://www.google.com/search?tbm=isch&q=Samsung+Galaxy+M55+5G+%288GB%2F128GB%29,https://www.bing.com/images/search?q=Samsung+Galaxy+M55+5G+%288GB%2F128GB%29
84,SMARTPHONES,Samsung,Galaxy M35 5G (6GB/128GB),https://www.google.com/search?tbm=isch&q=Samsung+Galaxy+M35+5G+%286GB%2F128GB%29,https://www.bing.com/images/search?q=Samsung+Galaxy+M35+5G+%286GB%2F128GB%29
85,SMARTPHONES,Samsung,Galaxy M15 5G (6GB/128GB),https://www.google.com/search?tbm=isch&q=Samsung+Galaxy+M15+5G+%286GB%2F128GB%29,https://www.bing.com/images/search?q=Samsung+Galaxy+M15+5G+%286GB%2F128GB%29
86,SMARTPHONES,Samsung,Galaxy F55 5G (8GB/256GB),https://www.google.com/search?tbm=isch&q=Samsung+Galaxy+F55+5G+%288GB%2F256GB%29,https://www.bing.com/images/search?q=Samsung+Galaxy+F55+5G+%288GB%2F256GB%29
87,SMARTPHONES,Samsung,Galaxy F15 5G (6GB/128GB),https://www.google.com/search?tbm=isch&q=Samsung+Galaxy+F15+5G+%286GB%2F128GB%29,https://www.bing.com/images/search?q=Samsung+Galaxy+F15+5G+%286GB%2F128GB%29
88,SMARTPHONES,Samsung,Galaxy A15 5G (8GB/128GB),https://www.google.com/search?tbm=isch&q=Samsung+Galaxy+A15+5G+%288GB%2F128GB%29,https://www.bing.com/images/search?q=Samsung+Galaxy+A15+5G+%288GB%2F128GB%29
89,SMARTPHONES,Vivo,Vivo X100 Pro 5G (16GB/512GB),https://www.google.com/search?tbm=isch&q=Vivo+Vivo+X100+Pro+5G+%2816GB%2F512GB%29,https://www.bing.com/images/search?q=Vivo+Vivo+X100+Pro+5G+%2816GB%2F512GB%29
90,SMARTPHONES,Vivo,Vivo X100 5G (12GB/256GB),https://www.google.com/search?tbm=isch&q=Vivo+Vivo+X100+5G+%2812GB%2F256GB%29,https://www.bing.com/images/search?q=Vivo+Vivo+X100+5G+%2812GB%2F256GB%29
91,SMARTPHONES,Vivo,Vivo V30 Pro 5G (12GB/512GB),https://www.google.com/search?tbm=isch&q=Vivo+Vivo+V30+Pro+5G+%2812GB%2F512GB%29,https://www.bing.com/images/search?q=Vivo+Vivo+V30+Pro+5G+%2812GB%2F512GB%29
92,SMARTPHONES,Vivo,Vivo V40 Pro 5G (8GB/256GB),https://www.google.com/search?tbm=isch&q=Vivo+Vivo+V40+Pro+5G+%288GB%2F256GB%29,https://www.bing.com/images/search?q=Vivo+Vivo+V40+Pro+5G+%288GB%2F256GB%29
93,SMARTPHONES,Vivo,Vivo T3 5G (8GB/128GB),https://www.google.com/search?tbm=isch&q=Vivo+Vivo+T3+5G+%288GB%2F128GB%29,https://www.bing.com/images/search?q=Vivo+Vivo+T3+5G+%288GB%2F128GB%29
94,SMARTPHONES,Xiaomi,Xiaomi 14 Ultra 5G (16GB/512GB),https://www.google.com/search?tbm=isch&q=Xiaomi+Xiaomi+14+Ultra+5G+%2816GB%2F512GB%29,https://www.bing.com/images/search?q=Xiaomi+Xiaomi+14+Ultra+5G+%2816GB%2F512GB%29
95,SMARTPHONES,Xiaomi,Xiaomi 14 5G (12GB/512GB),https://www.google.com/search?tbm=isch&q=Xiaomi+Xiaomi+14+5G+%2812GB%2F512GB%29,https://www.bing.com/images/search?q=Xiaomi+Xiaomi+14+5G+%2812GB%2F512GB%29
96,SMARTPHONES,Xiaomi,Xiaomi 13 Pro 5G (12GB/256GB),https://www.google.com/search?tbm=isch&q=Xiaomi+Xiaomi+13+Pro+5G+%2812GB%2F256GB%29,https://www.bing.com/images/search?q=Xiaomi+Xiaomi+13+Pro+5G+%2812GB%2F256GB%29
97,SMARTPHONES,Xiaomi,Redmi Note 13 Pro+ 5G (12GB/512GB),https://www.google.com/search?tbm=isch&q=Xiaomi+Redmi+Note+13+Pro%2B+5G+%2812GB%2F512GB%29,https://www.bing.com/images/search?q=Xiaomi+Redmi+Note+13+Pro%2B+5G+%2812GB%2F512GB%29
98,SMARTPHONES,Xiaomi,Redmi Note 13 Pro+ 5G (8GB/256GB),https://www.google.com/search?tbm=isch&q=Xiaomi+Redmi+Note+13+Pro%2B+5G+%288GB%2F256GB%29,https://www.bing.com/images/search?q=Xiaomi+Redmi+Note+13+Pro%2B+5G+%288GB%2F256GB%29
99,SMARTPHONES,Xiaomi,Redmi Note 13 Pro 5G (8GB/128GB),https://www.google.com/search?tbm=isch&q=Xiaomi+Redmi+Note+13+Pro+5G+%288GB%2F128GB%29,https://www.bing.com/images/search?q=Xiaomi+Redmi+Note+13+Pro+5G+%288GB%2F128GB%29
100,SMARTPHONES,Xiaomi,Redmi Note 13 5G (6GB/128GB),https://www.google.com/search?tbm=isch&q=Xiaomi+Redmi+Note+13+5G+%286GB%2F128GB%29,https://www.bing.com/images/search?q=Xiaomi+Redmi+Note+13+5G+%286GB%2F128GB%29
101,SMARTPHONES,Xiaomi,Redmi 13C 5G (4GB/128GB),https://www.google.com/search?tbm=isch&q=Xiaomi+Redmi+13C+5G+%284GB%2F128GB%29,https://www.bing.com/images/search?q=Xiaomi+Redmi+13C+5G+%284GB%2F128GB%29
102,SMARTPHONES,Xiaomi,Redmi 13C 5G (8GB/256GB),https://www.google.com/search?tbm=isch&q=Xiaomi+Redmi+13C+5G+%288GB%2F256GB%29,https://www.bing.com/images/search?q=Xiaomi+Redmi+13C+5G+%288GB%2F256GB%29
103,SMARTPHONES,Xiaomi,Redmi 12 5G (6GB/128GB),https://www.google.com/search?tbm=isch&q=Xiaomi+Redmi+12+5G+%286GB%2F128GB%29,https://www.bing.com/images/search?q=Xiaomi+Redmi+12+5G+%286GB%2F128GB%29
104,SMARTPHONES,Xiaomi,Xiaomi 14 Civi (8GB/256GB),https://www.google.com/search?tbm=isch&q=Xiaomi+Xiaomi+14+Civi+%288GB%2F256GB%29,https://www.bing.com/images/search?q=Xiaomi+Xiaomi+14+Civi+%288GB%2F256GB%29
105,SMARTPHONES,Xiaomi,Xiaomi 14 Civi (12GB/512GB),https://www.google.com/search?tbm=isch&q=Xiaomi+Xiaomi+14+Civi+%2812GB%2F512GB%29,https://www.bing.com/images/search?q=Xiaomi+Xiaomi+14+Civi+%2812GB%2F512GB%29
106,LAPTOPS,Acer,"Predator Helios 16 (Intel Core i9 14900HX, RTX 4080 12GB, 32GB RAM, 1TB SSD)",https://www.google.com/search?tbm=isch&q=Acer+Predator+Helios+16+%28Intel+Core+i9+14900HX%2C+RTX+4080+12GB%2C+32GB+RAM%2C+1TB+SSD%29,https://www.bing.com/images/search?q=Acer+Predator+Helios+16+%28Intel+Core+i9+14900HX%2C+RTX+4080+12GB%2C+32GB+RAM%2C+1TB+SSD%29
107,LAPTOPS,Acer,"Nitro 16 (AMD Ryzen 7 7840HS, RTX 4060 8GB, 16GB RAM, 512GB SSD)",https://www.google.com/search?tbm=isch&q=Acer+Nitro+16+%28AMD+Ryzen+7+7840HS%2C+RTX+4060+8GB%2C+16GB+RAM%2C+512GB+SSD%29,https://www.bing.com/images/search?q=Acer+Nitro+16+%28AMD+Ryzen+7+7840HS%2C+RTX+4060+8GB%2C+16GB+RAM%2C+512GB+SSD%29
108,LAPTOPS,Acer,"Nitro V 15 (Intel Core i5 13420H, RTX 4050 6GB, 16GB RAM, 512GB SSD)",https://www.google.com/search?tbm=isch&q=Acer+Nitro+V+15+%28Intel+Core+i5+13420H%2C+RTX+4050+6GB%2C+16GB+RAM%2C+512GB+SSD%29,https://www.bing.com/images/search?q=Acer+Nitro+V+15+%28Intel+Core+i5+13420H%2C+RTX+4050+6GB%2C+16GB+RAM%2C+512GB+SSD%29
109,LAPTOPS,Acer,"Swift Go 14 (Intel Core Ultra 5 125H, 16GB RAM, 512GB SSD)",https://www.google.com/search?tbm=isch&q=Acer+Swift+Go+14+%28Intel+Core+Ultra+5+125H%2C+16GB+RAM%2C+512GB+SSD%29,https://www.bing.com/images/search?q=Acer+Swift+Go+14+%28Intel+Core+Ultra+5+125H%2C+16GB+RAM%2C+512GB+SSD%29
110,LAPTOPS,Apple,"MacBook Pro 16 M3 Max (36GB RAM, 1TB SSD)",https://www.google.com/search?tbm=isch&q=Apple+MacBook+Pro+16+M3+Max+%2836GB+RAM%2C+1TB+SSD%29,https://www.bing.com/images/search?q=Apple+MacBook+Pro+16+M3+Max+%2836GB+RAM%2C+1TB+SSD%29
111,LAPTOPS,Apple,"MacBook Pro 16 M3 Max (48GB RAM, 1TB SSD)",https://www.google.com/search?tbm=isch&q=Apple+MacBook+Pro+16+M3+Max+%2848GB+RAM%2C+1TB+SSD%29,https://www.bing.com/images/search?q=Apple+MacBook+Pro+16+M3+Max+%2848GB+RAM%2C+1TB+SSD%29
112,LAPTOPS,Apple,"MacBook Pro 16 M3 Pro (18GB RAM, 512GB SSD)",https://www.google.com/search?tbm=isch&q=Apple+MacBook+Pro+16+M3+Pro+%2818GB+RAM%2C+512GB+SSD%29,https://www.bing.com/images/search?q=Apple+MacBook+Pro+16+M3+Pro+%2818GB+RAM%2C+512GB+SSD%29
113,LAPTOPS,Apple,"MacBook Pro 16 M3 Pro (36GB RAM, 512GB SSD)",https://www.google.com/search?tbm=isch&q=Apple+MacBook+Pro+16+M3+Pro+%2836GB+RAM%2C+512GB+SSD%29,https://www.bing.com/images/search?q=Apple+MacBook+Pro+16+M3+Pro+%2836GB+RAM%2C+512GB+SSD%29
114,LAPTOPS,Apple,"MacBook Pro 14 M3 Pro (18GB RAM, 512GB SSD)",https://www.google.com/search?tbm=isch&q=Apple+MacBook+Pro+14+M3+Pro+%2818GB+RAM%2C+512GB+SSD%29,https://www.bing.com/images/search?q=Apple+MacBook+Pro+14+M3+Pro+%2818GB+RAM%2C+512GB+SSD%29
115,LAPTOPS,Apple,"MacBook Pro 14 M3 Pro (18GB RAM, 1TB SSD)",https://www.google.com/search?tbm=isch&q=Apple+MacBook+Pro+14+M3+Pro+%2818GB+RAM%2C+1TB+SSD%29,https://www.bing.com/images/search?q=Apple+MacBook+Pro+14+M3+Pro+%2818GB+RAM%2C+1TB+SSD%29
116,LAPTOPS,Apple,"MacBook Pro 14 M3 Max (36GB RAM, 1TB SSD)",https://www.google.com/search?tbm=isch&q=Apple+MacBook+Pro+14+M3+Max+%2836GB+RAM%2C+1TB+SSD%29,https://www.bing.com/images/search?q=Apple+MacBook+Pro+14+M3+Max+%2836GB+RAM%2C+1TB+SSD%29
117,LAPTOPS,Apple,"MacBook Pro 14 M3 (8GB RAM, 512GB SSD)",https://www.google.com/search?tbm=isch&q=Apple+MacBook+Pro+14+M3+%288GB+RAM%2C+512GB+SSD%29,https://www.bing.com/images/search?q=Apple+MacBook+Pro+14+M3+%288GB+RAM%2C+512GB+SSD%29
118,LAPTOPS,Apple,"MacBook Pro 14 M3 (16GB RAM, 512GB SSD)",https://www.google.com/search?tbm=isch&q=Apple+MacBook+Pro+14+M3+%2816GB+RAM%2C+512GB+SSD%29,https://www.bing.com/images/search?q=Apple+MacBook+Pro+14+M3+%2816GB+RAM%2C+512GB+SSD%29
119,LAPTOPS,Apple,"MacBook Air 15 M3 (8GB RAM, 256GB SSD)",https://www.google.com/search?tbm=isch&q=Apple+MacBook+Air+15+M3+%288GB+RAM%2C+256GB+SSD%29,https://www.bing.com/images/search?q=Apple+MacBook+Air+15+M3+%288GB+RAM%2C+256GB+SSD%29
120,LAPTOPS,Apple,"MacBook Air 15 M3 (16GB RAM, 512GB SSD)",https://www.google.com/search?tbm=isch&q=Apple+MacBook+Air+15+M3+%2816GB+RAM%2C+512GB+SSD%29,https://www.bing.com/images/search?q=Apple+MacBook+Air+15+M3+%2816GB+RAM%2C+512GB+SSD%29
121,LAPTOPS,Apple,"MacBook Air 13 M3 (8GB RAM, 256GB SSD)",https://www.google.com/search?tbm=isch&q=Apple+MacBook+Air+13+M3+%288GB+RAM%2C+256GB+SSD%29,https://www.bing.com/images/search?q=Apple+MacBook+Air+13+M3+%288GB+RAM%2C+256GB+SSD%29
122,LAPTOPS,Apple,"MacBook Air 13 M3 (16GB RAM, 512GB SSD)",https://www.google.com/search?tbm=isch&q=Apple+MacBook+Air+13+M3+%2816GB+RAM%2C+512GB+SSD%29,https://www.bing.com/images/search?q=Apple+MacBook+Air+13+M3+%2816GB+RAM%2C+512GB+SSD%29
123,LAPTOPS,Apple,"MacBook Air 13 M2 (8GB RAM, 256GB SSD)",https://www.google.com/search?tbm=isch&q=Apple+MacBook+Air+13+M2+%288GB+RAM%2C+256GB+SSD%29,https://www.bing.com/images/search?q=Apple+MacBook+Air+13+M2+%288GB+RAM%2C+256GB+SSD%29
124,LAPTOPS,Apple,"MacBook Air 13 M2 (16GB RAM, 256GB SSD)",https://www.google.com/search?tbm=isch&q=Apple+MacBook+Air+13+M2+%2816GB+RAM%2C+256GB+SSD%29,https://www.bing.com/images/search?q=Apple+MacBook+Air+13+M2+%2816GB+RAM%2C+256GB+SSD%29
125,LAPTOPS,Apple,"MacBook Air 13 M1 (8GB RAM, 256GB SSD)",https://www.google.com/search?tbm=isch&q=Apple+MacBook+Air+13+M1+%288GB+RAM%2C+256GB+SSD%29,https://www.bing.com/images/search?q=Apple+MacBook+Air+13+M1+%288GB+RAM%2C+256GB+SSD%29
126,LAPTOPS,Apple,MacBook Pro 16 M3 Max (16GB RAM / 512GB SSD Upgrade),https://www.google.com/search?tbm=isch&q=Apple+MacBook+Pro+16+M3+Max+%2816GB+RAM+%2F+512GB+SSD+Upgrade%29,https://www.bing.com/images/search?q=Apple+MacBook+Pro+16+M3+Max+%2816GB+RAM+%2F+512GB+SSD+Upgrade%29
127,LAPTOPS,Apple,MacBook Pro 16 M3 Pro (Creator Edition with Stylus),https://www.google.com/search?tbm=isch&q=Apple+MacBook+Pro+16+M3+Pro+%28Creator+Edition+with+Stylus%29,https://www.bing.com/images/search?q=Apple+MacBook+Pro+16+M3+Pro+%28Creator+Edition+with+Stylus%29
128,LAPTOPS,Apple,MacBook Pro 16 M3 Pro (Pro Workstation Bundle),https://www.google.com/search?tbm=isch&q=Apple+MacBook+Pro+16+M3+Pro+%28Pro+Workstation+Bundle%29,https://www.bing.com/images/search?q=Apple+MacBook+Pro+16+M3+Pro+%28Pro+Workstation+Bundle%29
129,LAPTOPS,Apple,MacBook Pro 14 M3 Pro (OLED Color-calibrated Edition),https://www.google.com/search?tbm=isch&q=Apple+MacBook+Pro+14+M3+Pro+%28OLED+Color-calibrated+Edition%29,https://www.bing.com/images/search?q=Apple+MacBook+Pro+14+M3+Pro+%28OLED+Color-calibrated+Edition%29
130,LAPTOPS,Apple,MacBook Pro 14 M3 Pro (32GB RAM / 1TB SSD Edition),https://www.google.com/search?tbm=isch&q=Apple+MacBook+Pro+14+M3+Pro+%2832GB+RAM+%2F+1TB+SSD+Edition%29,https://www.bing.com/images/search?q=Apple+MacBook+Pro+14+M3+Pro+%2832GB+RAM+%2F+1TB+SSD+Edition%29
131,LAPTOPS,Apple,MacBook Pro 14 M3 Max (16GB RAM / 512GB SSD Upgrade),https://www.google.com/search?tbm=isch&q=Apple+MacBook+Pro+14+M3+Max+%2816GB+RAM+%2F+512GB+SSD+Upgrade%29,https://www.bing.com/images/search?q=Apple+MacBook+Pro+14+M3+Max+%2816GB+RAM+%2F+512GB+SSD+Upgrade%29
132,LAPTOPS,Apple,MacBook Pro 14 M3 (Creator Edition with Stylus),https://www.google.com/search?tbm=isch&q=Apple+MacBook+Pro+14+M3+%28Creator+Edition+with+Stylus%29,https://www.bing.com/images/search?q=Apple+MacBook+Pro+14+M3+%28Creator+Edition+with+Stylus%29
133,LAPTOPS,Apple,MacBook Pro 14 M3 (Pro Workstation Bundle),https://www.google.com/search?tbm=isch&q=Apple+MacBook+Pro+14+M3+%28Pro+Workstation+Bundle%29,https://www.bing.com/images/search?q=Apple+MacBook+Pro+14+M3+%28Pro+Workstation+Bundle%29
134,LAPTOPS,Apple,MacBook Air 15 M3 (OLED Color-calibrated Edition),https://www.google.com/search?tbm=isch&q=Apple+MacBook+Air+15+M3+%28OLED+Color-calibrated+Edition%29,https://www.bing.com/images/search?q=Apple+MacBook+Air+15+M3+%28OLED+Color-calibrated+Edition%29
135,LAPTOPS,Apple,MacBook Air 15 M3 (32GB RAM / 1TB SSD Edition),https://www.google.com/search?tbm=isch&q=Apple+MacBook+Air+15+M3+%2832GB+RAM+%2F+1TB+SSD+Edition%29,https://www.bing.com/images/search?q=Apple+MacBook+Air+15+M3+%2832GB+RAM+%2F+1TB+SSD+Edition%29
136,LAPTOPS,Apple,MacBook Air 13 M3 (16GB RAM / 512GB SSD Upgrade),https://www.google.com/search?tbm=isch&q=Apple+MacBook+Air+13+M3+%2816GB+RAM+%2F+512GB+SSD+Upgrade%29,https://www.bing.com/images/search?q=Apple+MacBook+Air+13+M3+%2816GB+RAM+%2F+512GB+SSD+Upgrade%29
137,LAPTOPS,Apple,MacBook Air 13 M3 (Creator Edition with Stylus),https://www.google.com/search?tbm=isch&q=Apple+MacBook+Air+13+M3+%28Creator+Edition+with+Stylus%29,https://www.bing.com/images/search?q=Apple+MacBook+Air+13+M3+%28Creator+Edition+with+Stylus%29
138,LAPTOPS,Apple,MacBook Air 13 M2 (Pro Workstation Bundle),https://www.google.com/search?tbm=isch&q=Apple+MacBook+Air+13+M2+%28Pro+Workstation+Bundle%29,https://www.bing.com/images/search?q=Apple+MacBook+Air+13+M2+%28Pro+Workstation+Bundle%29
139,LAPTOPS,Apple,MacBook Air 13 M2 (OLED Color-calibrated Edition),https://www.google.com/search?tbm=isch&q=Apple+MacBook+Air+13+M2+%28OLED+Color-calibrated+Edition%29,https://www.bing.com/images/search?q=Apple+MacBook+Air+13+M2+%28OLED+Color-calibrated+Edition%29
140,LAPTOPS,Apple,MacBook Air 13 M1 (32GB RAM / 1TB SSD Edition),https://www.google.com/search?tbm=isch&q=Apple+MacBook+Air+13+M1+%2832GB+RAM+%2F+1TB+SSD+Edition%29,https://www.bing.com/images/search?q=Apple+MacBook+Air+13+M1+%2832GB+RAM+%2F+1TB+SSD+Edition%29
141,LAPTOPS,ASUS,"ROG Zephyrus G16 (Intel Core Ultra 9 185H, RTX 4080 12GB, 32GB RAM, 1TB SSD)",https://www.google.com/search?tbm=isch&q=ASUS+ROG+Zephyrus+G16+%28Intel+Core+Ultra+9+185H%2C+RTX+4080+12GB%2C+32GB+RAM%2C+1TB+SSD%29,https://www.bing.com/images/search?q=ASUS+ROG+Zephyrus+G16+%28Intel+Core+Ultra+9+185H%2C+RTX+4080+12GB%2C+32GB+RAM%2C+1TB+SSD%29
142,LAPTOPS,ASUS,"ROG Zephyrus G14 (AMD Ryzen 9 8945HS, RTX 4070 8GB, 32GB RAM, 1TB SSD)",https://www.google.com/search?tbm=isch&q=ASUS+ROG+Zephyrus+G14+%28AMD+Ryzen+9+8945HS%2C+RTX+4070+8GB%2C+32GB+RAM%2C+1TB+SSD%29,https://www.bing.com/images/search?q=ASUS+ROG+Zephyrus+G14+%28AMD+Ryzen+9+8945HS%2C+RTX+4070+8GB%2C+32GB+RAM%2C+1TB+SSD%29
143,LAPTOPS,ASUS,"ROG Strix SCAR 18 (Intel Core i9 14900HX, RTX 4090 16GB, 32GB RAM, 2TB SSD)",https://www.google.com/search?tbm=isch&q=ASUS+ROG+Strix+SCAR+18+%28Intel+Core+i9+14900HX%2C+RTX+4090+16GB%2C+32GB+RAM%2C+2TB+SSD%29,https://www.bing.com/images/search?q=ASUS+ROG+Strix+SCAR+18+%28Intel+Core+i9+14900HX%2C+RTX+4090+16GB%2C+32GB+RAM%2C+2TB+SSD%29
144,LAPTOPS,ASUS,"ROG Strix G16 (Intel Core i7 13650HX, RTX 4060 8GB, 16GB RAM, 1TB SSD)",https://www.google.com/search?tbm=isch&q=ASUS+ROG+Strix+G16+%28Intel+Core+i7+13650HX%2C+RTX+4060+8GB%2C+16GB+RAM%2C+1TB+SSD%29,https://www.bing.com/images/search?q=ASUS+ROG+Strix+G16+%28Intel+Core+i7+13650HX%2C+RTX+4060+8GB%2C+16GB+RAM%2C+1TB+SSD%29
145,LAPTOPS,ASUS,"TUF Gaming A15 (AMD Ryzen 7 7735HS, RTX 4060 8GB, 16GB RAM, 512GB SSD)",https://www.google.com/search?tbm=isch&q=ASUS+TUF+Gaming+A15+%28AMD+Ryzen+7+7735HS%2C+RTX+4060+8GB%2C+16GB+RAM%2C+512GB+SSD%29,https://www.bing.com/images/search?q=ASUS+TUF+Gaming+A15+%28AMD+Ryzen+7+7735HS%2C+RTX+4060+8GB%2C+16GB+RAM%2C+512GB+SSD%29
146,LAPTOPS,ASUS,"TUF Gaming F15 (Intel Core i7 12700H, RTX 4060 8GB, 16GB RAM, 1TB SSD)",https://www.google.com/search?tbm=isch&q=ASUS+TUF+Gaming+F15+%28Intel+Core+i7+12700H%2C+RTX+4060+8GB%2C+16GB+RAM%2C+1TB+SSD%29,https://www.bing.com/images/search?q=ASUS+TUF+Gaming+F15+%28Intel+Core+i7+12700H%2C+RTX+4060+8GB%2C+16GB+RAM%2C+1TB+SSD%29
147,LAPTOPS,ASUS,"Zenbook 14 OLED (Intel Core Ultra 7 155H, 16GB RAM, 1TB SSD)",https://www.google.com/search?tbm=isch&q=ASUS+Zenbook+14+OLED+%28Intel+Core+Ultra+7+155H%2C+16GB+RAM%2C+1TB+SSD%29,https://www.bing.com/images/search?q=ASUS+Zenbook+14+OLED+%28Intel+Core+Ultra+7+155H%2C+16GB+RAM%2C+1TB+SSD%29
148,LAPTOPS,ASUS,"Zenbook Duo (Intel Core Ultra 9 185H, Dual 14"" 3K 120Hz OLED, 32GB RAM, 1TB SSD)",https://www.google.com/search?tbm=isch&q=ASUS+Zenbook+Duo+%28Intel+Core+Ultra+9+185H%2C+Dual+14%22+3K+120Hz+OLED%2C+32GB+RAM%2C+1TB+SSD%29,https://www.bing.com/images/search?q=ASUS+Zenbook+Duo+%28Intel+Core+Ultra+9+185H%2C+Dual+14%22+3K+120Hz+OLED%2C+32GB+RAM%2C+1TB+SSD%29
149,LAPTOPS,ASUS,"Vivobook S 15 OLED (Snapdragon X Elite, 16GB RAM, 1TB SSD)",https://www.google.com/search?tbm=isch&q=ASUS+Vivobook+S+15+OLED+%28Snapdragon+X+Elite%2C+16GB+RAM%2C+1TB+SSD%29,https://www.bing.com/images/search?q=ASUS+Vivobook+S+15+OLED+%28Snapdragon+X+Elite%2C+16GB+RAM%2C+1TB+SSD%29
150,LAPTOPS,ASUS,"Vivobook 16X (Intel Core i5 12450H, RTX 2050 4GB, 16GB RAM, 512GB SSD)",https://www.google.com/search?tbm=isch&q=ASUS+Vivobook+16X+%28Intel+Core+i5+12450H%2C+RTX+2050+4GB%2C+16GB+RAM%2C+512GB+SSD%29,https://www.bing.com/images/search?q=ASUS+Vivobook+16X+%28Intel+Core+i5+12450H%2C+RTX+2050+4GB%2C+16GB+RAM%2C+512GB+SSD%29
151,LAPTOPS,ASUS,"Vivobook 15 (Intel Core i5 1235U, 16GB RAM, 512GB SSD)",https://www.google.com/search?tbm=isch&q=ASUS+Vivobook+15+%28Intel+Core+i5+1235U%2C+16GB+RAM%2C+512GB+SSD%29,https://www.bing.com/images/search?q=ASUS+Vivobook+15+%28Intel+Core+i5+1235U%2C+16GB+RAM%2C+512GB+SSD%29
152,LAPTOPS,ASUS,"Vivobook Go 15 (AMD Ryzen 5 7520U, 16GB RAM, 512GB SSD)",https://www.google.com/search?tbm=isch&q=ASUS+Vivobook+Go+15+%28AMD+Ryzen+5+7520U%2C+16GB+RAM%2C+512GB+SSD%29,https://www.bing.com/images/search?q=ASUS+Vivobook+Go+15+%28AMD+Ryzen+5+7520U%2C+16GB+RAM%2C+512GB+SSD%29
153,LAPTOPS,ASUS,ROG Zephyrus G16 (Pro Workstation Bundle),https://www.google.com/search?tbm=isch&q=ASUS+ROG+Zephyrus+G16+%28Pro+Workstation+Bundle%29,https://www.bing.com/images/search?q=ASUS+ROG+Zephyrus+G16+%28Pro+Workstation+Bundle%29
154,LAPTOPS,ASUS,ROG Zephyrus G14 (OLED Color-calibrated Edition),https://www.google.com/search?tbm=isch&q=ASUS+ROG+Zephyrus+G14+%28OLED+Color-calibrated+Edition%29,https://www.bing.com/images/search?q=ASUS+ROG+Zephyrus+G14+%28OLED+Color-calibrated+Edition%29
155,LAPTOPS,ASUS,ROG Strix SCAR 18 (32GB RAM / 1TB SSD Edition),https://www.google.com/search?tbm=isch&q=ASUS+ROG+Strix+SCAR+18+%2832GB+RAM+%2F+1TB+SSD+Edition%29,https://www.bing.com/images/search?q=ASUS+ROG+Strix+SCAR+18+%2832GB+RAM+%2F+1TB+SSD+Edition%29
156,LAPTOPS,ASUS,ROG Strix G16 (16GB RAM / 512GB SSD Upgrade),https://www.google.com/search?tbm=isch&q=ASUS+ROG+Strix+G16+%2816GB+RAM+%2F+512GB+SSD+Upgrade%29,https://www.bing.com/images/search?q=ASUS+ROG+Strix+G16+%2816GB+RAM+%2F+512GB+SSD+Upgrade%29
157,LAPTOPS,ASUS,TUF Gaming A15 (Creator Edition with Stylus),https://www.google.com/search?tbm=isch&q=ASUS+TUF+Gaming+A15+%28Creator+Edition+with+Stylus%29,https://www.bing.com/images/search?q=ASUS+TUF+Gaming+A15+%28Creator+Edition+with+Stylus%29
158,LAPTOPS,ASUS,TUF Gaming F15 (Pro Workstation Bundle),https://www.google.com/search?tbm=isch&q=ASUS+TUF+Gaming+F15+%28Pro+Workstation+Bundle%29,https://www.bing.com/images/search?q=ASUS+TUF+Gaming+F15+%28Pro+Workstation+Bundle%29
159,LAPTOPS,ASUS,Zenbook 14 OLED (OLED Color-calibrated Edition),https://www.google.com/search?tbm=isch&q=ASUS+Zenbook+14+OLED+%28OLED+Color-calibrated+Edition%29,https://www.bing.com/images/search?q=ASUS+Zenbook+14+OLED+%28OLED+Color-calibrated+Edition%29
160,LAPTOPS,ASUS,Zenbook Duo (32GB RAM / 1TB SSD Edition),https://www.google.com/search?tbm=isch&q=ASUS+Zenbook+Duo+%2832GB+RAM+%2F+1TB+SSD+Edition%29,https://www.bing.com/images/search?q=ASUS+Zenbook+Duo+%2832GB+RAM+%2F+1TB+SSD+Edition%29
161,LAPTOPS,ASUS,Vivobook S 15 OLED (16GB RAM / 512GB SSD Upgrade),https://www.google.com/search?tbm=isch&q=ASUS+Vivobook+S+15+OLED+%2816GB+RAM+%2F+512GB+SSD+Upgrade%29,https://www.bing.com/images/search?q=ASUS+Vivobook+S+15+OLED+%2816GB+RAM+%2F+512GB+SSD+Upgrade%29
162,LAPTOPS,ASUS,Vivobook 16X (Creator Edition with Stylus),https://www.google.com/search?tbm=isch&q=ASUS+Vivobook+16X+%28Creator+Edition+with+Stylus%29,https://www.bing.com/images/search?q=ASUS+Vivobook+16X+%28Creator+Edition+with+Stylus%29
163,LAPTOPS,Dell,"XPS 16 9640 (Intel Core Ultra 7 155H, RTX 4070 8GB, 32GB RAM, 1TB SSD)",https://www.google.com/search?tbm=isch&q=Dell+XPS+16+9640+%28Intel+Core+Ultra+7+155H%2C+RTX+4070+8GB%2C+32GB+RAM%2C+1TB+SSD%29,https://www.bing.com/images/search?q=Dell+XPS+16+9640+%28Intel+Core+Ultra+7+155H%2C+RTX+4070+8GB%2C+32GB+RAM%2C+1TB+SSD%29
164,LAPTOPS,Dell,"XPS 14 9440 (Intel Core Ultra 7 155H, RTX 4050, 16GB RAM, 512GB SSD)",https://www.google.com/search?tbm=isch&q=Dell+XPS+14+9440+%28Intel+Core+Ultra+7+155H%2C+RTX+4050%2C+16GB+RAM%2C+512GB+SSD%29,https://www.bing.com/images/search?q=Dell+XPS+14+9440+%28Intel+Core+Ultra+7+155H%2C+RTX+4050%2C+16GB+RAM%2C+512GB+SSD%29
165,LAPTOPS,Dell,"XPS 13 9340 (Intel Core Ultra 7 155H, 16GB RAM, 512GB SSD)",https://www.google.com/search?tbm=isch&q=Dell+XPS+13+9340+%28Intel+Core+Ultra+7+155H%2C+16GB+RAM%2C+512GB+SSD%29,https://www.bing.com/images/search?q=Dell+XPS+13+9340+%28Intel+Core+Ultra+7+155H%2C+16GB+RAM%2C+512GB+SSD%29
166,LAPTOPS,Dell,"Alienware m18 R2 (Intel Core i9 14900HX, RTX 4090 16GB, 64GB RAM, 2TB SSD)",https://www.google.com/search?tbm=isch&q=Dell+Alienware+m18+R2+%28Intel+Core+i9+14900HX%2C+RTX+4090+16GB%2C+64GB+RAM%2C+2TB+SSD%29,https://www.bing.com/images/search?q=Dell+Alienware+m18+R2+%28Intel+Core+i9+14900HX%2C+RTX+4090+16GB%2C+64GB+RAM%2C+2TB+SSD%29
167,LAPTOPS,Dell,"Alienware m16 R2 (Intel Core Ultra 7 155H, RTX 4070 8GB, 16GB RAM, 1TB SSD)",https://www.google.com/search?tbm=isch&q=Dell+Alienware+m16+R2+%28Intel+Core+Ultra+7+155H%2C+RTX+4070+8GB%2C+16GB+RAM%2C+1TB+SSD%29,https://www.bing.com/images/search?q=Dell+Alienware+m16+R2+%28Intel+Core+Ultra+7+155H%2C+RTX+4070+8GB%2C+16GB+RAM%2C+1TB+SSD%29
168,LAPTOPS,Dell,"Alienware x14 R2 (Intel Core i7 13620H, RTX 4060, 16GB RAM, 1TB SSD)",https://www.google.com/search?tbm=isch&q=Dell+Alienware+x14+R2+%28Intel+Core+i7+13620H%2C+RTX+4060%2C+16GB+RAM%2C+1TB+SSD%29,https://www.bing.com/images/search?q=Dell+Alienware+x14+R2+%28Intel+Core+i7+13620H%2C+RTX+4060%2C+16GB+RAM%2C+1TB+SSD%29
169,LAPTOPS,Dell,"G15 5530 (Intel Core i7 13650HX, RTX 4060 8GB, 16GB RAM, 1TB SSD)",https://www.google.com/search?tbm=isch&q=Dell+G15+5530+%28Intel+Core+i7+13650HX%2C+RTX+4060+8GB%2C+16GB+RAM%2C+1TB+SSD%29,https://www.bing.com/images/search?q=Dell+G15+5530+%28Intel+Core+i7+13650HX%2C+RTX+4060+8GB%2C+16GB+RAM%2C+1TB+SSD%29
170,LAPTOPS,Dell,"G15 5530 (Intel Core i5 13450HX, RTX 3050 6GB, 16GB RAM, 1TB SSD)",https://www.google.com/search?tbm=isch&q=Dell+G15+5530+%28Intel+Core+i5+13450HX%2C+RTX+3050+6GB%2C+16GB+RAM%2C+1TB+SSD%29,https://www.bing.com/images/search?q=Dell+G15+5530+%28Intel+Core+i5+13450HX%2C+RTX+3050+6GB%2C+16GB+RAM%2C+1TB+SSD%29
171,LAPTOPS,Dell,"Inspiron 16 Plus 7630 (Core i7 13700H, RTX 4060, 16GB RAM, 1TB SSD)",https://www.google.com/search?tbm=isch&q=Dell+Inspiron+16+Plus+7630+%28Core+i7+13700H%2C+RTX+4060%2C+16GB+RAM%2C+1TB+SSD%29,https://www.bing.com/images/search?q=Dell+Inspiron+16+Plus+7630+%28Core+i7+13700H%2C+RTX+4060%2C+16GB+RAM%2C+1TB+SSD%29
172,LAPTOPS,Dell,"Inspiron 15 3530 (Intel Core i5 1334U, 16GB RAM, 512GB SSD)",https://www.google.com/search?tbm=isch&q=Dell+Inspiron+15+3530+%28Intel+Core+i5+1334U%2C+16GB+RAM%2C+512GB+SSD%29,https://www.bing.com/images/search?q=Dell+Inspiron+15+3530+%28Intel+Core+i5+1334U%2C+16GB+RAM%2C+512GB+SSD%29
173,LAPTOPS,Dell,"Inspiron 14 5430 (Intel Core i5 1335U, 16GB RAM, 512GB SSD)",https://www.google.com/search?tbm=isch&q=Dell+Inspiron+14+5430+%28Intel+Core+i5+1335U%2C+16GB+RAM%2C+512GB+SSD%29,https://www.bing.com/images/search?q=Dell+Inspiron+14+5430+%28Intel+Core+i5+1335U%2C+16GB+RAM%2C+512GB+SSD%29
174,LAPTOPS,Dell,"Inspiron 14 2-in-1 7430 (Core i7 1355U, 16GB RAM, 1TB SSD)",https://www.google.com/search?tbm=isch&q=Dell+Inspiron+14+2-in-1+7430+%28Core+i7+1355U%2C+16GB+RAM%2C+1TB+SSD%29,https://www.bing.com/images/search?q=Dell+Inspiron+14+2-in-1+7430+%28Core+i7+1355U%2C+16GB+RAM%2C+1TB+SSD%29
175,LAPTOPS,Dell,XPS 16 9640 (16GB RAM / 512GB SSD Upgrade),https://www.google.com/search?tbm=isch&q=Dell+XPS+16+9640+%2816GB+RAM+%2F+512GB+SSD+Upgrade%29,https://www.bing.com/images/search?q=Dell+XPS+16+9640+%2816GB+RAM+%2F+512GB+SSD+Upgrade%29
176,LAPTOPS,Dell,XPS 14 9440 (Creator Edition with Stylus),https://www.google.com/search?tbm=isch&q=Dell+XPS+14+9440+%28Creator+Edition+with+Stylus%29,https://www.bing.com/images/search?q=Dell+XPS+14+9440+%28Creator+Edition+with+Stylus%29
177,LAPTOPS,Dell,XPS 13 9340 (Pro Workstation Bundle),https://www.google.com/search?tbm=isch&q=Dell+XPS+13+9340+%28Pro+Workstation+Bundle%29,https://www.bing.com/images/search?q=Dell+XPS+13+9340+%28Pro+Workstation+Bundle%29
178,LAPTOPS,Dell,Alienware m18 R2 (OLED Color-calibrated Edition),https://www.google.com/search?tbm=isch&q=Dell+Alienware+m18+R2+%28OLED+Color-calibrated+Edition%29,https://www.bing.com/images/search?q=Dell+Alienware+m18+R2+%28OLED+Color-calibrated+Edition%29
179,LAPTOPS,Dell,Alienware m16 R2 (32GB RAM / 1TB SSD Edition),https://www.google.com/search?tbm=isch&q=Dell+Alienware+m16+R2+%2832GB+RAM+%2F+1TB+SSD+Edition%29,https://www.bing.com/images/search?q=Dell+Alienware+m16+R2+%2832GB+RAM+%2F+1TB+SSD+Edition%29
180,LAPTOPS,Dell,Alienware x14 R2 (16GB RAM / 512GB SSD Upgrade),https://www.google.com/search?tbm=isch&q=Dell+Alienware+x14+R2+%2816GB+RAM+%2F+512GB+SSD+Upgrade%29,https://www.bing.com/images/search?q=Dell+Alienware+x14+R2+%2816GB+RAM+%2F+512GB+SSD+Upgrade%29
181,LAPTOPS,Dell,G15 5530 (Creator Edition with Stylus),https://www.google.com/search?tbm=isch&q=Dell+G15+5530+%28Creator+Edition+with+Stylus%29,https://www.bing.com/images/search?q=Dell+G15+5530+%28Creator+Edition+with+Stylus%29
182,LAPTOPS,Dell,G15 5530 (Pro Workstation Bundle),https://www.google.com/search?tbm=isch&q=Dell+G15+5530+%28Pro+Workstation+Bundle%29,https://www.bing.com/images/search?q=Dell+G15+5530+%28Pro+Workstation+Bundle%29
183,LAPTOPS,Dell,Inspiron 16 Plus 7630 (OLED Color-calibrated Edition),https://www.google.com/search?tbm=isch&q=Dell+Inspiron+16+Plus+7630+%28OLED+Color-calibrated+Edition%29,https://www.bing.com/images/search?q=Dell+Inspiron+16+Plus+7630+%28OLED+Color-calibrated+Edition%29
184,LAPTOPS,Dell,Inspiron 15 3530 (32GB RAM / 1TB SSD Edition),https://www.google.com/search?tbm=isch&q=Dell+Inspiron+15+3530+%2832GB+RAM+%2F+1TB+SSD+Edition%29,https://www.bing.com/images/search?q=Dell+Inspiron+15+3530+%2832GB+RAM+%2F+1TB+SSD+Edition%29
185,LAPTOPS,Dell,Inspiron 14 5430 (16GB RAM / 512GB SSD Upgrade),https://www.google.com/search?tbm=isch&q=Dell+Inspiron+14+5430+%2816GB+RAM+%2F+512GB+SSD+Upgrade%29,https://www.bing.com/images/search?q=Dell+Inspiron+14+5430+%2816GB+RAM+%2F+512GB+SSD+Upgrade%29
186,LAPTOPS,Dell,Inspiron 14 2-in-1 7430 (Creator Edition with Stylus),https://www.google.com/search?tbm=isch&q=Dell+Inspiron+14+2-in-1+7430+%28Creator+Edition+with+Stylus%29,https://www.bing.com/images/search?q=Dell+Inspiron+14+2-in-1+7430+%28Creator+Edition+with+Stylus%29
187,LAPTOPS,HP,"Omen Transcend 14 (Intel Core Ultra 7 155H, RTX 4060, 16GB RAM, 1TB SSD)",https://www.google.com/search?tbm=isch&q=HP+Omen+Transcend+14+%28Intel+Core+Ultra+7+155H%2C+RTX+4060%2C+16GB+RAM%2C+1TB+SSD%29,https://www.bing.com/images/search?q=HP+Omen+Transcend+14+%28Intel+Core+Ultra+7+155H%2C+RTX+4060%2C+16GB+RAM%2C+1TB+SSD%29
188,LAPTOPS,HP,"Omen 16 (Intel Core i7 14700HX, RTX 4070 8GB, 16GB RAM, 1TB SSD)",https://www.google.com/search?tbm=isch&q=HP+Omen+16+%28Intel+Core+i7+14700HX%2C+RTX+4070+8GB%2C+16GB+RAM%2C+1TB+SSD%29,https://www.bing.com/images/search?q=HP+Omen+16+%28Intel+Core+i7+14700HX%2C+RTX+4070+8GB%2C+16GB+RAM%2C+1TB+SSD%29
189,LAPTOPS,HP,"Victus 16 (AMD Ryzen 7 7840HS, RTX 4060 8GB, 16GB RAM, 1TB SSD)",https://www.google.com/search?tbm=isch&q=HP+Victus+16+%28AMD+Ryzen+7+7840HS%2C+RTX+4060+8GB%2C+16GB+RAM%2C+1TB+SSD%29,https://www.bing.com/images/search?q=HP+Victus+16+%28AMD+Ryzen+7+7840HS%2C+RTX+4060+8GB%2C+16GB+RAM%2C+1TB+SSD%29
190,LAPTOPS,HP,"Victus 15 (Intel Core i5 13420H, RTX 3050 6GB, 16GB RAM, 512GB SSD)",https://www.google.com/search?tbm=isch&q=HP+Victus+15+%28Intel+Core+i5+13420H%2C+RTX+3050+6GB%2C+16GB+RAM%2C+512GB+SSD%29,https://www.bing.com/images/search?q=HP+Victus+15+%28Intel+Core+i5+13420H%2C+RTX+3050+6GB%2C+16GB+RAM%2C+512GB+SSD%29
191,LAPTOPS,HP,"Spectre x360 14 (Intel Core Ultra 7 155H, 16GB RAM, 1TB SSD)",https://www.google.com/search?tbm=isch&q=HP+Spectre+x360+14+%28Intel+Core+Ultra+7+155H%2C+16GB+RAM%2C+1TB+SSD%29,https://www.bing.com/images/search?q=HP+Spectre+x360+14+%28Intel+Core+Ultra+7+155H%2C+16GB+RAM%2C+1TB+SSD%29
192,LAPTOPS,HP,"Envy x360 14 2-in-1 (Intel Core Ultra 5 125U, 16GB RAM, 512GB SSD)",https://www.google.com/search?tbm=isch&q=HP+Envy+x360+14+2-in-1+%28Intel+Core+Ultra+5+125U%2C+16GB+RAM%2C+512GB+SSD%29,https://www.bing.com/images/search?q=HP+Envy+x360+14+2-in-1+%28Intel+Core+Ultra+5+125U%2C+16GB+RAM%2C+512GB+SSD%29
193,LAPTOPS,HP,"Pavilion Plus 14 (AMD Ryzen 7 7840U, 16GB RAM, 1TB SSD)",https://www.google.com/search?tbm=isch&q=HP+Pavilion+Plus+14+%28AMD+Ryzen+7+7840U%2C+16GB+RAM%2C+1TB+SSD%29,https://www.bing.com/images/search?q=HP+Pavilion+Plus+14+%28AMD+Ryzen+7+7840U%2C+16GB+RAM%2C+1TB+SSD%29
194,LAPTOPS,HP,"15s (Intel Core i5 1235U, 16GB RAM, 512GB SSD)",https://www.google.com/search?tbm=isch&q=HP+15s+%28Intel+Core+i5+1235U%2C+16GB+RAM%2C+512GB+SSD%29,https://www.bing.com/images/search?q=HP+15s+%28Intel+Core+i5+1235U%2C+16GB+RAM%2C+512GB+SSD%29
195,LAPTOPS,Lenovo,"Legion Pro 7i Gen 9 (Intel Core i9 14900HX, RTX 4080 12GB, 32GB RAM, 1TB SSD)",https://www.google.com/search?tbm=isch&q=Lenovo+Legion+Pro+7i+Gen+9+%28Intel+Core+i9+14900HX%2C+RTX+4080+12GB%2C+32GB+RAM%2C+1TB+SSD%29,https://www.bing.com/images/search?q=Lenovo+Legion+Pro+7i+Gen+9+%28Intel+Core+i9+14900HX%2C+RTX+4080+12GB%2C+32GB+RAM%2C+1TB+SSD%29
196,LAPTOPS,Lenovo,"Legion Pro 5i Gen 9 (Intel Core i7 14650HX, RTX 4070 8GB, 32GB RAM, 1TB SSD)",https://www.google.com/search?tbm=isch&q=Lenovo+Legion+Pro+5i+Gen+9+%28Intel+Core+i7+14650HX%2C+RTX+4070+8GB%2C+32GB+RAM%2C+1TB+SSD%29,https://www.bing.com/images/search?q=Lenovo+Legion+Pro+5i+Gen+9+%28Intel+Core+i7+14650HX%2C+RTX+4070+8GB%2C+32GB+RAM%2C+1TB+SSD%29
197,LAPTOPS,Lenovo,"Legion Slim 5 (AMD Ryzen 7 7840HS, RTX 4060 8GB, 16GB RAM, 1TB SSD)",https://www.google.com/search?tbm=isch&q=Lenovo+Legion+Slim+5+%28AMD+Ryzen+7+7840HS%2C+RTX+4060+8GB%2C+16GB+RAM%2C+1TB+SSD%29,https://www.bing.com/images/search?q=Lenovo+Legion+Slim+5+%28AMD+Ryzen+7+7840HS%2C+RTX+4060+8GB%2C+16GB+RAM%2C+1TB+SSD%29
198,LAPTOPS,Lenovo,"LOQ 15IRX9 (Intel Core i7 13650HX, RTX 4060 8GB, 16GB RAM, 512GB SSD)",https://www.google.com/search?tbm=isch&q=Lenovo+LOQ+15IRX9+%28Intel+Core+i7+13650HX%2C+RTX+4060+8GB%2C+16GB+RAM%2C+512GB+SSD%29,https://www.bing.com/images/search?q=Lenovo+LOQ+15IRX9+%28Intel+Core+i7+13650HX%2C+RTX+4060+8GB%2C+16GB+RAM%2C+512GB+SSD%29
199,LAPTOPS,Lenovo,"LOQ 15IAX9 (Intel Core i5 12450HX, RTX 4050 6GB, 16GB RAM, 512GB SSD)",https://www.google.com/search?tbm=isch&q=Lenovo+LOQ+15IAX9+%28Intel+Core+i5+12450HX%2C+RTX+4050+6GB%2C+16GB+RAM%2C+512GB+SSD%29,https://www.bing.com/images/search?q=Lenovo+LOQ+15IAX9+%28Intel+Core+i5+12450HX%2C+RTX+4050+6GB%2C+16GB+RAM%2C+512GB+SSD%29
200,LAPTOPS,Lenovo,"LOQ 15IAX9 (Intel Core i5 12450HX, RTX 3050 6GB, 16GB RAM, 512GB SSD)",https://www.google.com/search?tbm=isch&q=Lenovo+LOQ+15IAX9+%28Intel+Core+i5+12450HX%2C+RTX+3050+6GB%2C+16GB+RAM%2C+512GB+SSD%29,https://www.bing.com/images/search?q=Lenovo+LOQ+15IAX9+%28Intel+Core+i5+12450HX%2C+RTX+3050+6GB%2C+16GB+RAM%2C+512GB+SSD%29
201,LAPTOPS,Lenovo,"ThinkPad X1 Carbon Gen 12 (Intel Core Ultra 7 155H, 32GB RAM, 1TB SSD)",https://www.google.com/search?tbm=isch&q=Lenovo+ThinkPad+X1+Carbon+Gen+12+%28Intel+Core+Ultra+7+155H%2C+32GB+RAM%2C+1TB+SSD%29,https://www.bing.com/images/search?q=Lenovo+ThinkPad+X1+Carbon+Gen+12+%28Intel+Core+Ultra+7+155H%2C+32GB+RAM%2C+1TB+SSD%29
202,LAPTOPS,Lenovo,"ThinkPad T14 Gen 4 (AMD Ryzen 7 PRO 7840U, 16GB RAM, 512GB SSD)",https://www.google.com/search?tbm=isch&q=Lenovo+ThinkPad+T14+Gen+4+%28AMD+Ryzen+7+PRO+7840U%2C+16GB+RAM%2C+512GB+SSD%29,https://www.bing.com/images/search?q=Lenovo+ThinkPad+T14+Gen+4+%28AMD+Ryzen+7+PRO+7840U%2C+16GB+RAM%2C+512GB+SSD%29
203,LAPTOPS,Lenovo,"Yoga 9i 2-in-1 (Intel Core Ultra 7 155H, 16GB RAM, 1TB SSD)",https://www.google.com/search?tbm=isch&q=Lenovo+Yoga+9i+2-in-1+%28Intel+Core+Ultra+7+155H%2C+16GB+RAM%2C+1TB+SSD%29,https://www.bing.com/images/search?q=Lenovo+Yoga+9i+2-in-1+%28Intel+Core+Ultra+7+155H%2C+16GB+RAM%2C+1TB+SSD%29
204,LAPTOPS,Lenovo,"Yoga Slim 7x (Snapdragon X Elite, 16GB RAM, 1TB SSD)",https://www.google.com/search?tbm=isch&q=Lenovo+Yoga+Slim+7x+%28Snapdragon+X+Elite%2C+16GB+RAM%2C+1TB+SSD%29,https://www.bing.com/images/search?q=Lenovo+Yoga+Slim+7x+%28Snapdragon+X+Elite%2C+16GB+RAM%2C+1TB+SSD%29
205,LAPTOPS,Lenovo,"IdeaPad Slim 5 (Intel Core i5 13500H, 16GB RAM, 512GB SSD)",https://www.google.com/search?tbm=isch&q=Lenovo+IdeaPad+Slim+5+%28Intel+Core+i5+13500H%2C+16GB+RAM%2C+512GB+SSD%29,https://www.bing.com/images/search?q=Lenovo+IdeaPad+Slim+5+%28Intel+Core+i5+13500H%2C+16GB+RAM%2C+512GB+SSD%29
206,LAPTOPS,Lenovo,"IdeaPad Slim 3 (Intel Core i3 1215U, 8GB RAM, 512GB SSD)",https://www.google.com/search?tbm=isch&q=Lenovo+IdeaPad+Slim+3+%28Intel+Core+i3+1215U%2C+8GB+RAM%2C+512GB+SSD%29,https://www.bing.com/images/search?q=Lenovo+IdeaPad+Slim+3+%28Intel+Core+i3+1215U%2C+8GB+RAM%2C+512GB+SSD%29
207,LAPTOPS,MSI,"Titan 18 HX A14V (Intel Core i9 14900HX, RTX 4090 16GB, 64GB RAM, 4TB SSD)",https://www.google.com/search?tbm=isch&q=MSI+Titan+18+HX+A14V+%28Intel+Core+i9+14900HX%2C+RTX+4090+16GB%2C+64GB+RAM%2C+4TB+SSD%29,https://www.bing.com/images/search?q=MSI+Titan+18+HX+A14V+%28Intel+Core+i9+14900HX%2C+RTX+4090+16GB%2C+64GB+RAM%2C+4TB+SSD%29
208,LAPTOPS,MSI,"Katana 15 (Intel Core i7 13620H, RTX 4060 8GB, 16GB RAM, 1TB SSD)",https://www.google.com/search?tbm=isch&q=MSI+Katana+15+%28Intel+Core+i7+13620H%2C+RTX+4060+8GB%2C+16GB+RAM%2C+1TB+SSD%29,https://www.bing.com/images/search?q=MSI+Katana+15+%28Intel+Core+i7+13620H%2C+RTX+4060+8GB%2C+16GB+RAM%2C+1TB+SSD%29
209,LAPTOPS,MSI,"Thin 15 (Intel Core i5 12450H, RTX 2050 4GB, 16GB RAM, 512GB SSD)",https://www.google.com/search?tbm=isch&q=MSI+Thin+15+%28Intel+Core+i5+12450H%2C+RTX+2050+4GB%2C+16GB+RAM%2C+512GB+SSD%29,https://www.bing.com/images/search?q=MSI+Thin+15+%28Intel+Core+i5+12450H%2C+RTX+2050+4GB%2C+16GB+RAM%2C+512GB+SSD%29
210,LAPTOPS,MSI,"Prestige 16 AI Studio (Intel Core Ultra 7 155H, RTX 4060, 32GB RAM, 1TB SSD)",https://www.google.com/search?tbm=isch&q=MSI+Prestige+16+AI+Studio+%28Intel+Core+Ultra+7+155H%2C+RTX+4060%2C+32GB+RAM%2C+1TB+SSD%29,https://www.bing.com/images/search?q=MSI+Prestige+16+AI+Studio+%28Intel+Core+Ultra+7+155H%2C+RTX+4060%2C+32GB+RAM%2C+1TB+SSD%29
211,HEADPHONES,Apple,AirPods Max (USB-C) Space Orange,https://www.google.com/search?tbm=isch&q=Apple+AirPods+Max+%28USB-C%29+Space+Orange,https://www.bing.com/images/search?q=Apple+AirPods+Max+%28USB-C%29+Space+Orange
212,HEADPHONES,Apple,AirPods Max (USB-C) Midnight,https://www.google.com/search?tbm=isch&q=Apple+AirPods+Max+%28USB-C%29+Midnight,https://www.bing.com/images/search?q=Apple+AirPods+Max+%28USB-C%29+Midnight
213,HEADPHONES,Apple,AirPods Max (USB-C) Starlight,https://www.google.com/search?tbm=isch&q=Apple+AirPods+Max+%28USB-C%29+Starlight,https://www.bing.com/images/search?q=Apple+AirPods+Max+%28USB-C%29+Starlight
214,HEADPHONES,Apple,AirPods Pro (2nd Gen) with MagSafe Case (USB-C),https://www.google.com/search?tbm=isch&q=Apple+AirPods+Pro+%282nd+Gen%29+with+MagSafe+Case+%28USB-C%29,https://www.bing.com/images/search?q=Apple+AirPods+Pro+%282nd+Gen%29+with+MagSafe+Case+%28USB-C%29
215,HEADPHONES,Apple,AirPods 4 with Active Noise Cancellation,https://www.google.com/search?tbm=isch&q=Apple+AirPods+4+with+Active+Noise+Cancellation,https://www.bing.com/images/search?q=Apple+AirPods+4+with+Active+Noise+Cancellation
216,HEADPHONES,Apple,AirPods 4 Standard Edition,https://www.google.com/search?tbm=isch&q=Apple+AirPods+4+Standard+Edition,https://www.bing.com/images/search?q=Apple+AirPods+4+Standard+Edition
217,HEADPHONES,Apple,"AirPods Max (USB-C) Space Orange (Midnight Navy, Travel Pack Edition)",https://www.google.com/search?tbm=isch&q=Apple+AirPods+Max+%28USB-C%29+Space+Orange+%28Midnight+Navy%2C+Travel+Pack+Edition%29,https://www.bing.com/images/search?q=Apple+AirPods+Max+%28USB-C%29+Space+Orange+%28Midnight+Navy%2C+Travel+Pack+Edition%29
218,HEADPHONES,Apple,"AirPods Max (USB-C) Midnight (Smoky White, Audiophile Edition)",https://www.google.com/search?tbm=isch&q=Apple+AirPods+Max+%28USB-C%29+Midnight+%28Smoky+White%2C+Audiophile+Edition%29,https://www.bing.com/images/search?q=Apple+AirPods+Max+%28USB-C%29+Midnight+%28Smoky+White%2C+Audiophile+Edition%29
219,HEADPHONES,Apple,"AirPods Max (USB-C) Starlight (Champagne Gold, Travel Pack Edition)",https://www.google.com/search?tbm=isch&q=Apple+AirPods+Max+%28USB-C%29+Starlight+%28Champagne+Gold%2C+Travel+Pack+Edition%29,https://www.bing.com/images/search?q=Apple+AirPods+Max+%28USB-C%29+Starlight+%28Champagne+Gold%2C+Travel+Pack+Edition%29
220,HEADPHONES,Apple,"AirPods Pro (2nd Gen) with MagSafe Case (USB-C) (Olive Green, Audiophile Edition)",https://www.google.com/search?tbm=isch&q=Apple+AirPods+Pro+%282nd+Gen%29+with+MagSafe+Case+%28USB-C%29+%28Olive+Green%2C+Audiophile+Edition%29,https://www.bing.com/images/search?q=Apple+AirPods+Pro+%282nd+Gen%29+with+MagSafe+Case+%28USB-C%29+%28Olive+Green%2C+Audiophile+Edition%29
221,HEADPHONES,Apple,"AirPods 4 with Active Noise Cancellation (Matte Black, Travel Pack Edition)",https://www.google.com/search?tbm=isch&q=Apple+AirPods+4+with+Active+Noise+Cancellation+%28Matte+Black%2C+Travel+Pack+Edition%29,https://www.bing.com/images/search?q=Apple+AirPods+4+with+Active+Noise+Cancellation+%28Matte+Black%2C+Travel+Pack+Edition%29
222,HEADPHONES,Apple,"AirPods 4 Standard Edition (Glacier Silver, Audiophile Edition)",https://www.google.com/search?tbm=isch&q=Apple+AirPods+4+Standard+Edition+%28Glacier+Silver%2C+Audiophile+Edition%29,https://www.bing.com/images/search?q=Apple+AirPods+4+Standard+Edition+%28Glacier+Silver%2C+Audiophile+Edition%29
223,HEADPHONES,Apple,"AirPods Max (USB-C) Space Orange (Smoky White, Audiophile Edition)",https://www.google.com/search?tbm=isch&q=Apple+AirPods+Max+%28USB-C%29+Space+Orange+%28Smoky+White%2C+Audiophile+Edition%29,https://www.bing.com/images/search?q=Apple+AirPods+Max+%28USB-C%29+Space+Orange+%28Smoky+White%2C+Audiophile+Edition%29
224,HEADPHONES,Apple,"AirPods Max (USB-C) Midnight (Champagne Gold, Travel Pack Edition)",https://www.google.com/search?tbm=isch&q=Apple+AirPods+Max+%28USB-C%29+Midnight+%28Champagne+Gold%2C+Travel+Pack+Edition%29,https://www.bing.com/images/search?q=Apple+AirPods+Max+%28USB-C%29+Midnight+%28Champagne+Gold%2C+Travel+Pack+Edition%29
225,HEADPHONES,Apple,"AirPods Max (USB-C) Starlight (Olive Green, Audiophile Edition)",https://www.google.com/search?tbm=isch&q=Apple+AirPods+Max+%28USB-C%29+Starlight+%28Olive+Green%2C+Audiophile+Edition%29,https://www.bing.com/images/search?q=Apple+AirPods+Max+%28USB-C%29+Starlight+%28Olive+Green%2C+Audiophile+Edition%29
226,HEADPHONES,Apple,"AirPods Pro (2nd Gen) with MagSafe Case (USB-C) (Matte Black, Travel Pack Edition)",https://www.google.com/search?tbm=isch&q=Apple+AirPods+Pro+%282nd+Gen%29+with+MagSafe+Case+%28USB-C%29+%28Matte+Black%2C+Travel+Pack+Edition%29,https://www.bing.com/images/search?q=Apple+AirPods+Pro+%282nd+Gen%29+with+MagSafe+Case+%28USB-C%29+%28Matte+Black%2C+Travel+Pack+Edition%29
227,HEADPHONES,Apple,"AirPods 4 with Active Noise Cancellation (Glacier Silver, Audiophile Edition)",https://www.google.com/search?tbm=isch&q=Apple+AirPods+4+with+Active+Noise+Cancellation+%28Glacier+Silver%2C+Audiophile+Edition%29,https://www.bing.com/images/search?q=Apple+AirPods+4+with+Active+Noise+Cancellation+%28Glacier+Silver%2C+Audiophile+Edition%29
228,HEADPHONES,Apple,"AirPods 4 Standard Edition (Midnight Navy, Travel Pack Edition)",https://www.google.com/search?tbm=isch&q=Apple+AirPods+4+Standard+Edition+%28Midnight+Navy%2C+Travel+Pack+Edition%29,https://www.bing.com/images/search?q=Apple+AirPods+4+Standard+Edition+%28Midnight+Navy%2C+Travel+Pack+Edition%29
229,HEADPHONES,Audio-Technica,ATH-M50x Professional Studio Monitor Headphones,https://www.google.com/search?tbm=isch&q=Audio-Technica+ATH-M50x+Professional+Studio+Monitor+Headphones,https://www.bing.com/images/search?q=Audio-Technica+ATH-M50x+Professional+Studio+Monitor+Headphones
230,HEADPHONES,Audio-Technica,ATH-M50xBT2 Wireless Over-Ear Headphones,https://www.google.com/search?tbm=isch&q=Audio-Technica+ATH-M50xBT2+Wireless+Over-Ear+Headphones,https://www.bing.com/images/search?q=Audio-Technica+ATH-M50xBT2+Wireless+Over-Ear+Headphones
231,HEADPHONES,Audio-Technica,"ATH-M50x Professional Studio Monitor Headphones (Olive Green, Audiophile Edition)",https://www.google.com/search?tbm=isch&q=Audio-Technica+ATH-M50x+Professional+Studio+Monitor+Headphones+%28Olive+Green%2C+Audiophile+Edition%29,https://www.bing.com/images/search?q=Audio-Technica+ATH-M50x+Professional+Studio+Monitor+Headphones+%28Olive+Green%2C+Audiophile+Edition%29
232,HEADPHONES,Audio-Technica,"ATH-M50xBT2 Wireless Over-Ear Headphones (Matte Black, Travel Pack Edition)",https://www.google.com/search?tbm=isch&q=Audio-Technica+ATH-M50xBT2+Wireless+Over-Ear+Headphones+%28Matte+Black%2C+Travel+Pack+Edition%29,https://www.bing.com/images/search?q=Audio-Technica+ATH-M50xBT2+Wireless+Over-Ear+Headphones+%28Matte+Black%2C+Travel+Pack+Edition%29
233,HEADPHONES,Audio-Technica,"ATH-M50x Professional Studio Monitor Headphones (Matte Black, Travel Pack Edition)",https://www.google.com/search?tbm=isch&q=Audio-Technica+ATH-M50x+Professional+Studio+Monitor+Headphones+%28Matte+Black%2C+Travel+Pack+Edition%29,https://www.bing.com/images/search?q=Audio-Technica+ATH-M50x+Professional+Studio+Monitor+Headphones+%28Matte+Black%2C+Travel+Pack+Edition%29
234,HEADPHONES,Audio-Technica,"ATH-M50xBT2 Wireless Over-Ear Headphones (Glacier Silver, Audiophile Edition)",https://www.google.com/search?tbm=isch&q=Audio-Technica+ATH-M50xBT2+Wireless+Over-Ear+Headphones+%28Glacier+Silver%2C+Audiophile+Edition%29,https://www.bing.com/images/search?q=Audio-Technica+ATH-M50xBT2+Wireless+Over-Ear+Headphones+%28Glacier+Silver%2C+Audiophile+Edition%29
235,HEADPHONES,Beats,Studio Pro Wireless Headphones,https://www.google.com/search?tbm=isch&q=Beats+Studio+Pro+Wireless+Headphones,https://www.bing.com/images/search?q=Beats+Studio+Pro+Wireless+Headphones
236,HEADPHONES,Beats,Solo 4 Wireless On-Ear Headphones,https://www.google.com/search?tbm=isch&q=Beats+Solo+4+Wireless+On-Ear+Headphones,https://www.bing.com/images/search?q=Beats+Solo+4+Wireless+On-Ear+Headphones
237,HEADPHONES,Beats,"Studio Pro Wireless Headphones (Smoky White, Audiophile Edition)",https://www.google.com/search?tbm=isch&q=Beats+Studio+Pro+Wireless+Headphones+%28Smoky+White%2C+Audiophile+Edition%29,https://www.bing.com/images/search?q=Beats+Studio+Pro+Wireless+Headphones+%28Smoky+White%2C+Audiophile+Edition%29
238,HEADPHONES,Beats,"Solo 4 Wireless On-Ear Headphones (Champagne Gold, Travel Pack Edition)",https://www.google.com/search?tbm=isch&q=Beats+Solo+4+Wireless+On-Ear+Headphones+%28Champagne+Gold%2C+Travel+Pack+Edition%29,https://www.bing.com/images/search?q=Beats+Solo+4+Wireless+On-Ear+Headphones+%28Champagne+Gold%2C+Travel+Pack+Edition%29
239,HEADPHONES,Beyerdynamic,DT 990 Pro Over-Ear Studio Headphones 250 Ohm,https://www.google.com/search?tbm=isch&q=Beyerdynamic+DT+990+Pro+Over-Ear+Studio+Headphones+250+Ohm,https://www.bing.com/images/search?q=Beyerdynamic+DT+990+Pro+Over-Ear+Studio+Headphones+250+Ohm
240,HEADPHONES,Beyerdynamic,DT 770 Pro Closed Studio Headphones 80 Ohm,https://www.google.com/search?tbm=isch&q=Beyerdynamic+DT+770+Pro+Closed+Studio+Headphones+80+Ohm,https://www.bing.com/images/search?q=Beyerdynamic+DT+770+Pro+Closed+Studio+Headphones+80+Ohm
241,HEADPHONES,Beyerdynamic,"DT 990 Pro Over-Ear Studio Headphones 250 Ohm (Olive Green, Audiophile Edition)",https://www.google.com/search?tbm=isch&q=Beyerdynamic+DT+990+Pro+Over-Ear+Studio+Headphones+250+Ohm+%28Olive+Green%2C+Audiophile+Edition%29,https://www.bing.com/images/search?q=Beyerdynamic+DT+990+Pro+Over-Ear+Studio+Headphones+250+Ohm+%28Olive+Green%2C+Audiophile+Edition%29
242,HEADPHONES,Beyerdynamic,"DT 770 Pro Closed Studio Headphones 80 Ohm (Matte Black, Travel Pack Edition)",https://www.google.com/search?tbm=isch&q=Beyerdynamic+DT+770+Pro+Closed+Studio+Headphones+80+Ohm+%28Matte+Black%2C+Travel+Pack+Edition%29,https://www.bing.com/images/search?q=Beyerdynamic+DT+770+Pro+Closed+Studio+Headphones+80+Ohm+%28Matte+Black%2C+Travel+Pack+Edition%29
243,HEADPHONES,Bose,QuietComfort Ultra Wireless Headphones,https://www.google.com/search?tbm=isch&q=Bose+QuietComfort+Ultra+Wireless+Headphones,https://www.bing.com/images/search?q=Bose+QuietComfort+Ultra+Wireless+Headphones
244,HEADPHONES,Bose,QuietComfort Ultra Wireless Headphones (White Smoke),https://www.google.com/search?tbm=isch&q=Bose+QuietComfort+Ultra+Wireless+Headphones+%28White+Smoke%29,https://www.bing.com/images/search?q=Bose+QuietComfort+Ultra+Wireless+Headphones+%28White+Smoke%29
245,HEADPHONES,Bose,QuietComfort Wireless Headphones,https://www.google.com/search?tbm=isch&q=Bose+QuietComfort+Wireless+Headphones,https://www.bing.com/images/search?q=Bose+QuietComfort+Wireless+Headphones
246,HEADPHONES,Bose,QuietComfort Ultra True Wireless Earbuds,https://www.google.com/search?tbm=isch&q=Bose+QuietComfort+Ultra+True+Wireless+Earbuds,https://www.bing.com/images/search?q=Bose+QuietComfort+Ultra+True+Wireless+Earbuds
247,HEADPHONES,Bose,SoundLink Max Portable Bluetooth Speaker,https://www.google.com/search?tbm=isch&q=Bose+SoundLink+Max+Portable+Bluetooth+Speaker,https://www.bing.com/images/search?q=Bose+SoundLink+Max+Portable+Bluetooth+Speaker
248,HEADPHONES,Bose,SoundLink Flex Bluetooth Speaker (2nd Gen),https://www.google.com/search?tbm=isch&q=Bose+SoundLink+Flex+Bluetooth+Speaker+%282nd+Gen%29,https://www.bing.com/images/search?q=Bose+SoundLink+Flex+Bluetooth+Speaker+%282nd+Gen%29
249,HEADPHONES,Bose,"QuietComfort Ultra Wireless Headphones (Midnight Navy, Travel Pack Edition)",https://www.google.com/search?tbm=isch&q=Bose+QuietComfort+Ultra+Wireless+Headphones+%28Midnight+Navy%2C+Travel+Pack+Edition%29,https://www.bing.com/images/search?q=Bose+QuietComfort+Ultra+Wireless+Headphones+%28Midnight+Navy%2C+Travel+Pack+Edition%29
250,HEADPHONES,Bose,"QuietComfort Ultra Wireless Headphones (White Smoke) (Smoky White, Audiophile Edition)",https://www.google.com/search?tbm=isch&q=Bose+QuietComfort+Ultra+Wireless+Headphones+%28White+Smoke%29+%28Smoky+White%2C+Audiophile+Edition%29,https://www.bing.com/images/search?q=Bose+QuietComfort+Ultra+Wireless+Headphones+%28White+Smoke%29+%28Smoky+White%2C+Audiophile+Edition%29
251,HEADPHONES,Bose,"QuietComfort Wireless Headphones (Champagne Gold, Travel Pack Edition)",https://www.google.com/search?tbm=isch&q=Bose+QuietComfort+Wireless+Headphones+%28Champagne+Gold%2C+Travel+Pack+Edition%29,https://www.bing.com/images/search?q=Bose+QuietComfort+Wireless+Headphones+%28Champagne+Gold%2C+Travel+Pack+Edition%29
252,HEADPHONES,Bose,"QuietComfort Ultra True Wireless Earbuds (Olive Green, Audiophile Edition)",https://www.google.com/search?tbm=isch&q=Bose+QuietComfort+Ultra+True+Wireless+Earbuds+%28Olive+Green%2C+Audiophile+Edition%29,https://www.bing.com/images/search?q=Bose+QuietComfort+Ultra+True+Wireless+Earbuds+%28Olive+Green%2C+Audiophile+Edition%29
253,HEADPHONES,Bose,"SoundLink Max Portable Bluetooth Speaker (Matte Black, Travel Pack Edition)",https://www.google.com/search?tbm=isch&q=Bose+SoundLink+Max+Portable+Bluetooth+Speaker+%28Matte+Black%2C+Travel+Pack+Edition%29,https://www.bing.com/images/search?q=Bose+SoundLink+Max+Portable+Bluetooth+Speaker+%28Matte+Black%2C+Travel+Pack+Edition%29
254,HEADPHONES,Bose,"SoundLink Flex Bluetooth Speaker (2nd Gen) (Glacier Silver, Audiophile Edition)",https://www.google.com/search?tbm=isch&q=Bose+SoundLink+Flex+Bluetooth+Speaker+%282nd+Gen%29+%28Glacier+Silver%2C+Audiophile+Edition%29,https://www.bing.com/images/search?q=Bose+SoundLink+Flex+Bluetooth+Speaker+%282nd+Gen%29+%28Glacier+Silver%2C+Audiophile+Edition%29
255,HEADPHONES,Bose,"QuietComfort Ultra Wireless Headphones (Smoky White, Audiophile Edition)",https://www.google.com/search?tbm=isch&q=Bose+QuietComfort+Ultra+Wireless+Headphones+%28Smoky+White%2C+Audiophile+Edition%29,https://www.bing.com/images/search?q=Bose+QuietComfort+Ultra+Wireless+Headphones+%28Smoky+White%2C+Audiophile+Edition%29
256,HEADPHONES,Bose,"QuietComfort Ultra Wireless Headphones (White Smoke) (Champagne Gold, Travel Pack Edition)",https://www.google.com/search?tbm=isch&q=Bose+QuietComfort+Ultra+Wireless+Headphones+%28White+Smoke%29+%28Champagne+Gold%2C+Travel+Pack+Edition%29,https://www.bing.com/images/search?q=Bose+QuietComfort+Ultra+Wireless+Headphones+%28White+Smoke%29+%28Champagne+Gold%2C+Travel+Pack+Edition%29
257,HEADPHONES,Bose,"QuietComfort Wireless Headphones (Olive Green, Audiophile Edition)",https://www.google.com/search?tbm=isch&q=Bose+QuietComfort+Wireless+Headphones+%28Olive+Green%2C+Audiophile+Edition%29,https://www.bing.com/images/search?q=Bose+QuietComfort+Wireless+Headphones+%28Olive+Green%2C+Audiophile+Edition%29
258,HEADPHONES,Bose,"QuietComfort Ultra True Wireless Earbuds (Matte Black, Travel Pack Edition)",https://www.google.com/search?tbm=isch&q=Bose+QuietComfort+Ultra+True+Wireless+Earbuds+%28Matte+Black%2C+Travel+Pack+Edition%29,https://www.bing.com/images/search?q=Bose+QuietComfort+Ultra+True+Wireless+Earbuds+%28Matte+Black%2C+Travel+Pack+Edition%29
259,HEADPHONES,Bose,"SoundLink Max Portable Bluetooth Speaker (Glacier Silver, Audiophile Edition)",https://www.google.com/search?tbm=isch&q=Bose+SoundLink+Max+Portable+Bluetooth+Speaker+%28Glacier+Silver%2C+Audiophile+Edition%29,https://www.bing.com/images/search?q=Bose+SoundLink+Max+Portable+Bluetooth+Speaker+%28Glacier+Silver%2C+Audiophile+Edition%29
260,HEADPHONES,Bose,"SoundLink Flex Bluetooth Speaker (2nd Gen) (Midnight Navy, Travel Pack Edition)",https://www.google.com/search?tbm=isch&q=Bose+SoundLink+Flex+Bluetooth+Speaker+%282nd+Gen%29+%28Midnight+Navy%2C+Travel+Pack+Edition%29,https://www.bing.com/images/search?q=Bose+SoundLink+Flex+Bluetooth+Speaker+%282nd+Gen%29+%28Midnight+Navy%2C+Travel+Pack+Edition%29
261,HEADPHONES,JBL,Tour ONE M2 Wireless Noise Cancelling Headphones,https://www.google.com/search?tbm=isch&q=JBL+Tour+ONE+M2+Wireless+Noise+Cancelling+Headphones,https://www.bing.com/images/search?q=JBL+Tour+ONE+M2+Wireless+Noise+Cancelling+Headphones
262,HEADPHONES,JBL,Live 770NC Wireless Over-Ear ANC Headphones,https://www.google.com/search?tbm=isch&q=JBL+Live+770NC+Wireless+Over-Ear+ANC+Headphones,https://www.bing.com/images/search?q=JBL+Live+770NC+Wireless+Over-Ear+ANC+Headphones
263,HEADPHONES,JBL,Tune 770NC Wireless Over-Ear Headphones,https://www.google.com/search?tbm=isch&q=JBL+Tune+770NC+Wireless+Over-Ear+Headphones,https://www.bing.com/images/search?q=JBL+Tune+770NC+Wireless+Over-Ear+Headphones
264,HEADPHONES,JBL,Tune 520BT Wireless On-Ear Headphones,https://www.google.com/search?tbm=isch&q=JBL+Tune+520BT+Wireless+On-Ear+Headphones,https://www.bing.com/images/search?q=JBL+Tune+520BT+Wireless+On-Ear+Headphones
265,HEADPHONES,JBL,Boombox 3 Wi-Fi & Bluetooth Speaker,https://www.google.com/search?tbm=isch&q=JBL+Boombox+3+Wi-Fi+%26+Bluetooth+Speaker,https://www.bing.com/images/search?q=JBL+Boombox+3+Wi-Fi+%26+Bluetooth+Speaker
266,HEADPHONES,JBL,"Tour ONE M2 Wireless Noise Cancelling Headphones (Matte Black, Travel Pack Edition)",https://www.google.com/search?tbm=isch&q=JBL+Tour+ONE+M2+Wireless+Noise+Cancelling+Headphones+%28Matte+Black%2C+Travel+Pack+Edition%29,https://www.bing.com/images/search?q=JBL+Tour+ONE+M2+Wireless+Noise+Cancelling+Headphones+%28Matte+Black%2C+Travel+Pack+Edition%29
267,HEADPHONES,JBL,"Live 770NC Wireless Over-Ear ANC Headphones (Glacier Silver, Audiophile Edition)",https://www.google.com/search?tbm=isch&q=JBL+Live+770NC+Wireless+Over-Ear+ANC+Headphones+%28Glacier+Silver%2C+Audiophile+Edition%29,https://www.bing.com/images/search?q=JBL+Live+770NC+Wireless+Over-Ear+ANC+Headphones+%28Glacier+Silver%2C+Audiophile+Edition%29
268,HEADPHONES,JBL,"Tune 770NC Wireless Over-Ear Headphones (Midnight Navy, Travel Pack Edition)",https://www.google.com/search?tbm=isch&q=JBL+Tune+770NC+Wireless+Over-Ear+Headphones+%28Midnight+Navy%2C+Travel+Pack+Edition%29,https://www.bing.com/images/search?q=JBL+Tune+770NC+Wireless+Over-Ear+Headphones+%28Midnight+Navy%2C+Travel+Pack+Edition%29
269,HEADPHONES,JBL,"Tune 520BT Wireless On-Ear Headphones (Smoky White, Audiophile Edition)",https://www.google.com/search?tbm=isch&q=JBL+Tune+520BT+Wireless+On-Ear+Headphones+%28Smoky+White%2C+Audiophile+Edition%29,https://www.bing.com/images/search?q=JBL+Tune+520BT+Wireless+On-Ear+Headphones+%28Smoky+White%2C+Audiophile+Edition%29
270,HEADPHONES,JBL,"Boombox 3 Wi-Fi & Bluetooth Speaker (Champagne Gold, Travel Pack Edition)",https://www.google.com/search?tbm=isch&q=JBL+Boombox+3+Wi-Fi+%26+Bluetooth+Speaker+%28Champagne+Gold%2C+Travel+Pack+Edition%29,https://www.bing.com/images/search?q=JBL+Boombox+3+Wi-Fi+%26+Bluetooth+Speaker+%28Champagne+Gold%2C+Travel+Pack+Edition%29
271,HEADPHONES,JBL,"Tour ONE M2 Wireless Noise Cancelling Headphones (Glacier Silver, Audiophile Edition)",https://www.google.com/search?tbm=isch&q=JBL+Tour+ONE+M2+Wireless+Noise+Cancelling+Headphones+%28Glacier+Silver%2C+Audiophile+Edition%29,https://www.bing.com/images/search?q=JBL+Tour+ONE+M2+Wireless+Noise+Cancelling+Headphones+%28Glacier+Silver%2C+Audiophile+Edition%29
272,HEADPHONES,JBL,"Live 770NC Wireless Over-Ear ANC Headphones (Midnight Navy, Travel Pack Edition)",https://www.google.com/search?tbm=isch&q=JBL+Live+770NC+Wireless+Over-Ear+ANC+Headphones+%28Midnight+Navy%2C+Travel+Pack+Edition%29,https://www.bing.com/images/search?q=JBL+Live+770NC+Wireless+Over-Ear+ANC+Headphones+%28Midnight+Navy%2C+Travel+Pack+Edition%29
273,HEADPHONES,JBL,"Tune 770NC Wireless Over-Ear Headphones (Smoky White, Audiophile Edition)",https://www.google.com/search?tbm=isch&q=JBL+Tune+770NC+Wireless+Over-Ear+Headphones+%28Smoky+White%2C+Audiophile+Edition%29,https://www.bing.com/images/search?q=JBL+Tune+770NC+Wireless+Over-Ear+Headphones+%28Smoky+White%2C+Audiophile+Edition%29
274,HEADPHONES,JBL,"Tune 520BT Wireless On-Ear Headphones (Champagne Gold, Travel Pack Edition)",https://www.google.com/search?tbm=isch&q=JBL+Tune+520BT+Wireless+On-Ear+Headphones+%28Champagne+Gold%2C+Travel+Pack+Edition%29,https://www.bing.com/images/search?q=JBL+Tune+520BT+Wireless+On-Ear+Headphones+%28Champagne+Gold%2C+Travel+Pack+Edition%29
275,HEADPHONES,JBL,"Boombox 3 Wi-Fi & Bluetooth Speaker (Olive Green, Audiophile Edition)",https://www.google.com/search?tbm=isch&q=JBL+Boombox+3+Wi-Fi+%26+Bluetooth+Speaker+%28Olive+Green%2C+Audiophile+Edition%29,https://www.bing.com/images/search?q=JBL+Boombox+3+Wi-Fi+%26+Bluetooth+Speaker+%28Olive+Green%2C+Audiophile+Edition%29
276,HEADPHONES,Marshall,Major IV Wireless On-Ear Headphones,https://www.google.com/search?tbm=isch&q=Marshall+Major+IV+Wireless+On-Ear+Headphones,https://www.bing.com/images/search?q=Marshall+Major+IV+Wireless+On-Ear+Headphones
277,HEADPHONES,Marshall,Monitor II A.N.C. Wireless Headphones,https://www.google.com/search?tbm=isch&q=Marshall+Monitor+II+A.N.C.+Wireless+Headphones,https://www.bing.com/images/search?q=Marshall+Monitor+II+A.N.C.+Wireless+Headphones
278,HEADPHONES,Marshall,"Major IV Wireless On-Ear Headphones (Glacier Silver, Audiophile Edition)",https://www.google.com/search?tbm=isch&q=Marshall+Major+IV+Wireless+On-Ear+Headphones+%28Glacier+Silver%2C+Audiophile+Edition%29,https://www.bing.com/images/search?q=Marshall+Major+IV+Wireless+On-Ear+Headphones+%28Glacier+Silver%2C+Audiophile+Edition%29
279,HEADPHONES,Marshall,"Monitor II A.N.C. Wireless Headphones (Midnight Navy, Travel Pack Edition)",https://www.google.com/search?tbm=isch&q=Marshall+Monitor+II+A.N.C.+Wireless+Headphones+%28Midnight+Navy%2C+Travel+Pack+Edition%29,https://www.bing.com/images/search?q=Marshall+Monitor+II+A.N.C.+Wireless+Headphones+%28Midnight+Navy%2C+Travel+Pack+Edition%29
280,HEADPHONES,Marshall,"Major IV Wireless On-Ear Headphones (Midnight Navy, Travel Pack Edition)",https://www.google.com/search?tbm=isch&q=Marshall+Major+IV+Wireless+On-Ear+Headphones+%28Midnight+Navy%2C+Travel+Pack+Edition%29,https://www.bing.com/images/search?q=Marshall+Major+IV+Wireless+On-Ear+Headphones+%28Midnight+Navy%2C+Travel+Pack+Edition%29
281,HEADPHONES,Sennheiser,Momentum 4 Wireless Noise Cancelling Headphones,https://www.google.com/search?tbm=isch&q=Sennheiser+Momentum+4+Wireless+Noise+Cancelling+Headphones,https://www.bing.com/images/search?q=Sennheiser+Momentum+4+Wireless+Noise+Cancelling+Headphones
282,HEADPHONES,Sennheiser,Accentum Plus Wireless Headphones,https://www.google.com/search?tbm=isch&q=Sennheiser+Accentum+Plus+Wireless+Headphones,https://www.bing.com/images/search?q=Sennheiser+Accentum+Plus+Wireless+Headphones
283,HEADPHONES,Sennheiser,HD 660S2 Audiophile Open-Back Headphones,https://www.google.com/search?tbm=isch&q=Sennheiser+HD+660S2+Audiophile+Open-Back+Headphones,https://www.bing.com/images/search?q=Sennheiser+HD+660S2+Audiophile+Open-Back+Headphones
284,HEADPHONES,Sennheiser,HD 560S Reference Audio Headphones,https://www.google.com/search?tbm=isch&q=Sennheiser+HD+560S+Reference+Audio+Headphones,https://www.bing.com/images/search?q=Sennheiser+HD+560S+Reference+Audio+Headphones
285,HEADPHONES,Sennheiser,"Momentum 4 Wireless Noise Cancelling Headphones (Midnight Navy, Travel Pack Edition)",https://www.google.com/search?tbm=isch&q=Sennheiser+Momentum+4+Wireless+Noise+Cancelling+Headphones+%28Midnight+Navy%2C+Travel+Pack+Edition%29,https://www.bing.com/images/search?q=Sennheiser+Momentum+4+Wireless+Noise+Cancelling+Headphones+%28Midnight+Navy%2C+Travel+Pack+Edition%29
286,HEADPHONES,Sennheiser,"Accentum Plus Wireless Headphones (Smoky White, Audiophile Edition)",https://www.google.com/search?tbm=isch&q=Sennheiser+Accentum+Plus+Wireless+Headphones+%28Smoky+White%2C+Audiophile+Edition%29,https://www.bing.com/images/search?q=Sennheiser+Accentum+Plus+Wireless+Headphones+%28Smoky+White%2C+Audiophile+Edition%29
287,HEADPHONES,Sennheiser,"HD 660S2 Audiophile Open-Back Headphones (Champagne Gold, Travel Pack Edition)",https://www.google.com/search?tbm=isch&q=Sennheiser+HD+660S2+Audiophile+Open-Back+Headphones+%28Champagne+Gold%2C+Travel+Pack+Edition%29,https://www.bing.com/images/search?q=Sennheiser+HD+660S2+Audiophile+Open-Back+Headphones+%28Champagne+Gold%2C+Travel+Pack+Edition%29
288,HEADPHONES,Sennheiser,"HD 560S Reference Audio Headphones (Olive Green, Audiophile Edition)",https://www.google.com/search?tbm=isch&q=Sennheiser+HD+560S+Reference+Audio+Headphones+%28Olive+Green%2C+Audiophile+Edition%29,https://www.bing.com/images/search?q=Sennheiser+HD+560S+Reference+Audio+Headphones+%28Olive+Green%2C+Audiophile+Edition%29
289,HEADPHONES,Sennheiser,"Momentum 4 Wireless Noise Cancelling Headphones (Smoky White, Audiophile Edition)",https://www.google.com/search?tbm=isch&q=Sennheiser+Momentum+4+Wireless+Noise+Cancelling+Headphones+%28Smoky+White%2C+Audiophile+Edition%29,https://www.bing.com/images/search?q=Sennheiser+Momentum+4+Wireless+Noise+Cancelling+Headphones+%28Smoky+White%2C+Audiophile+Edition%29
290,HEADPHONES,Sennheiser,"Accentum Plus Wireless Headphones (Champagne Gold, Travel Pack Edition)",https://www.google.com/search?tbm=isch&q=Sennheiser+Accentum+Plus+Wireless+Headphones+%28Champagne+Gold%2C+Travel+Pack+Edition%29,https://www.bing.com/images/search?q=Sennheiser+Accentum+Plus+Wireless+Headphones+%28Champagne+Gold%2C+Travel+Pack+Edition%29
291,HEADPHONES,Sennheiser,"HD 660S2 Audiophile Open-Back Headphones (Olive Green, Audiophile Edition)",https://www.google.com/search?tbm=isch&q=Sennheiser+HD+660S2+Audiophile+Open-Back+Headphones+%28Olive+Green%2C+Audiophile+Edition%29,https://www.bing.com/images/search?q=Sennheiser+HD+660S2+Audiophile+Open-Back+Headphones+%28Olive+Green%2C+Audiophile+Edition%29
292,HEADPHONES,Sennheiser,"HD 560S Reference Audio Headphones (Matte Black, Travel Pack Edition)",https://www.google.com/search?tbm=isch&q=Sennheiser+HD+560S+Reference+Audio+Headphones+%28Matte+Black%2C+Travel+Pack+Edition%29,https://www.bing.com/images/search?q=Sennheiser+HD+560S+Reference+Audio+Headphones+%28Matte+Black%2C+Travel+Pack+Edition%29
293,HEADPHONES,Sony,WH-1000XM5 Wireless Noise Cancelling Headphones,https://www.google.com/search?tbm=isch&q=Sony+WH-1000XM5+Wireless+Noise+Cancelling+Headphones,https://www.bing.com/images/search?q=Sony+WH-1000XM5+Wireless+Noise+Cancelling+Headphones
294,HEADPHONES,Sony,WH-1000XM5 Wireless Headphones (Silver),https://www.google.com/search?tbm=isch&q=Sony+WH-1000XM5+Wireless+Headphones+%28Silver%29,https://www.bing.com/images/search?q=Sony+WH-1000XM5+Wireless+Headphones+%28Silver%29
295,HEADPHONES,Sony,WH-1000XM4 Wireless Noise Cancelling Headphones,https://www.google.com/search?tbm=isch&q=Sony+WH-1000XM4+Wireless+Noise+Cancelling+Headphones,https://www.bing.com/images/search?q=Sony+WH-1000XM4+Wireless+Noise+Cancelling+Headphones
296,HEADPHONES,Sony,WF-1000XM5 True Wireless Earbuds,https://www.google.com/search?tbm=isch&q=Sony+WF-1000XM5+True+Wireless+Earbuds,https://www.bing.com/images/search?q=Sony+WF-1000XM5+True+Wireless+Earbuds
297,HEADPHONES,Sony,WH-CH720N Wireless Over-Ear Headphones,https://www.google.com/search?tbm=isch&q=Sony+WH-CH720N+Wireless+Over-Ear+Headphones,https://www.bing.com/images/search?q=Sony+WH-CH720N+Wireless+Over-Ear+Headphones
298,HEADPHONES,Sony,WH-ULT900N ULT WEAR Wireless Bass Headphones,https://www.google.com/search?tbm=isch&q=Sony+WH-ULT900N+ULT+WEAR+Wireless+Bass+Headphones,https://www.bing.com/images/search?q=Sony+WH-ULT900N+ULT+WEAR+Wireless+Bass+Headphones
299,HEADPHONES,Sony,LinkBuds S Truly Wireless Earbuds,https://www.google.com/search?tbm=isch&q=Sony+LinkBuds+S+Truly+Wireless+Earbuds,https://www.bing.com/images/search?q=Sony+LinkBuds+S+Truly+Wireless+Earbuds
300,HEADPHONES,Sony,MDR-7506 Professional Studio Monitor Headphones,https://www.google.com/search?tbm=isch&q=Sony+MDR-7506+Professional+Studio+Monitor+Headphones,https://www.bing.com/images/search?q=Sony+MDR-7506+Professional+Studio+Monitor+Headphones
301,HEADPHONES,Sony,"WH-1000XM5 Wireless Headphones (Silver) (Glacier Silver, Audiophile Edition)",https://www.google.com/search?tbm=isch&q=Sony+WH-1000XM5+Wireless+Headphones+%28Silver%29+%28Glacier+Silver%2C+Audiophile+Edition%29,https://www.bing.com/images/search?q=Sony+WH-1000XM5+Wireless+Headphones+%28Silver%29+%28Glacier+Silver%2C+Audiophile+Edition%29
302,HEADPHONES,Sony,"WH-1000XM4 Wireless Noise Cancelling Headphones (Midnight Navy, Travel Pack Edition)",https://www.google.com/search?tbm=isch&q=Sony+WH-1000XM4+Wireless+Noise+Cancelling+Headphones+%28Midnight+Navy%2C+Travel+Pack+Edition%29,https://www.bing.com/images/search?q=Sony+WH-1000XM4+Wireless+Noise+Cancelling+Headphones+%28Midnight+Navy%2C+Travel+Pack+Edition%29
303,HEADPHONES,Sony,"WF-1000XM5 True Wireless Earbuds (Smoky White, Audiophile Edition)",https://www.google.com/search?tbm=isch&q=Sony+WF-1000XM5+True+Wireless+Earbuds+%28Smoky+White%2C+Audiophile+Edition%29,https://www.bing.com/images/search?q=Sony+WF-1000XM5+True+Wireless+Earbuds+%28Smoky+White%2C+Audiophile+Edition%29
304,HEADPHONES,Sony,"WH-CH720N Wireless Over-Ear Headphones (Champagne Gold, Travel Pack Edition)",https://www.google.com/search?tbm=isch&q=Sony+WH-CH720N+Wireless+Over-Ear+Headphones+%28Champagne+Gold%2C+Travel+Pack+Edition%29,https://www.bing.com/images/search?q=Sony+WH-CH720N+Wireless+Over-Ear+Headphones+%28Champagne+Gold%2C+Travel+Pack+Edition%29
305,HEADPHONES,Sony,"WH-ULT900N ULT WEAR Wireless Bass Headphones (Olive Green, Audiophile Edition)",https://www.google.com/search?tbm=isch&q=Sony+WH-ULT900N+ULT+WEAR+Wireless+Bass+Headphones+%28Olive+Green%2C+Audiophile+Edition%29,https://www.bing.com/images/search?q=Sony+WH-ULT900N+ULT+WEAR+Wireless+Bass+Headphones+%28Olive+Green%2C+Audiophile+Edition%29
306,HEADPHONES,Sony,"LinkBuds S Truly Wireless Earbuds (Matte Black, Travel Pack Edition)",https://www.google.com/search?tbm=isch&q=Sony+LinkBuds+S+Truly+Wireless+Earbuds+%28Matte+Black%2C+Travel+Pack+Edition%29,https://www.bing.com/images/search?q=Sony+LinkBuds+S+Truly+Wireless+Earbuds+%28Matte+Black%2C+Travel+Pack+Edition%29
307,HEADPHONES,Sony,"MDR-7506 Professional Studio Monitor Headphones (Glacier Silver, Audiophile Edition)",https://www.google.com/search?tbm=isch&q=Sony+MDR-7506+Professional+Studio+Monitor+Headphones+%28Glacier+Silver%2C+Audiophile+Edition%29,https://www.bing.com/images/search?q=Sony+MDR-7506+Professional+Studio+Monitor+Headphones+%28Glacier+Silver%2C+Audiophile+Edition%29
308,HEADPHONES,Sony,"WH-1000XM5 Wireless Noise Cancelling Headphones (Glacier Silver, Audiophile Edition)",https://www.google.com/search?tbm=isch&q=Sony+WH-1000XM5+Wireless+Noise+Cancelling+Headphones+%28Glacier+Silver%2C+Audiophile+Edition%29,https://www.bing.com/images/search?q=Sony+WH-1000XM5+Wireless+Noise+Cancelling+Headphones+%28Glacier+Silver%2C+Audiophile+Edition%29
309,HEADPHONES,Sony,"WH-1000XM5 Wireless Headphones (Silver) (Midnight Navy, Travel Pack Edition)",https://www.google.com/search?tbm=isch&q=Sony+WH-1000XM5+Wireless+Headphones+%28Silver%29+%28Midnight+Navy%2C+Travel+Pack+Edition%29,https://www.bing.com/images/search?q=Sony+WH-1000XM5+Wireless+Headphones+%28Silver%29+%28Midnight+Navy%2C+Travel+Pack+Edition%29
310,HEADPHONES,Sony,"WH-1000XM4 Wireless Noise Cancelling Headphones (Smoky White, Audiophile Edition)",https://www.google.com/search?tbm=isch&q=Sony+WH-1000XM4+Wireless+Noise+Cancelling+Headphones+%28Smoky+White%2C+Audiophile+Edition%29,https://www.bing.com/images/search?q=Sony+WH-1000XM4+Wireless+Noise+Cancelling+Headphones+%28Smoky+White%2C+Audiophile+Edition%29
311,HEADPHONES,Sony,"WF-1000XM5 True Wireless Earbuds (Champagne Gold, Travel Pack Edition)",https://www.google.com/search?tbm=isch&q=Sony+WF-1000XM5+True+Wireless+Earbuds+%28Champagne+Gold%2C+Travel+Pack+Edition%29,https://www.bing.com/images/search?q=Sony+WF-1000XM5+True+Wireless+Earbuds+%28Champagne+Gold%2C+Travel+Pack+Edition%29
312,HEADPHONES,Sony,"WH-CH720N Wireless Over-Ear Headphones (Olive Green, Audiophile Edition)",https://www.google.com/search?tbm=isch&q=Sony+WH-CH720N+Wireless+Over-Ear+Headphones+%28Olive+Green%2C+Audiophile+Edition%29,https://www.bing.com/images/search?q=Sony+WH-CH720N+Wireless+Over-Ear+Headphones+%28Olive+Green%2C+Audiophile+Edition%29
313,HEADPHONES,Sony,"WH-ULT900N ULT WEAR Wireless Bass Headphones (Matte Black, Travel Pack Edition)",https://www.google.com/search?tbm=isch&q=Sony+WH-ULT900N+ULT+WEAR+Wireless+Bass+Headphones+%28Matte+Black%2C+Travel+Pack+Edition%29,https://www.bing.com/images/search?q=Sony+WH-ULT900N+ULT+WEAR+Wireless+Bass+Headphones+%28Matte+Black%2C+Travel+Pack+Edition%29
314,HEADPHONES,Sony,"LinkBuds S Truly Wireless Earbuds (Glacier Silver, Audiophile Edition)",https://www.google.com/search?tbm=isch&q=Sony+LinkBuds+S+Truly+Wireless+Earbuds+%28Glacier+Silver%2C+Audiophile+Edition%29,https://www.bing.com/images/search?q=Sony+LinkBuds+S+Truly+Wireless+Earbuds+%28Glacier+Silver%2C+Audiophile+Edition%29
315,HEADPHONES,Sony,"MDR-7506 Professional Studio Monitor Headphones (Midnight Navy, Travel Pack Edition)",https://www.google.com/search?tbm=isch&q=Sony+MDR-7506+Professional+Studio+Monitor+Headphones+%28Midnight+Navy%2C+Travel+Pack+Edition%29,https://www.bing.com/images/search?q=Sony+MDR-7506+Professional+Studio+Monitor+Headphones+%28Midnight+Navy%2C+Travel+Pack+Edition%29
316,SMARTWATCHES,Amazfit,Balance Smartwatch with AI Sleep & Fitness Coach,https://www.google.com/search?tbm=isch&q=Amazfit+Balance+Smartwatch+with+AI+Sleep+%26+Fitness+Coach,https://www.bing.com/images/search?q=Amazfit+Balance+Smartwatch+with+AI+Sleep+%26+Fitness+Coach
317,SMARTWATCHES,Amazfit,Cheetah Pro Premium GPS Running Watch,https://www.google.com/search?tbm=isch&q=Amazfit+Cheetah+Pro+Premium+GPS+Running+Watch,https://www.bing.com/images/search?q=Amazfit+Cheetah+Pro+Premium+GPS+Running+Watch
318,SMARTWATCHES,Amazfit,T-Rex 2 Rugged Outdoor Watch 15 Military Certifications,https://www.google.com/search?tbm=isch&q=Amazfit+T-Rex+2+Rugged+Outdoor+Watch+15+Military+Certifications,https://www.bing.com/images/search?q=Amazfit+T-Rex+2+Rugged+Outdoor+Watch+15+Military+Certifications
319,SMARTWATCHES,Amazfit,Balance Smartwatch with AI Sleep & Fitness Coach (Ocean Diver Strap),https://www.google.com/search?tbm=isch&q=Amazfit+Balance+Smartwatch+with+AI+Sleep+%26+Fitness+Coach+%28Ocean+Diver+Strap%29,https://www.bing.com/images/search?q=Amazfit+Balance+Smartwatch+with+AI+Sleep+%26+Fitness+Coach+%28Ocean+Diver+Strap%29
320,SMARTWATCHES,Amazfit,Cheetah Pro Premium GPS Running Watch (Silicone Rugged Strap),https://www.google.com/search?tbm=isch&q=Amazfit+Cheetah+Pro+Premium+GPS+Running+Watch+%28Silicone+Rugged+Strap%29,https://www.bing.com/images/search?q=Amazfit+Cheetah+Pro+Premium+GPS+Running+Watch+%28Silicone+Rugged+Strap%29
321,SMARTWATCHES,Amazfit,T-Rex 2 Rugged Outdoor Watch 15 Military Certifications (Sport Loop Band),https://www.google.com/search?tbm=isch&q=Amazfit+T-Rex+2+Rugged+Outdoor+Watch+15+Military+Certifications+%28Sport+Loop+Band%29,https://www.bing.com/images/search?q=Amazfit+T-Rex+2+Rugged+Outdoor+Watch+15+Military+Certifications+%28Sport+Loop+Band%29
322,SMARTWATCHES,Amazfit,Balance Smartwatch with AI Sleep & Fitness Coach (Silicone Rugged Strap),https://www.google.com/search?tbm=isch&q=Amazfit+Balance+Smartwatch+with+AI+Sleep+%26+Fitness+Coach+%28Silicone+Rugged+Strap%29,https://www.bing.com/images/search?q=Amazfit+Balance+Smartwatch+with+AI+Sleep+%26+Fitness+Coach+%28Silicone+Rugged+Strap%29
323,SMARTWATCHES,Amazfit,Cheetah Pro Premium GPS Running Watch (Sport Loop Band),https://www.google.com/search?tbm=isch&q=Amazfit+Cheetah+Pro+Premium+GPS+Running+Watch+%28Sport+Loop+Band%29,https://www.bing.com/images/search?q=Amazfit+Cheetah+Pro+Premium+GPS+Running+Watch+%28Sport+Loop+Band%29
324,SMARTWATCHES,Amazfit,T-Rex 2 Rugged Outdoor Watch 15 Military Certifications (Alpine Trail Loop),https://www.google.com/search?tbm=isch&q=Amazfit+T-Rex+2+Rugged+Outdoor+Watch+15+Military+Certifications+%28Alpine+Trail+Loop%29,https://www.bing.com/images/search?q=Amazfit+T-Rex+2+Rugged+Outdoor+Watch+15+Military+Certifications+%28Alpine+Trail+Loop%29
325,SMARTWATCHES,Apple,Apple Watch Ultra 2 GPS + Cellular 49mm Titanium,https://www.google.com/search?tbm=isch&q=Apple+Apple+Watch+Ultra+2+GPS+%2B+Cellular+49mm+Titanium,https://www.bing.com/images/search?q=Apple+Apple+Watch+Ultra+2+GPS+%2B+Cellular+49mm+Titanium
326,SMARTWATCHES,Apple,Apple Watch Ultra 2 with Black Titanium Milanese Loop,https://www.google.com/search?tbm=isch&q=Apple+Apple+Watch+Ultra+2+with+Black+Titanium+Milanese+Loop,https://www.bing.com/images/search?q=Apple+Apple+Watch+Ultra+2+with+Black+Titanium+Milanese+Loop
327,SMARTWATCHES,Apple,Apple Watch Series 9 GPS 45mm Midnight Aluminum,https://www.google.com/search?tbm=isch&q=Apple+Apple+Watch+Series+9+GPS+45mm+Midnight+Aluminum,https://www.bing.com/images/search?q=Apple+Apple+Watch+Series+9+GPS+45mm+Midnight+Aluminum
328,SMARTWATCHES,Apple,Apple Watch Series 9 GPS + Cellular 45mm Stainless Steel,https://www.google.com/search?tbm=isch&q=Apple+Apple+Watch+Series+9+GPS+%2B+Cellular+45mm+Stainless+Steel,https://www.bing.com/images/search?q=Apple+Apple+Watch+Series+9+GPS+%2B+Cellular+45mm+Stainless+Steel
329,SMARTWATCHES,Apple,Apple Watch Series 9 GPS 41mm Starlight,https://www.google.com/search?tbm=isch&q=Apple+Apple+Watch+Series+9+GPS+41mm+Starlight,https://www.bing.com/images/search?q=Apple+Apple+Watch+Series+9+GPS+41mm+Starlight
330,SMARTWATCHES,Apple,Apple Watch Series 9 GPS 45mm (PRODUCT)RED,https://www.google.com/search?tbm=isch&q=Apple+Apple+Watch+Series+9+GPS+45mm+%28PRODUCT%29RED,https://www.bing.com/images/search?q=Apple+Apple+Watch+Series+9+GPS+45mm+%28PRODUCT%29RED
331,SMARTWATCHES,Apple,Apple Watch SE (2nd Gen) GPS 44mm Midnight,https://www.google.com/search?tbm=isch&q=Apple+Apple+Watch+SE+%282nd+Gen%29+GPS+44mm+Midnight,https://www.bing.com/images/search?q=Apple+Apple+Watch+SE+%282nd+Gen%29+GPS+44mm+Midnight
332,SMARTWATCHES,Apple,Apple Watch SE (2nd Gen) GPS 40mm Starlight,https://www.google.com/search?tbm=isch&q=Apple+Apple+Watch+SE+%282nd+Gen%29+GPS+40mm+Starlight,https://www.bing.com/images/search?q=Apple+Apple+Watch+SE+%282nd+Gen%29+GPS+40mm+Starlight
333,SMARTWATCHES,Apple,Apple Watch Ultra 2 with Black Titanium Milanese Loop (Alpine Trail Loop),https://www.google.com/search?tbm=isch&q=Apple+Apple+Watch+Ultra+2+with+Black+Titanium+Milanese+Loop+%28Alpine+Trail+Loop%29,https://www.bing.com/images/search?q=Apple+Apple+Watch+Ultra+2+with+Black+Titanium+Milanese+Loop+%28Alpine+Trail+Loop%29
334,SMARTWATCHES,Apple,Apple Watch Series 9 GPS 45mm Midnight Aluminum (Leather Link Edition),https://www.google.com/search?tbm=isch&q=Apple+Apple+Watch+Series+9+GPS+45mm+Midnight+Aluminum+%28Leather+Link+Edition%29,https://www.bing.com/images/search?q=Apple+Apple+Watch+Series+9+GPS+45mm+Midnight+Aluminum+%28Leather+Link+Edition%29
335,SMARTWATCHES,Apple,Apple Watch Series 9 GPS + Cellular 45mm Stainless Steel (Titanium Bracelet Edition),https://www.google.com/search?tbm=isch&q=Apple+Apple+Watch+Series+9+GPS+%2B+Cellular+45mm+Stainless+Steel+%28Titanium+Bracelet+Edition%29,https://www.bing.com/images/search?q=Apple+Apple+Watch+Series+9+GPS+%2B+Cellular+45mm+Stainless+Steel+%28Titanium+Bracelet+Edition%29
336,SMARTWATCHES,Apple,Apple Watch Series 9 GPS 41mm Starlight (Ocean Diver Strap),https://www.google.com/search?tbm=isch&q=Apple+Apple+Watch+Series+9+GPS+41mm+Starlight+%28Ocean+Diver+Strap%29,https://www.bing.com/images/search?q=Apple+Apple+Watch+Series+9+GPS+41mm+Starlight+%28Ocean+Diver+Strap%29
337,SMARTWATCHES,Apple,Apple Watch Series 9 GPS 45mm (PRODUCT)RED (Silicone Rugged Strap),https://www.google.com/search?tbm=isch&q=Apple+Apple+Watch+Series+9+GPS+45mm+%28PRODUCT%29RED+%28Silicone+Rugged+Strap%29,https://www.bing.com/images/search?q=Apple+Apple+Watch+Series+9+GPS+45mm+%28PRODUCT%29RED+%28Silicone+Rugged+Strap%29
338,SMARTWATCHES,Apple,Apple Watch SE (2nd Gen) GPS 44mm Midnight (Sport Loop Band),https://www.google.com/search?tbm=isch&q=Apple+Apple+Watch+SE+%282nd+Gen%29+GPS+44mm+Midnight+%28Sport+Loop+Band%29,https://www.bing.com/images/search?q=Apple+Apple+Watch+SE+%282nd+Gen%29+GPS+44mm+Midnight+%28Sport+Loop+Band%29
339,SMARTWATCHES,Apple,Apple Watch SE (2nd Gen) GPS 40mm Starlight (Alpine Trail Loop),https://www.google.com/search?tbm=isch&q=Apple+Apple+Watch+SE+%282nd+Gen%29+GPS+40mm+Starlight+%28Alpine+Trail+Loop%29,https://www.bing.com/images/search?q=Apple+Apple+Watch+SE+%282nd+Gen%29+GPS+40mm+Starlight+%28Alpine+Trail+Loop%29
340,SMARTWATCHES,Apple,Apple Watch Ultra 2 GPS + Cellular 49mm Titanium (Alpine Trail Loop),https://www.google.com/search?tbm=isch&q=Apple+Apple+Watch+Ultra+2+GPS+%2B+Cellular+49mm+Titanium+%28Alpine+Trail+Loop%29,https://www.bing.com/images/search?q=Apple+Apple+Watch+Ultra+2+GPS+%2B+Cellular+49mm+Titanium+%28Alpine+Trail+Loop%29
341,SMARTWATCHES,Apple,Apple Watch Ultra 2 with Black Titanium Milanese Loop (Leather Link Edition),https://www.google.com/search?tbm=isch&q=Apple+Apple+Watch+Ultra+2+with+Black+Titanium+Milanese+Loop+%28Leather+Link+Edition%29,https://www.bing.com/images/search?q=Apple+Apple+Watch+Ultra+2+with+Black+Titanium+Milanese+Loop+%28Leather+Link+Edition%29
342,SMARTWATCHES,Apple,Apple Watch Series 9 GPS 45mm Midnight Aluminum (Titanium Bracelet Edition),https://www.google.com/search?tbm=isch&q=Apple+Apple+Watch+Series+9+GPS+45mm+Midnight+Aluminum+%28Titanium+Bracelet+Edition%29,https://www.bing.com/images/search?q=Apple+Apple+Watch+Series+9+GPS+45mm+Midnight+Aluminum+%28Titanium+Bracelet+Edition%29
343,SMARTWATCHES,Apple,Apple Watch Series 9 GPS + Cellular 45mm Stainless Steel (Ocean Diver Strap),https://www.google.com/search?tbm=isch&q=Apple+Apple+Watch+Series+9+GPS+%2B+Cellular+45mm+Stainless+Steel+%28Ocean+Diver+Strap%29,https://www.bing.com/images/search?q=Apple+Apple+Watch+Series+9+GPS+%2B+Cellular+45mm+Stainless+Steel+%28Ocean+Diver+Strap%29
344,SMARTWATCHES,Apple,Apple Watch Series 9 GPS 41mm Starlight (Silicone Rugged Strap),https://www.google.com/search?tbm=isch&q=Apple+Apple+Watch+Series+9+GPS+41mm+Starlight+%28Silicone+Rugged+Strap%29,https://www.bing.com/images/search?q=Apple+Apple+Watch+Series+9+GPS+41mm+Starlight+%28Silicone+Rugged+Strap%29
345,SMARTWATCHES,Apple,Apple Watch Series 9 GPS 45mm (PRODUCT)RED (Sport Loop Band),https://www.google.com/search?tbm=isch&q=Apple+Apple+Watch+Series+9+GPS+45mm+%28PRODUCT%29RED+%28Sport+Loop+Band%29,https://www.bing.com/images/search?q=Apple+Apple+Watch+Series+9+GPS+45mm+%28PRODUCT%29RED+%28Sport+Loop+Band%29
346,SMARTWATCHES,Apple,Apple Watch SE (2nd Gen) GPS 44mm Midnight (Alpine Trail Loop),https://www.google.com/search?tbm=isch&q=Apple+Apple+Watch+SE+%282nd+Gen%29+GPS+44mm+Midnight+%28Alpine+Trail+Loop%29,https://www.bing.com/images/search?q=Apple+Apple+Watch+SE+%282nd+Gen%29+GPS+44mm+Midnight+%28Alpine+Trail+Loop%29
347,SMARTWATCHES,Apple,Apple Watch SE (2nd Gen) GPS 40mm Starlight (Leather Link Edition),https://www.google.com/search?tbm=isch&q=Apple+Apple+Watch+SE+%282nd+Gen%29+GPS+40mm+Starlight+%28Leather+Link+Edition%29,https://www.bing.com/images/search?q=Apple+Apple+Watch+SE+%282nd+Gen%29+GPS+40mm+Starlight+%28Leather+Link+Edition%29
348,SMARTWATCHES,Apple,Apple Watch Ultra 2 GPS + Cellular 49mm Titanium (Leather Link Edition),https://www.google.com/search?tbm=isch&q=Apple+Apple+Watch+Ultra+2+GPS+%2B+Cellular+49mm+Titanium+%28Leather+Link+Edition%29,https://www.bing.com/images/search?q=Apple+Apple+Watch+Ultra+2+GPS+%2B+Cellular+49mm+Titanium+%28Leather+Link+Edition%29
349,SMARTWATCHES,Apple,Apple Watch Ultra 2 with Black Titanium Milanese Loop (Titanium Bracelet Edition),https://www.google.com/search?tbm=isch&q=Apple+Apple+Watch+Ultra+2+with+Black+Titanium+Milanese+Loop+%28Titanium+Bracelet+Edition%29,https://www.bing.com/images/search?q=Apple+Apple+Watch+Ultra+2+with+Black+Titanium+Milanese+Loop+%28Titanium+Bracelet+Edition%29
350,SMARTWATCHES,Apple,Apple Watch Series 9 GPS 45mm Midnight Aluminum (Ocean Diver Strap),https://www.google.com/search?tbm=isch&q=Apple+Apple+Watch+Series+9+GPS+45mm+Midnight+Aluminum+%28Ocean+Diver+Strap%29,https://www.bing.com/images/search?q=Apple+Apple+Watch+Series+9+GPS+45mm+Midnight+Aluminum+%28Ocean+Diver+Strap%29
351,SMARTWATCHES,Apple,Apple Watch Series 9 GPS + Cellular 45mm Stainless Steel (Silicone Rugged Strap),https://www.google.com/search?tbm=isch&q=Apple+Apple+Watch+Series+9+GPS+%2B+Cellular+45mm+Stainless+Steel+%28Silicone+Rugged+Strap%29,https://www.bing.com/images/search?q=Apple+Apple+Watch+Series+9+GPS+%2B+Cellular+45mm+Stainless+Steel+%28Silicone+Rugged+Strap%29
352,SMARTWATCHES,Apple,Apple Watch Series 9 GPS 41mm Starlight (Sport Loop Band),https://www.google.com/search?tbm=isch&q=Apple+Apple+Watch+Series+9+GPS+41mm+Starlight+%28Sport+Loop+Band%29,https://www.bing.com/images/search?q=Apple+Apple+Watch+Series+9+GPS+41mm+Starlight+%28Sport+Loop+Band%29
353,SMARTWATCHES,Apple,Apple Watch Series 9 GPS 45mm (PRODUCT)RED (Alpine Trail Loop),https://www.google.com/search?tbm=isch&q=Apple+Apple+Watch+Series+9+GPS+45mm+%28PRODUCT%29RED+%28Alpine+Trail+Loop%29,https://www.bing.com/images/search?q=Apple+Apple+Watch+Series+9+GPS+45mm+%28PRODUCT%29RED+%28Alpine+Trail+Loop%29
354,SMARTWATCHES,Apple,Apple Watch SE (2nd Gen) GPS 44mm Midnight (Leather Link Edition),https://www.google.com/search?tbm=isch&q=Apple+Apple+Watch+SE+%282nd+Gen%29+GPS+44mm+Midnight+%28Leather+Link+Edition%29,https://www.bing.com/images/search?q=Apple+Apple+Watch+SE+%282nd+Gen%29+GPS+44mm+Midnight+%28Leather+Link+Edition%29
355,SMARTWATCHES,Apple,Apple Watch SE (2nd Gen) GPS 40mm Starlight (Titanium Bracelet Edition),https://www.google.com/search?tbm=isch&q=Apple+Apple+Watch+SE+%282nd+Gen%29+GPS+40mm+Starlight+%28Titanium+Bracelet+Edition%29,https://www.bing.com/images/search?q=Apple+Apple+Watch+SE+%282nd+Gen%29+GPS+40mm+Starlight+%28Titanium+Bracelet+Edition%29
356,SMARTWATCHES,Garmin,Epix Pro (Gen 2) 51mm Sapphire Edition Titanium,https://www.google.com/search?tbm=isch&q=Garmin+Epix+Pro+%28Gen+2%29+51mm+Sapphire+Edition+Titanium,https://www.bing.com/images/search?q=Garmin+Epix+Pro+%28Gen+2%29+51mm+Sapphire+Edition+Titanium
357,SMARTWATCHES,Garmin,Fenix 7 Pro Solar Sapphire Edition 47mm,https://www.google.com/search?tbm=isch&q=Garmin+Fenix+7+Pro+Solar+Sapphire+Edition+47mm,https://www.bing.com/images/search?q=Garmin+Fenix+7+Pro+Solar+Sapphire+Edition+47mm
358,SMARTWATCHES,Garmin,Forerunner 965 Premium GPS Running Watch,https://www.google.com/search?tbm=isch&q=Garmin+Forerunner+965+Premium+GPS+Running+Watch,https://www.bing.com/images/search?q=Garmin+Forerunner+965+Premium+GPS+Running+Watch
359,SMARTWATCHES,Garmin,Forerunner 265 GPS Running Smartwatch 46mm,https://www.google.com/search?tbm=isch&q=Garmin+Forerunner+265+GPS+Running+Smartwatch+46mm,https://www.bing.com/images/search?q=Garmin+Forerunner+265+GPS+Running+Smartwatch+46mm
360,SMARTWATCHES,Garmin,Venu 3 GPS Smartwatch Slate Stainless Steel,https://www.google.com/search?tbm=isch&q=Garmin+Venu+3+GPS+Smartwatch+Slate+Stainless+Steel,https://www.bing.com/images/search?q=Garmin+Venu+3+GPS+Smartwatch+Slate+Stainless+Steel
361,SMARTWATCHES,Garmin,Instinct 2X Solar Rugged GPS Watch 50mm,https://www.google.com/search?tbm=isch&q=Garmin+Instinct+2X+Solar+Rugged+GPS+Watch+50mm,https://www.bing.com/images/search?q=Garmin+Instinct+2X+Solar+Rugged+GPS+Watch+50mm
362,SMARTWATCHES,Garmin,Epix Pro (Gen 2) 51mm Sapphire Edition Titanium (Silicone Rugged Strap),https://www.google.com/search?tbm=isch&q=Garmin+Epix+Pro+%28Gen+2%29+51mm+Sapphire+Edition+Titanium+%28Silicone+Rugged+Strap%29,https://www.bing.com/images/search?q=Garmin+Epix+Pro+%28Gen+2%29+51mm+Sapphire+Edition+Titanium+%28Silicone+Rugged+Strap%29
363,SMARTWATCHES,Garmin,Fenix 7 Pro Solar Sapphire Edition 47mm (Sport Loop Band),https://www.google.com/search?tbm=isch&q=Garmin+Fenix+7+Pro+Solar+Sapphire+Edition+47mm+%28Sport+Loop+Band%29,https://www.bing.com/images/search?q=Garmin+Fenix+7+Pro+Solar+Sapphire+Edition+47mm+%28Sport+Loop+Band%29
364,SMARTWATCHES,Garmin,Forerunner 965 Premium GPS Running Watch (Alpine Trail Loop),https://www.google.com/search?tbm=isch&q=Garmin+Forerunner+965+Premium+GPS+Running+Watch+%28Alpine+Trail+Loop%29,https://www.bing.com/images/search?q=Garmin+Forerunner+965+Premium+GPS+Running+Watch+%28Alpine+Trail+Loop%29
365,SMARTWATCHES,Garmin,Forerunner 265 GPS Running Smartwatch 46mm (Leather Link Edition),https://www.google.com/search?tbm=isch&q=Garmin+Forerunner+265+GPS+Running+Smartwatch+46mm+%28Leather+Link+Edition%29,https://www.bing.com/images/search?q=Garmin+Forerunner+265+GPS+Running+Smartwatch+46mm+%28Leather+Link+Edition%29
366,SMARTWATCHES,Garmin,Venu 3 GPS Smartwatch Slate Stainless Steel (Titanium Bracelet Edition),https://www.google.com/search?tbm=isch&q=Garmin+Venu+3+GPS+Smartwatch+Slate+Stainless+Steel+%28Titanium+Bracelet+Edition%29,https://www.bing.com/images/search?q=Garmin+Venu+3+GPS+Smartwatch+Slate+Stainless+Steel+%28Titanium+Bracelet+Edition%29
367,SMARTWATCHES,Garmin,Instinct 2X Solar Rugged GPS Watch 50mm (Ocean Diver Strap),https://www.google.com/search?tbm=isch&q=Garmin+Instinct+2X+Solar+Rugged+GPS+Watch+50mm+%28Ocean+Diver+Strap%29,https://www.bing.com/images/search?q=Garmin+Instinct+2X+Solar+Rugged+GPS+Watch+50mm+%28Ocean+Diver+Strap%29
368,SMARTWATCHES,Garmin,Epix Pro (Gen 2) 51mm Sapphire Edition Titanium (Sport Loop Band),https://www.google.com/search?tbm=isch&q=Garmin+Epix+Pro+%28Gen+2%29+51mm+Sapphire+Edition+Titanium+%28Sport+Loop+Band%29,https://www.bing.com/images/search?q=Garmin+Epix+Pro+%28Gen+2%29+51mm+Sapphire+Edition+Titanium+%28Sport+Loop+Band%29
369,SMARTWATCHES,Garmin,Fenix 7 Pro Solar Sapphire Edition 47mm (Alpine Trail Loop),https://www.google.com/search?tbm=isch&q=Garmin+Fenix+7+Pro+Solar+Sapphire+Edition+47mm+%28Alpine+Trail+Loop%29,https://www.bing.com/images/search?q=Garmin+Fenix+7+Pro+Solar+Sapphire+Edition+47mm+%28Alpine+Trail+Loop%29
370,SMARTWATCHES,Garmin,Forerunner 965 Premium GPS Running Watch (Leather Link Edition),https://www.google.com/search?tbm=isch&q=Garmin+Forerunner+965+Premium+GPS+Running+Watch+%28Leather+Link+Edition%29,https://www.bing.com/images/search?q=Garmin+Forerunner+965+Premium+GPS+Running+Watch+%28Leather+Link+Edition%29
371,SMARTWATCHES,Garmin,Forerunner 265 GPS Running Smartwatch 46mm (Titanium Bracelet Edition),https://www.google.com/search?tbm=isch&q=Garmin+Forerunner+265+GPS+Running+Smartwatch+46mm+%28Titanium+Bracelet+Edition%29,https://www.bing.com/images/search?q=Garmin+Forerunner+265+GPS+Running+Smartwatch+46mm+%28Titanium+Bracelet+Edition%29
372,SMARTWATCHES,Garmin,Venu 3 GPS Smartwatch Slate Stainless Steel (Ocean Diver Strap),https://www.google.com/search?tbm=isch&q=Garmin+Venu+3+GPS+Smartwatch+Slate+Stainless+Steel+%28Ocean+Diver+Strap%29,https://www.bing.com/images/search?q=Garmin+Venu+3+GPS+Smartwatch+Slate+Stainless+Steel+%28Ocean+Diver+Strap%29
373,SMARTWATCHES,Garmin,Instinct 2X Solar Rugged GPS Watch 50mm (Silicone Rugged Strap),https://www.google.com/search?tbm=isch&q=Garmin+Instinct+2X+Solar+Rugged+GPS+Watch+50mm+%28Silicone+Rugged+Strap%29,https://www.bing.com/images/search?q=Garmin+Instinct+2X+Solar+Rugged+GPS+Watch+50mm+%28Silicone+Rugged+Strap%29
374,SMARTWATCHES,Google,Pixel Watch 3 45mm Matte Black with Obsidian Active Band,https://www.google.com/search?tbm=isch&q=Google+Pixel+Watch+3+45mm+Matte+Black+with+Obsidian+Active+Band,https://www.bing.com/images/search?q=Google+Pixel+Watch+3+45mm+Matte+Black+with+Obsidian+Active+Band
375,SMARTWATCHES,Google,Pixel Watch 3 41mm Polished Silver with Porcelain Band,https://www.google.com/search?tbm=isch&q=Google+Pixel+Watch+3+41mm+Polished+Silver+with+Porcelain+Band,https://www.bing.com/images/search?q=Google+Pixel+Watch+3+41mm+Polished+Silver+with+Porcelain+Band
376,SMARTWATCHES,Google,Pixel Watch 2 Matte Black Aluminum Case,https://www.google.com/search?tbm=isch&q=Google+Pixel+Watch+2+Matte+Black+Aluminum+Case,https://www.bing.com/images/search?q=Google+Pixel+Watch+2+Matte+Black+Aluminum+Case
377,SMARTWATCHES,Google,Pixel Watch 3 45mm Matte Black with Obsidian Active Band (Silicone Rugged Strap),https://www.google.com/search?tbm=isch&q=Google+Pixel+Watch+3+45mm+Matte+Black+with+Obsidian+Active+Band+%28Silicone+Rugged+Strap%29,https://www.bing.com/images/search?q=Google+Pixel+Watch+3+45mm+Matte+Black+with+Obsidian+Active+Band+%28Silicone+Rugged+Strap%29
378,SMARTWATCHES,Google,Pixel Watch 3 41mm Polished Silver with Porcelain Band (Sport Loop Band),https://www.google.com/search?tbm=isch&q=Google+Pixel+Watch+3+41mm+Polished+Silver+with+Porcelain+Band+%28Sport+Loop+Band%29,https://www.bing.com/images/search?q=Google+Pixel+Watch+3+41mm+Polished+Silver+with+Porcelain+Band+%28Sport+Loop+Band%29
379,SMARTWATCHES,Google,Pixel Watch 2 Matte Black Aluminum Case (Alpine Trail Loop),https://www.google.com/search?tbm=isch&q=Google+Pixel+Watch+2+Matte+Black+Aluminum+Case+%28Alpine+Trail+Loop%29,https://www.bing.com/images/search?q=Google+Pixel+Watch+2+Matte+Black+Aluminum+Case+%28Alpine+Trail+Loop%29
380,SMARTWATCHES,Google,Pixel Watch 3 45mm Matte Black with Obsidian Active Band (Sport Loop Band),https://www.google.com/search?tbm=isch&q=Google+Pixel+Watch+3+45mm+Matte+Black+with+Obsidian+Active+Band+%28Sport+Loop+Band%29,https://www.bing.com/images/search?q=Google+Pixel+Watch+3+45mm+Matte+Black+with+Obsidian+Active+Band+%28Sport+Loop+Band%29
381,SMARTWATCHES,Google,Pixel Watch 3 41mm Polished Silver with Porcelain Band (Alpine Trail Loop),https://www.google.com/search?tbm=isch&q=Google+Pixel+Watch+3+41mm+Polished+Silver+with+Porcelain+Band+%28Alpine+Trail+Loop%29,https://www.bing.com/images/search?q=Google+Pixel+Watch+3+41mm+Polished+Silver+with+Porcelain+Band+%28Alpine+Trail+Loop%29
382,SMARTWATCHES,Google,Pixel Watch 2 Matte Black Aluminum Case (Leather Link Edition),https://www.google.com/search?tbm=isch&q=Google+Pixel+Watch+2+Matte+Black+Aluminum+Case+%28Leather+Link+Edition%29,https://www.bing.com/images/search?q=Google+Pixel+Watch+2+Matte+Black+Aluminum+Case+%28Leather+Link+Edition%29
383,SMARTWATCHES,OnePlus,OnePlus Watch 2 (Qualcomm Snapdragon W5 + BES2700),https://www.google.com/search?tbm=isch&q=OnePlus+OnePlus+Watch+2+%28Qualcomm+Snapdragon+W5+%2B+BES2700%29,https://www.bing.com/images/search?q=OnePlus+OnePlus+Watch+2+%28Qualcomm+Snapdragon+W5+%2B+BES2700%29
384,SMARTWATCHES,OnePlus,OnePlus Watch 2R Forest Green,https://www.google.com/search?tbm=isch&q=OnePlus+OnePlus+Watch+2R+Forest+Green,https://www.bing.com/images/search?q=OnePlus+OnePlus+Watch+2R+Forest+Green
385,SMARTWATCHES,OnePlus,OnePlus Watch 2 (Qualcomm Snapdragon W5 + BES2700) (Leather Link Edition),https://www.google.com/search?tbm=isch&q=OnePlus+OnePlus+Watch+2+%28Qualcomm+Snapdragon+W5+%2B+BES2700%29+%28Leather+Link+Edition%29,https://www.bing.com/images/search?q=OnePlus+OnePlus+Watch+2+%28Qualcomm+Snapdragon+W5+%2B+BES2700%29+%28Leather+Link+Edition%29
386,SMARTWATCHES,OnePlus,OnePlus Watch 2R Forest Green (Titanium Bracelet Edition),https://www.google.com/search?tbm=isch&q=OnePlus+OnePlus+Watch+2R+Forest+Green+%28Titanium+Bracelet+Edition%29,https://www.bing.com/images/search?q=OnePlus+OnePlus+Watch+2R+Forest+Green+%28Titanium+Bracelet+Edition%29
387,SMARTWATCHES,OnePlus,OnePlus Watch 2 (Qualcomm Snapdragon W5 + BES2700) (Titanium Bracelet Edition),https://www.google.com/search?tbm=isch&q=OnePlus+OnePlus+Watch+2+%28Qualcomm+Snapdragon+W5+%2B+BES2700%29+%28Titanium+Bracelet+Edition%29,https://www.bing.com/images/search?q=OnePlus+OnePlus+Watch+2+%28Qualcomm+Snapdragon+W5+%2B+BES2700%29+%28Titanium+Bracelet+Edition%29
388,SMARTWATCHES,OnePlus,OnePlus Watch 2R Forest Green (Ocean Diver Strap),https://www.google.com/search?tbm=isch&q=OnePlus+OnePlus+Watch+2R+Forest+Green+%28Ocean+Diver+Strap%29,https://www.bing.com/images/search?q=OnePlus+OnePlus+Watch+2R+Forest+Green+%28Ocean+Diver+Strap%29
389,SMARTWATCHES,Samsung,Galaxy Watch Ultra 47mm LTE Titanium Gray,https://www.google.com/search?tbm=isch&q=Samsung+Galaxy+Watch+Ultra+47mm+LTE+Titanium+Gray,https://www.bing.com/images/search?q=Samsung+Galaxy+Watch+Ultra+47mm+LTE+Titanium+Gray
390,SMARTWATCHES,Samsung,Galaxy Watch Ultra 47mm LTE Titanium White,https://www.google.com/search?tbm=isch&q=Samsung+Galaxy+Watch+Ultra+47mm+LTE+Titanium+White,https://www.bing.com/images/search?q=Samsung+Galaxy+Watch+Ultra+47mm+LTE+Titanium+White
391,SMARTWATCHES,Samsung,Galaxy Watch 7 44mm Bluetooth Green,https://www.google.com/search?tbm=isch&q=Samsung+Galaxy+Watch+7+44mm+Bluetooth+Green,https://www.bing.com/images/search?q=Samsung+Galaxy+Watch+7+44mm+Bluetooth+Green
392,SMARTWATCHES,Samsung,Galaxy Watch 7 44mm LTE Silver,https://www.google.com/search?tbm=isch&q=Samsung+Galaxy+Watch+7+44mm+LTE+Silver,https://www.bing.com/images/search?q=Samsung+Galaxy+Watch+7+44mm+LTE+Silver
393,SMARTWATCHES,Samsung,Galaxy Watch 7 40mm Bluetooth Cream,https://www.google.com/search?tbm=isch&q=Samsung+Galaxy+Watch+7+40mm+Bluetooth+Cream,https://www.bing.com/images/search?q=Samsung+Galaxy+Watch+7+40mm+Bluetooth+Cream
394,SMARTWATCHES,Samsung,Galaxy Watch 6 Classic 47mm BT Black,https://www.google.com/search?tbm=isch&q=Samsung+Galaxy+Watch+6+Classic+47mm+BT+Black,https://www.bing.com/images/search?q=Samsung+Galaxy+Watch+6+Classic+47mm+BT+Black
395,SMARTWATCHES,Samsung,Galaxy Watch 6 Classic 43mm Silver,https://www.google.com/search?tbm=isch&q=Samsung+Galaxy+Watch+6+Classic+43mm+Silver,https://www.bing.com/images/search?q=Samsung+Galaxy+Watch+6+Classic+43mm+Silver
396,SMARTWATCHES,Samsung,Galaxy Watch 6 44mm Graphite,https://www.google.com/search?tbm=isch&q=Samsung+Galaxy+Watch+6+44mm+Graphite,https://www.bing.com/images/search?q=Samsung+Galaxy+Watch+6+44mm+Graphite
397,SMARTWATCHES,Samsung,Galaxy Watch 4 44mm Bluetooth,https://www.google.com/search?tbm=isch&q=Samsung+Galaxy+Watch+4+44mm+Bluetooth,https://www.bing.com/images/search?q=Samsung+Galaxy+Watch+4+44mm+Bluetooth
398,SMARTWATCHES,Samsung,Galaxy Watch Ultra 47mm LTE Titanium Gray (Leather Link Edition),https://www.google.com/search?tbm=isch&q=Samsung+Galaxy+Watch+Ultra+47mm+LTE+Titanium+Gray+%28Leather+Link+Edition%29,https://www.bing.com/images/search?q=Samsung+Galaxy+Watch+Ultra+47mm+LTE+Titanium+Gray+%28Leather+Link+Edition%29
399,SMARTWATCHES,Samsung,Galaxy Watch Ultra 47mm LTE Titanium White (Titanium Bracelet Edition),https://www.google.com/search?tbm=isch&q=Samsung+Galaxy+Watch+Ultra+47mm+LTE+Titanium+White+%28Titanium+Bracelet+Edition%29,https://www.bing.com/images/search?q=Samsung+Galaxy+Watch+Ultra+47mm+LTE+Titanium+White+%28Titanium+Bracelet+Edition%29
400,SMARTWATCHES,Samsung,Galaxy Watch 7 44mm Bluetooth Green (Ocean Diver Strap),https://www.google.com/search?tbm=isch&q=Samsung+Galaxy+Watch+7+44mm+Bluetooth+Green+%28Ocean+Diver+Strap%29,https://www.bing.com/images/search?q=Samsung+Galaxy+Watch+7+44mm+Bluetooth+Green+%28Ocean+Diver+Strap%29
401,SMARTWATCHES,Samsung,Galaxy Watch 7 44mm LTE Silver (Silicone Rugged Strap),https://www.google.com/search?tbm=isch&q=Samsung+Galaxy+Watch+7+44mm+LTE+Silver+%28Silicone+Rugged+Strap%29,https://www.bing.com/images/search?q=Samsung+Galaxy+Watch+7+44mm+LTE+Silver+%28Silicone+Rugged+Strap%29
402,SMARTWATCHES,Samsung,Galaxy Watch 7 40mm Bluetooth Cream (Sport Loop Band),https://www.google.com/search?tbm=isch&q=Samsung+Galaxy+Watch+7+40mm+Bluetooth+Cream+%28Sport+Loop+Band%29,https://www.bing.com/images/search?q=Samsung+Galaxy+Watch+7+40mm+Bluetooth+Cream+%28Sport+Loop+Band%29
403,SMARTWATCHES,Samsung,Galaxy Watch 6 Classic 47mm BT Black (Alpine Trail Loop),https://www.google.com/search?tbm=isch&q=Samsung+Galaxy+Watch+6+Classic+47mm+BT+Black+%28Alpine+Trail+Loop%29,https://www.bing.com/images/search?q=Samsung+Galaxy+Watch+6+Classic+47mm+BT+Black+%28Alpine+Trail+Loop%29
404,SMARTWATCHES,Samsung,Galaxy Watch 6 Classic 43mm Silver (Leather Link Edition),https://www.google.com/search?tbm=isch&q=Samsung+Galaxy+Watch+6+Classic+43mm+Silver+%28Leather+Link+Edition%29,https://www.bing.com/images/search?q=Samsung+Galaxy+Watch+6+Classic+43mm+Silver+%28Leather+Link+Edition%29
405,SMARTWATCHES,Samsung,Galaxy Watch 6 44mm Graphite (Titanium Bracelet Edition),https://www.google.com/search?tbm=isch&q=Samsung+Galaxy+Watch+6+44mm+Graphite+%28Titanium+Bracelet+Edition%29,https://www.bing.com/images/search?q=Samsung+Galaxy+Watch+6+44mm+Graphite+%28Titanium+Bracelet+Edition%29
406,SMARTWATCHES,Samsung,Galaxy Watch 4 44mm Bluetooth (Ocean Diver Strap),https://www.google.com/search?tbm=isch&q=Samsung+Galaxy+Watch+4+44mm+Bluetooth+%28Ocean+Diver+Strap%29,https://www.bing.com/images/search?q=Samsung+Galaxy+Watch+4+44mm+Bluetooth+%28Ocean+Diver+Strap%29
407,SMARTWATCHES,Samsung,Galaxy Watch Ultra 47mm LTE Titanium Gray (Titanium Bracelet Edition),https://www.google.com/search?tbm=isch&q=Samsung+Galaxy+Watch+Ultra+47mm+LTE+Titanium+Gray+%28Titanium+Bracelet+Edition%29,https://www.bing.com/images/search?q=Samsung+Galaxy+Watch+Ultra+47mm+LTE+Titanium+Gray+%28Titanium+Bracelet+Edition%29
408,SMARTWATCHES,Samsung,Galaxy Watch Ultra 47mm LTE Titanium White (Ocean Diver Strap),https://www.google.com/search?tbm=isch&q=Samsung+Galaxy+Watch+Ultra+47mm+LTE+Titanium+White+%28Ocean+Diver+Strap%29,https://www.bing.com/images/search?q=Samsung+Galaxy+Watch+Ultra+47mm+LTE+Titanium+White+%28Ocean+Diver+Strap%29
409,SMARTWATCHES,Samsung,Galaxy Watch 7 44mm Bluetooth Green (Silicone Rugged Strap),https://www.google.com/search?tbm=isch&q=Samsung+Galaxy+Watch+7+44mm+Bluetooth+Green+%28Silicone+Rugged+Strap%29,https://www.bing.com/images/search?q=Samsung+Galaxy+Watch+7+44mm+Bluetooth+Green+%28Silicone+Rugged+Strap%29
410,SMARTWATCHES,Samsung,Galaxy Watch 7 44mm LTE Silver (Sport Loop Band),https://www.google.com/search?tbm=isch&q=Samsung+Galaxy+Watch+7+44mm+LTE+Silver+%28Sport+Loop+Band%29,https://www.bing.com/images/search?q=Samsung+Galaxy+Watch+7+44mm+LTE+Silver+%28Sport+Loop+Band%29
411,SMARTWATCHES,Samsung,Galaxy Watch 7 40mm Bluetooth Cream (Alpine Trail Loop),https://www.google.com/search?tbm=isch&q=Samsung+Galaxy+Watch+7+40mm+Bluetooth+Cream+%28Alpine+Trail+Loop%29,https://www.bing.com/images/search?q=Samsung+Galaxy+Watch+7+40mm+Bluetooth+Cream+%28Alpine+Trail+Loop%29
412,SMARTWATCHES,Samsung,Galaxy Watch 6 Classic 47mm BT Black (Leather Link Edition),https://www.google.com/search?tbm=isch&q=Samsung+Galaxy+Watch+6+Classic+47mm+BT+Black+%28Leather+Link+Edition%29,https://www.bing.com/images/search?q=Samsung+Galaxy+Watch+6+Classic+47mm+BT+Black+%28Leather+Link+Edition%29
413,SMARTWATCHES,Samsung,Galaxy Watch 6 Classic 43mm Silver (Titanium Bracelet Edition),https://www.google.com/search?tbm=isch&q=Samsung+Galaxy+Watch+6+Classic+43mm+Silver+%28Titanium+Bracelet+Edition%29,https://www.bing.com/images/search?q=Samsung+Galaxy+Watch+6+Classic+43mm+Silver+%28Titanium+Bracelet+Edition%29
414,SMARTWATCHES,Samsung,Galaxy Watch 6 44mm Graphite (Ocean Diver Strap),https://www.google.com/search?tbm=isch&q=Samsung+Galaxy+Watch+6+44mm+Graphite+%28Ocean+Diver+Strap%29,https://www.bing.com/images/search?q=Samsung+Galaxy+Watch+6+44mm+Graphite+%28Ocean+Diver+Strap%29
415,SMARTWATCHES,Samsung,Galaxy Watch 4 44mm Bluetooth (Silicone Rugged Strap),https://www.google.com/search?tbm=isch&q=Samsung+Galaxy+Watch+4+44mm+Bluetooth+%28Silicone+Rugged+Strap%29,https://www.bing.com/images/search?q=Samsung+Galaxy+Watch+4+44mm+Bluetooth+%28Silicone+Rugged+Strap%29
416,SMARTWATCHES,Samsung,Galaxy Watch Ultra 47mm LTE Titanium Gray (Ocean Diver Strap),https://www.google.com/search?tbm=isch&q=Samsung+Galaxy+Watch+Ultra+47mm+LTE+Titanium+Gray+%28Ocean+Diver+Strap%29,https://www.bing.com/images/search?q=Samsung+Galaxy+Watch+Ultra+47mm+LTE+Titanium+Gray+%28Ocean+Diver+Strap%29
417,SMARTWATCHES,Samsung,Galaxy Watch Ultra 47mm LTE Titanium White (Silicone Rugged Strap),https://www.google.com/search?tbm=isch&q=Samsung+Galaxy+Watch+Ultra+47mm+LTE+Titanium+White+%28Silicone+Rugged+Strap%29,https://www.bing.com/images/search?q=Samsung+Galaxy+Watch+Ultra+47mm+LTE+Titanium+White+%28Silicone+Rugged+Strap%29
418,SMARTWATCHES,Samsung,Galaxy Watch 7 44mm Bluetooth Green (Sport Loop Band),https://www.google.com/search?tbm=isch&q=Samsung+Galaxy+Watch+7+44mm+Bluetooth+Green+%28Sport+Loop+Band%29,https://www.bing.com/images/search?q=Samsung+Galaxy+Watch+7+44mm+Bluetooth+Green+%28Sport+Loop+Band%29
419,SMARTWATCHES,Samsung,Galaxy Watch 7 44mm LTE Silver (Alpine Trail Loop),https://www.google.com/search?tbm=isch&q=Samsung+Galaxy+Watch+7+44mm+LTE+Silver+%28Alpine+Trail+Loop%29,https://www.bing.com/images/search?q=Samsung+Galaxy+Watch+7+44mm+LTE+Silver+%28Alpine+Trail+Loop%29
420,SMARTWATCHES,Samsung,Galaxy Watch 7 40mm Bluetooth Cream (Leather Link Edition),https://www.google.com/search?tbm=isch&q=Samsung+Galaxy+Watch+7+40mm+Bluetooth+Cream+%28Leather+Link+Edition%29,https://www.bing.com/images/search?q=Samsung+Galaxy+Watch+7+40mm+Bluetooth+Cream+%28Leather+Link+Edition%29
421,MONITORS,ASUS,"ROG Swift OLED PG32UCDM 32"" 4K 240Hz QD-OLED Gaming Monitor",https://www.google.com/search?tbm=isch&q=ASUS+ROG+Swift+OLED+PG32UCDM+32%22+4K+240Hz+QD-OLED+Gaming+Monitor,https://www.bing.com/images/search?q=ASUS+ROG+Swift+OLED+PG32UCDM+32%22+4K+240Hz+QD-OLED+Gaming+Monitor
422,MONITORS,ASUS,"ROG Swift PG27AQDM 27"" QHD 240Hz OLED Gaming Monitor",https://www.google.com/search?tbm=isch&q=ASUS+ROG+Swift+PG27AQDM+27%22+QHD+240Hz+OLED+Gaming+Monitor,https://www.bing.com/images/search?q=ASUS+ROG+Swift+PG27AQDM+27%22+QHD+240Hz+OLED+Gaming+Monitor
423,MONITORS,ASUS,"TUF Gaming VG27AQ 27"" QHD 165Hz IPS Gaming Monitor",https://www.google.com/search?tbm=isch&q=ASUS+TUF+Gaming+VG27AQ+27%22+QHD+165Hz+IPS+Gaming+Monitor,https://www.bing.com/images/search?q=ASUS+TUF+Gaming+VG27AQ+27%22+QHD+165Hz+IPS+Gaming+Monitor
424,MONITORS,ASUS,"ROG Swift OLED PG32UCDM 32"" 4K 240Hz QD-OLED Gaming Monitor (Factory Calibrated Color Profile)",https://www.google.com/search?tbm=isch&q=ASUS+ROG+Swift+OLED+PG32UCDM+32%22+4K+240Hz+QD-OLED+Gaming+Monitor+%28Factory+Calibrated+Color+Profile%29,https://www.bing.com/images/search?q=ASUS+ROG+Swift+OLED+PG32UCDM+32%22+4K+240Hz+QD-OLED+Gaming+Monitor+%28Factory+Calibrated+Color+Profile%29
425,MONITORS,ASUS,"ROG Swift PG27AQDM 27"" QHD 240Hz OLED Gaming Monitor (Dual HDMI 2.1 Console Pack)",https://www.google.com/search?tbm=isch&q=ASUS+ROG+Swift+PG27AQDM+27%22+QHD+240Hz+OLED+Gaming+Monitor+%28Dual+HDMI+2.1+Console+Pack%29,https://www.bing.com/images/search?q=ASUS+ROG+Swift+PG27AQDM+27%22+QHD+240Hz+OLED+Gaming+Monitor+%28Dual+HDMI+2.1+Console+Pack%29
426,MONITORS,ASUS,"TUF Gaming VG27AQ 27"" QHD 165Hz IPS Gaming Monitor (Anti-Glare Pro Shield Edition)",https://www.google.com/search?tbm=isch&q=ASUS+TUF+Gaming+VG27AQ+27%22+QHD+165Hz+IPS+Gaming+Monitor+%28Anti-Glare+Pro+Shield+Edition%29,https://www.bing.com/images/search?q=ASUS+TUF+Gaming+VG27AQ+27%22+QHD+165Hz+IPS+Gaming+Monitor+%28Anti-Glare+Pro+Shield+Edition%29
427,MONITORS,ASUS,"ROG Swift OLED PG32UCDM 32"" 4K 240Hz QD-OLED Gaming Monitor (Anti-Glare Pro Shield Edition)",https://www.google.com/search?tbm=isch&q=ASUS+ROG+Swift+OLED+PG32UCDM+32%22+4K+240Hz+QD-OLED+Gaming+Monitor+%28Anti-Glare+Pro+Shield+Edition%29,https://www.bing.com/images/search?q=ASUS+ROG+Swift+OLED+PG32UCDM+32%22+4K+240Hz+QD-OLED+Gaming+Monitor+%28Anti-Glare+Pro+Shield+Edition%29
428,MONITORS,ASUS,"ROG Swift PG27AQDM 27"" QHD 240Hz OLED Gaming Monitor (Zero-Dead-Pixel Guarantee Edition)",https://www.google.com/search?tbm=isch&q=ASUS+ROG+Swift+PG27AQDM+27%22+QHD+240Hz+OLED+Gaming+Monitor+%28Zero-Dead-Pixel+Guarantee+Edition%29,https://www.bing.com/images/search?q=ASUS+ROG+Swift+PG27AQDM+27%22+QHD+240Hz+OLED+Gaming+Monitor+%28Zero-Dead-Pixel+Guarantee+Edition%29
429,MONITORS,ASUS,"TUF Gaming VG27AQ 27"" QHD 165Hz IPS Gaming Monitor (Ergonomic Arm Mount Included)",https://www.google.com/search?tbm=isch&q=ASUS+TUF+Gaming+VG27AQ+27%22+QHD+165Hz+IPS+Gaming+Monitor+%28Ergonomic+Arm+Mount+Included%29,https://www.bing.com/images/search?q=ASUS+TUF+Gaming+VG27AQ+27%22+QHD+165Hz+IPS+Gaming+Monitor+%28Ergonomic+Arm+Mount+Included%29
430,MONITORS,ASUS,"ROG Swift OLED PG32UCDM 32"" 4K 240Hz QD-OLED Gaming Monitor (Ergonomic Arm Mount Included)",https://www.google.com/search?tbm=isch&q=ASUS+ROG+Swift+OLED+PG32UCDM+32%22+4K+240Hz+QD-OLED+Gaming+Monitor+%28Ergonomic+Arm+Mount+Included%29,https://www.bing.com/images/search?q=ASUS+ROG+Swift+OLED+PG32UCDM+32%22+4K+240Hz+QD-OLED+Gaming+Monitor+%28Ergonomic+Arm+Mount+Included%29
431,MONITORS,ASUS,"ROG Swift PG27AQDM 27"" QHD 240Hz OLED Gaming Monitor (Factory Calibrated Color Profile)",https://www.google.com/search?tbm=isch&q=ASUS+ROG+Swift+PG27AQDM+27%22+QHD+240Hz+OLED+Gaming+Monitor+%28Factory+Calibrated+Color+Profile%29,https://www.bing.com/images/search?q=ASUS+ROG+Swift+PG27AQDM+27%22+QHD+240Hz+OLED+Gaming+Monitor+%28Factory+Calibrated+Color+Profile%29
432,MONITORS,ASUS,"TUF Gaming VG27AQ 27"" QHD 165Hz IPS Gaming Monitor (Dual HDMI 2.1 Console Pack)",https://www.google.com/search?tbm=isch&q=ASUS+TUF+Gaming+VG27AQ+27%22+QHD+165Hz+IPS+Gaming+Monitor+%28Dual+HDMI+2.1+Console+Pack%29,https://www.bing.com/images/search?q=ASUS+TUF+Gaming+VG27AQ+27%22+QHD+165Hz+IPS+Gaming+Monitor+%28Dual+HDMI+2.1+Console+Pack%29
433,MONITORS,BenQ,"PD3205U 32"" 4K UHD Designer Monitor with USB-C",https://www.google.com/search?tbm=isch&q=BenQ+PD3205U+32%22+4K+UHD+Designer+Monitor+with+USB-C,https://www.bing.com/images/search?q=BenQ+PD3205U+32%22+4K+UHD+Designer+Monitor+with+USB-C
434,MONITORS,BenQ,"ZOWIE XL2546K 24.5"" 240Hz Esports Gaming Monitor",https://www.google.com/search?tbm=isch&q=BenQ+ZOWIE+XL2546K+24.5%22+240Hz+Esports+Gaming+Monitor,https://www.bing.com/images/search?q=BenQ+ZOWIE+XL2546K+24.5%22+240Hz+Esports+Gaming+Monitor
435,MONITORS,BenQ,"PD3205U 32"" 4K UHD Designer Monitor with USB-C (Zero-Dead-Pixel Guarantee Edition)",https://www.google.com/search?tbm=isch&q=BenQ+PD3205U+32%22+4K+UHD+Designer+Monitor+with+USB-C+%28Zero-Dead-Pixel+Guarantee+Edition%29,https://www.bing.com/images/search?q=BenQ+PD3205U+32%22+4K+UHD+Designer+Monitor+with+USB-C+%28Zero-Dead-Pixel+Guarantee+Edition%29
436,MONITORS,BenQ,"ZOWIE XL2546K 24.5"" 240Hz Esports Gaming Monitor (Ergonomic Arm Mount Included)",https://www.google.com/search?tbm=isch&q=BenQ+ZOWIE+XL2546K+24.5%22+240Hz+Esports+Gaming+Monitor+%28Ergonomic+Arm+Mount+Included%29,https://www.bing.com/images/search?q=BenQ+ZOWIE+XL2546K+24.5%22+240Hz+Esports+Gaming+Monitor+%28Ergonomic+Arm+Mount+Included%29
437,MONITORS,BenQ,"PD3205U 32"" 4K UHD Designer Monitor with USB-C (Factory Calibrated Color Profile)",https://www.google.com/search?tbm=isch&q=BenQ+PD3205U+32%22+4K+UHD+Designer+Monitor+with+USB-C+%28Factory+Calibrated+Color+Profile%29,https://www.bing.com/images/search?q=BenQ+PD3205U+32%22+4K+UHD+Designer+Monitor+with+USB-C+%28Factory+Calibrated+Color+Profile%29
438,MONITORS,BenQ,"ZOWIE XL2546K 24.5"" 240Hz Esports Gaming Monitor (Dual HDMI 2.1 Console Pack)",https://www.google.com/search?tbm=isch&q=BenQ+ZOWIE+XL2546K+24.5%22+240Hz+Esports+Gaming+Monitor+%28Dual+HDMI+2.1+Console+Pack%29,https://www.bing.com/images/search?q=BenQ+ZOWIE+XL2546K+24.5%22+240Hz+Esports+Gaming+Monitor+%28Dual+HDMI+2.1+Console+Pack%29
439,MONITORS,BenQ,"PD3205U 32"" 4K UHD Designer Monitor with USB-C (Anti-Glare Pro Shield Edition)",https://www.google.com/search?tbm=isch&q=BenQ+PD3205U+32%22+4K+UHD+Designer+Monitor+with+USB-C+%28Anti-Glare+Pro+Shield+Edition%29,https://www.bing.com/images/search?q=BenQ+PD3205U+32%22+4K+UHD+Designer+Monitor+with+USB-C+%28Anti-Glare+Pro+Shield+Edition%29
440,MONITORS,Dell,"Alienware AW3423DWF 34"" Curved QD-OLED 165Hz Gaming Monitor",https://www.google.com/search?tbm=isch&q=Dell+Alienware+AW3423DWF+34%22+Curved+QD-OLED+165Hz+Gaming+Monitor,https://www.bing.com/images/search?q=Dell+Alienware+AW3423DWF+34%22+Curved+QD-OLED+165Hz+Gaming+Monitor
441,MONITORS,Dell,"Alienware AW3225QF 32"" 4K QD-OLED 240Hz Curved Gaming Monitor",https://www.google.com/search?tbm=isch&q=Dell+Alienware+AW3225QF+32%22+4K+QD-OLED+240Hz+Curved+Gaming+Monitor,https://www.bing.com/images/search?q=Dell+Alienware+AW3225QF+32%22+4K+QD-OLED+240Hz+Curved+Gaming+Monitor
442,MONITORS,Dell,"Alienware AW2725DF 27"" 360Hz QD-OLED QHD Esports Monitor",https://www.google.com/search?tbm=isch&q=Dell+Alienware+AW2725DF+27%22+360Hz+QD-OLED+QHD+Esports+Monitor,https://www.bing.com/images/search?q=Dell+Alienware+AW2725DF+27%22+360Hz+QD-OLED+QHD+Esports+Monitor
443,MONITORS,Dell,"UltraSharp U2724D 27"" QHD IPS Black 120Hz Monitor",https://www.google.com/search?tbm=isch&q=Dell+UltraSharp+U2724D+27%22+QHD+IPS+Black+120Hz+Monitor,https://www.bing.com/images/search?q=Dell+UltraSharp+U2724D+27%22+QHD+IPS+Black+120Hz+Monitor
444,MONITORS,Dell,"UltraSharp U3224KB 32"" 6K UHD IPS Black Monitor with 4K Webcam",https://www.google.com/search?tbm=isch&q=Dell+UltraSharp+U3224KB+32%22+6K+UHD+IPS+Black+Monitor+with+4K+Webcam,https://www.bing.com/images/search?q=Dell+UltraSharp+U3224KB+32%22+6K+UHD+IPS+Black+Monitor+with+4K+Webcam
445,MONITORS,Dell,"S2722QC 27"" 4K UHD USB-C Lifestyle Monitor",https://www.google.com/search?tbm=isch&q=Dell+S2722QC+27%22+4K+UHD+USB-C+Lifestyle+Monitor,https://www.bing.com/images/search?q=Dell+S2722QC+27%22+4K+UHD+USB-C+Lifestyle+Monitor
446,MONITORS,Dell,"Alienware AW3423DWF 34"" Curved QD-OLED 165Hz Gaming Monitor (Ergonomic Arm Mount Included)",https://www.google.com/search?tbm=isch&q=Dell+Alienware+AW3423DWF+34%22+Curved+QD-OLED+165Hz+Gaming+Monitor+%28Ergonomic+Arm+Mount+Included%29,https://www.bing.com/images/search?q=Dell+Alienware+AW3423DWF+34%22+Curved+QD-OLED+165Hz+Gaming+Monitor+%28Ergonomic+Arm+Mount+Included%29
447,MONITORS,Dell,"Alienware AW3225QF 32"" 4K QD-OLED 240Hz Curved Gaming Monitor (Factory Calibrated Color Profile)",https://www.google.com/search?tbm=isch&q=Dell+Alienware+AW3225QF+32%22+4K+QD-OLED+240Hz+Curved+Gaming+Monitor+%28Factory+Calibrated+Color+Profile%29,https://www.bing.com/images/search?q=Dell+Alienware+AW3225QF+32%22+4K+QD-OLED+240Hz+Curved+Gaming+Monitor+%28Factory+Calibrated+Color+Profile%29
448,MONITORS,Dell,"Alienware AW2725DF 27"" 360Hz QD-OLED QHD Esports Monitor (Dual HDMI 2.1 Console Pack)",https://www.google.com/search?tbm=isch&q=Dell+Alienware+AW2725DF+27%22+360Hz+QD-OLED+QHD+Esports+Monitor+%28Dual+HDMI+2.1+Console+Pack%29,https://www.bing.com/images/search?q=Dell+Alienware+AW2725DF+27%22+360Hz+QD-OLED+QHD+Esports+Monitor+%28Dual+HDMI+2.1+Console+Pack%29
449,MONITORS,Dell,"UltraSharp U2724D 27"" QHD IPS Black 120Hz Monitor (Anti-Glare Pro Shield Edition)",https://www.google.com/search?tbm=isch&q=Dell+UltraSharp+U2724D+27%22+QHD+IPS+Black+120Hz+Monitor+%28Anti-Glare+Pro+Shield+Edition%29,https://www.bing.com/images/search?q=Dell+UltraSharp+U2724D+27%22+QHD+IPS+Black+120Hz+Monitor+%28Anti-Glare+Pro+Shield+Edition%29
450,MONITORS,Dell,"UltraSharp U3224KB 32"" 6K UHD IPS Black Monitor with 4K Webcam (Zero-Dead-Pixel Guarantee Edition)",https://www.google.com/search?tbm=isch&q=Dell+UltraSharp+U3224KB+32%22+6K+UHD+IPS+Black+Monitor+with+4K+Webcam+%28Zero-Dead-Pixel+Guarantee+Edition%29,https://www.bing.com/images/search?q=Dell+UltraSharp+U3224KB+32%22+6K+UHD+IPS+Black+Monitor+with+4K+Webcam+%28Zero-Dead-Pixel+Guarantee+Edition%29
451,MONITORS,Dell,"S2722QC 27"" 4K UHD USB-C Lifestyle Monitor (Ergonomic Arm Mount Included)",https://www.google.com/search?tbm=isch&q=Dell+S2722QC+27%22+4K+UHD+USB-C+Lifestyle+Monitor+%28Ergonomic+Arm+Mount+Included%29,https://www.bing.com/images/search?q=Dell+S2722QC+27%22+4K+UHD+USB-C+Lifestyle+Monitor+%28Ergonomic+Arm+Mount+Included%29
452,MONITORS,Dell,"Alienware AW3423DWF 34"" Curved QD-OLED 165Hz Gaming Monitor (Dual HDMI 2.1 Console Pack)",https://www.google.com/search?tbm=isch&q=Dell+Alienware+AW3423DWF+34%22+Curved+QD-OLED+165Hz+Gaming+Monitor+%28Dual+HDMI+2.1+Console+Pack%29,https://www.bing.com/images/search?q=Dell+Alienware+AW3423DWF+34%22+Curved+QD-OLED+165Hz+Gaming+Monitor+%28Dual+HDMI+2.1+Console+Pack%29
453,MONITORS,Dell,"Alienware AW3225QF 32"" 4K QD-OLED 240Hz Curved Gaming Monitor (Anti-Glare Pro Shield Edition)",https://www.google.com/search?tbm=isch&q=Dell+Alienware+AW3225QF+32%22+4K+QD-OLED+240Hz+Curved+Gaming+Monitor+%28Anti-Glare+Pro+Shield+Edition%29,https://www.bing.com/images/search?q=Dell+Alienware+AW3225QF+32%22+4K+QD-OLED+240Hz+Curved+Gaming+Monitor+%28Anti-Glare+Pro+Shield+Edition%29
454,MONITORS,Dell,"Alienware AW2725DF 27"" 360Hz QD-OLED QHD Esports Monitor (Zero-Dead-Pixel Guarantee Edition)",https://www.google.com/search?tbm=isch&q=Dell+Alienware+AW2725DF+27%22+360Hz+QD-OLED+QHD+Esports+Monitor+%28Zero-Dead-Pixel+Guarantee+Edition%29,https://www.bing.com/images/search?q=Dell+Alienware+AW2725DF+27%22+360Hz+QD-OLED+QHD+Esports+Monitor+%28Zero-Dead-Pixel+Guarantee+Edition%29
455,MONITORS,Dell,"UltraSharp U2724D 27"" QHD IPS Black 120Hz Monitor (Ergonomic Arm Mount Included)",https://www.google.com/search?tbm=isch&q=Dell+UltraSharp+U2724D+27%22+QHD+IPS+Black+120Hz+Monitor+%28Ergonomic+Arm+Mount+Included%29,https://www.bing.com/images/search?q=Dell+UltraSharp+U2724D+27%22+QHD+IPS+Black+120Hz+Monitor+%28Ergonomic+Arm+Mount+Included%29
456,MONITORS,Dell,"UltraSharp U3224KB 32"" 6K UHD IPS Black Monitor with 4K Webcam (Factory Calibrated Color Profile)",https://www.google.com/search?tbm=isch&q=Dell+UltraSharp+U3224KB+32%22+6K+UHD+IPS+Black+Monitor+with+4K+Webcam+%28Factory+Calibrated+Color+Profile%29,https://www.bing.com/images/search?q=Dell+UltraSharp+U3224KB+32%22+6K+UHD+IPS+Black+Monitor+with+4K+Webcam+%28Factory+Calibrated+Color+Profile%29
457,MONITORS,Dell,"S2722QC 27"" 4K UHD USB-C Lifestyle Monitor (Dual HDMI 2.1 Console Pack)",https://www.google.com/search?tbm=isch&q=Dell+S2722QC+27%22+4K+UHD+USB-C+Lifestyle+Monitor+%28Dual+HDMI+2.1+Console+Pack%29,https://www.bing.com/images/search?q=Dell+S2722QC+27%22+4K+UHD+USB-C+Lifestyle+Monitor+%28Dual+HDMI+2.1+Console+Pack%29
458,MONITORS,Dell,"Alienware AW3423DWF 34"" Curved QD-OLED 165Hz Gaming Monitor (Zero-Dead-Pixel Guarantee Edition)",https://www.google.com/search?tbm=isch&q=Dell+Alienware+AW3423DWF+34%22+Curved+QD-OLED+165Hz+Gaming+Monitor+%28Zero-Dead-Pixel+Guarantee+Edition%29,https://www.bing.com/images/search?q=Dell+Alienware+AW3423DWF+34%22+Curved+QD-OLED+165Hz+Gaming+Monitor+%28Zero-Dead-Pixel+Guarantee+Edition%29
459,MONITORS,Dell,"Alienware AW3225QF 32"" 4K QD-OLED 240Hz Curved Gaming Monitor (Ergonomic Arm Mount Included)",https://www.google.com/search?tbm=isch&q=Dell+Alienware+AW3225QF+32%22+4K+QD-OLED+240Hz+Curved+Gaming+Monitor+%28Ergonomic+Arm+Mount+Included%29,https://www.bing.com/images/search?q=Dell+Alienware+AW3225QF+32%22+4K+QD-OLED+240Hz+Curved+Gaming+Monitor+%28Ergonomic+Arm+Mount+Included%29
460,MONITORS,Dell,"Alienware AW2725DF 27"" 360Hz QD-OLED QHD Esports Monitor (Factory Calibrated Color Profile)",https://www.google.com/search?tbm=isch&q=Dell+Alienware+AW2725DF+27%22+360Hz+QD-OLED+QHD+Esports+Monitor+%28Factory+Calibrated+Color+Profile%29,https://www.bing.com/images/search?q=Dell+Alienware+AW2725DF+27%22+360Hz+QD-OLED+QHD+Esports+Monitor+%28Factory+Calibrated+Color+Profile%29
461,MONITORS,Dell,"UltraSharp U2724D 27"" QHD IPS Black 120Hz Monitor (Dual HDMI 2.1 Console Pack)",https://www.google.com/search?tbm=isch&q=Dell+UltraSharp+U2724D+27%22+QHD+IPS+Black+120Hz+Monitor+%28Dual+HDMI+2.1+Console+Pack%29,https://www.bing.com/images/search?q=Dell+UltraSharp+U2724D+27%22+QHD+IPS+Black+120Hz+Monitor+%28Dual+HDMI+2.1+Console+Pack%29
462,MONITORS,Dell,"UltraSharp U3224KB 32"" 6K UHD IPS Black Monitor with 4K Webcam (Anti-Glare Pro Shield Edition)",https://www.google.com/search?tbm=isch&q=Dell+UltraSharp+U3224KB+32%22+6K+UHD+IPS+Black+Monitor+with+4K+Webcam+%28Anti-Glare+Pro+Shield+Edition%29,https://www.bing.com/images/search?q=Dell+UltraSharp+U3224KB+32%22+6K+UHD+IPS+Black+Monitor+with+4K+Webcam+%28Anti-Glare+Pro+Shield+Edition%29
463,MONITORS,Dell,"S2722QC 27"" 4K UHD USB-C Lifestyle Monitor (Zero-Dead-Pixel Guarantee Edition)",https://www.google.com/search?tbm=isch&q=Dell+S2722QC+27%22+4K+UHD+USB-C+Lifestyle+Monitor+%28Zero-Dead-Pixel+Guarantee+Edition%29,https://www.bing.com/images/search?q=Dell+S2722QC+27%22+4K+UHD+USB-C+Lifestyle+Monitor+%28Zero-Dead-Pixel+Guarantee+Edition%29
464,MONITORS,Gigabyte,"M27Q 27"" 170Hz 1440P KVM Gaming Monitor",https://www.google.com/search?tbm=isch&q=Gigabyte+M27Q+27%22+170Hz+1440P+KVM+Gaming+Monitor,https://www.bing.com/images/search?q=Gigabyte+M27Q+27%22+170Hz+1440P+KVM+Gaming+Monitor
465,MONITORS,Gigabyte,"M27Q 27"" 170Hz 1440P KVM Gaming Monitor (Factory Calibrated Color Profile)",https://www.google.com/search?tbm=isch&q=Gigabyte+M27Q+27%22+170Hz+1440P+KVM+Gaming+Monitor+%28Factory+Calibrated+Color+Profile%29,https://www.bing.com/images/search?q=Gigabyte+M27Q+27%22+170Hz+1440P+KVM+Gaming+Monitor+%28Factory+Calibrated+Color+Profile%29
466,MONITORS,Gigabyte,"M27Q 27"" 170Hz 1440P KVM Gaming Monitor (Anti-Glare Pro Shield Edition)",https://www.google.com/search?tbm=isch&q=Gigabyte+M27Q+27%22+170Hz+1440P+KVM+Gaming+Monitor+%28Anti-Glare+Pro+Shield+Edition%29,https://www.bing.com/images/search?q=Gigabyte+M27Q+27%22+170Hz+1440P+KVM+Gaming+Monitor+%28Anti-Glare+Pro+Shield+Edition%29
467,MONITORS,LG,"UltraGear 27GR95QE-B 27"" QHD OLED 240Hz Gaming Monitor",https://www.google.com/search?tbm=isch&q=LG+UltraGear+27GR95QE-B+27%22+QHD+OLED+240Hz+Gaming+Monitor,https://www.bing.com/images/search?q=LG+UltraGear+27GR95QE-B+27%22+QHD+OLED+240Hz+Gaming+Monitor
468,MONITORS,LG,"UltraGear 34GS95QE 34"" 800R Curved OLED 240Hz Ultrawide",https://www.google.com/search?tbm=isch&q=LG+UltraGear+34GS95QE+34%22+800R+Curved+OLED+240Hz+Ultrawide,https://www.bing.com/images/search?q=LG+UltraGear+34GS95QE+34%22+800R+Curved+OLED+240Hz+Ultrawide
469,MONITORS,LG,"UltraGear 45GR95QE-B 45"" Curved OLED 240Hz Ultrawide",https://www.google.com/search?tbm=isch&q=LG+UltraGear+45GR95QE-B+45%22+Curved+OLED+240Hz+Ultrawide,https://www.bing.com/images/search?q=LG+UltraGear+45GR95QE-B+45%22+Curved+OLED+240Hz+Ultrawide
470,MONITORS,LG,"UltraGear 32GS95UE 32"" Dual-Mode OLED (4K 240Hz / FHD 480Hz)",https://www.google.com/search?tbm=isch&q=LG+UltraGear+32GS95UE+32%22+Dual-Mode+OLED+%284K+240Hz+%2F+FHD+480Hz%29,https://www.bing.com/images/search?q=LG+UltraGear+32GS95UE+32%22+Dual-Mode+OLED+%284K+240Hz+%2F+FHD+480Hz%29
471,MONITORS,LG,"UltraGear 27GP850-B 27"" QHD Nano IPS 165Hz (O/C 180Hz)",https://www.google.com/search?tbm=isch&q=LG+UltraGear+27GP850-B+27%22+QHD+Nano+IPS+165Hz+%28O%2FC+180Hz%29,https://www.bing.com/images/search?q=LG+UltraGear+27GP850-B+27%22+QHD+Nano+IPS+165Hz+%28O%2FC+180Hz%29
472,MONITORS,LG,"UltraFine 32UN880-B 32"" 4K UHD Ergo IPS Monitor",https://www.google.com/search?tbm=isch&q=LG+UltraFine+32UN880-B+32%22+4K+UHD+Ergo+IPS+Monitor,https://www.bing.com/images/search?q=LG+UltraFine+32UN880-B+32%22+4K+UHD+Ergo+IPS+Monitor
473,MONITORS,LG,"DualUp 28MQ780-B 28"" 16:18 SDQHD Ergo Monitor",https://www.google.com/search?tbm=isch&q=LG+DualUp+28MQ780-B+28%22+16%3A18+SDQHD+Ergo+Monitor,https://www.bing.com/images/search?q=LG+DualUp+28MQ780-B+28%22+16%3A18+SDQHD+Ergo+Monitor
474,MONITORS,LG,"27UL500-W 27"" 4K UHD IPS Monitor with HDR10",https://www.google.com/search?tbm=isch&q=LG+27UL500-W+27%22+4K+UHD+IPS+Monitor+with+HDR10,https://www.bing.com/images/search?q=LG+27UL500-W+27%22+4K+UHD+IPS+Monitor+with+HDR10
475,MONITORS,LG,"UltraGear 34GS95QE 34"" 800R Curved OLED 240Hz Ultrawide (Factory Calibrated Color Profile)",https://www.google.com/search?tbm=isch&q=LG+UltraGear+34GS95QE+34%22+800R+Curved+OLED+240Hz+Ultrawide+%28Factory+Calibrated+Color+Profile%29,https://www.bing.com/images/search?q=LG+UltraGear+34GS95QE+34%22+800R+Curved+OLED+240Hz+Ultrawide+%28Factory+Calibrated+Color+Profile%29
476,MONITORS,LG,"UltraGear 45GR95QE-B 45"" Curved OLED 240Hz Ultrawide (Dual HDMI 2.1 Console Pack)",https://www.google.com/search?tbm=isch&q=LG+UltraGear+45GR95QE-B+45%22+Curved+OLED+240Hz+Ultrawide+%28Dual+HDMI+2.1+Console+Pack%29,https://www.bing.com/images/search?q=LG+UltraGear+45GR95QE-B+45%22+Curved+OLED+240Hz+Ultrawide+%28Dual+HDMI+2.1+Console+Pack%29
477,MONITORS,LG,"UltraGear 32GS95UE 32"" Dual-Mode OLED (4K 240Hz / FHD 480Hz) (Anti-Glare Pro Shield Edition)",https://www.google.com/search?tbm=isch&q=LG+UltraGear+32GS95UE+32%22+Dual-Mode+OLED+%284K+240Hz+%2F+FHD+480Hz%29+%28Anti-Glare+Pro+Shield+Edition%29,https://www.bing.com/images/search?q=LG+UltraGear+32GS95UE+32%22+Dual-Mode+OLED+%284K+240Hz+%2F+FHD+480Hz%29+%28Anti-Glare+Pro+Shield+Edition%29
478,MONITORS,LG,"UltraGear 27GP850-B 27"" QHD Nano IPS 165Hz (O/C 180Hz) (Zero-Dead-Pixel Guarantee Edition)",https://www.google.com/search?tbm=isch&q=LG+UltraGear+27GP850-B+27%22+QHD+Nano+IPS+165Hz+%28O%2FC+180Hz%29+%28Zero-Dead-Pixel+Guarantee+Edition%29,https://www.bing.com/images/search?q=LG+UltraGear+27GP850-B+27%22+QHD+Nano+IPS+165Hz+%28O%2FC+180Hz%29+%28Zero-Dead-Pixel+Guarantee+Edition%29
479,MONITORS,LG,"UltraFine 32UN880-B 32"" 4K UHD Ergo IPS Monitor (Ergonomic Arm Mount Included)",https://www.google.com/search?tbm=isch&q=LG+UltraFine+32UN880-B+32%22+4K+UHD+Ergo+IPS+Monitor+%28Ergonomic+Arm+Mount+Included%29,https://www.bing.com/images/search?q=LG+UltraFine+32UN880-B+32%22+4K+UHD+Ergo+IPS+Monitor+%28Ergonomic+Arm+Mount+Included%29
480,MONITORS,LG,"DualUp 28MQ780-B 28"" 16:18 SDQHD Ergo Monitor (Factory Calibrated Color Profile)",https://www.google.com/search?tbm=isch&q=LG+DualUp+28MQ780-B+28%22+16%3A18+SDQHD+Ergo+Monitor+%28Factory+Calibrated+Color+Profile%29,https://www.bing.com/images/search?q=LG+DualUp+28MQ780-B+28%22+16%3A18+SDQHD+Ergo+Monitor+%28Factory+Calibrated+Color+Profile%29
481,MONITORS,LG,"27UL500-W 27"" 4K UHD IPS Monitor with HDR10 (Dual HDMI 2.1 Console Pack)",https://www.google.com/search?tbm=isch&q=LG+27UL500-W+27%22+4K+UHD+IPS+Monitor+with+HDR10+%28Dual+HDMI+2.1+Console+Pack%29,https://www.bing.com/images/search?q=LG+27UL500-W+27%22+4K+UHD+IPS+Monitor+with+HDR10+%28Dual+HDMI+2.1+Console+Pack%29
482,MONITORS,LG,"UltraGear 27GR95QE-B 27"" QHD OLED 240Hz Gaming Monitor (Dual HDMI 2.1 Console Pack)",https://www.google.com/search?tbm=isch&q=LG+UltraGear+27GR95QE-B+27%22+QHD+OLED+240Hz+Gaming+Monitor+%28Dual+HDMI+2.1+Console+Pack%29,https://www.bing.com/images/search?q=LG+UltraGear+27GR95QE-B+27%22+QHD+OLED+240Hz+Gaming+Monitor+%28Dual+HDMI+2.1+Console+Pack%29
483,MONITORS,LG,"UltraGear 34GS95QE 34"" 800R Curved OLED 240Hz Ultrawide (Anti-Glare Pro Shield Edition)",https://www.google.com/search?tbm=isch&q=LG+UltraGear+34GS95QE+34%22+800R+Curved+OLED+240Hz+Ultrawide+%28Anti-Glare+Pro+Shield+Edition%29,https://www.bing.com/images/search?q=LG+UltraGear+34GS95QE+34%22+800R+Curved+OLED+240Hz+Ultrawide+%28Anti-Glare+Pro+Shield+Edition%29
484,MONITORS,LG,"UltraGear 45GR95QE-B 45"" Curved OLED 240Hz Ultrawide (Zero-Dead-Pixel Guarantee Edition)",https://www.google.com/search?tbm=isch&q=LG+UltraGear+45GR95QE-B+45%22+Curved+OLED+240Hz+Ultrawide+%28Zero-Dead-Pixel+Guarantee+Edition%29,https://www.bing.com/images/search?q=LG+UltraGear+45GR95QE-B+45%22+Curved+OLED+240Hz+Ultrawide+%28Zero-Dead-Pixel+Guarantee+Edition%29
485,MONITORS,LG,"UltraGear 32GS95UE 32"" Dual-Mode OLED (4K 240Hz / FHD 480Hz) (Ergonomic Arm Mount Included)",https://www.google.com/search?tbm=isch&q=LG+UltraGear+32GS95UE+32%22+Dual-Mode+OLED+%284K+240Hz+%2F+FHD+480Hz%29+%28Ergonomic+Arm+Mount+Included%29,https://www.bing.com/images/search?q=LG+UltraGear+32GS95UE+32%22+Dual-Mode+OLED+%284K+240Hz+%2F+FHD+480Hz%29+%28Ergonomic+Arm+Mount+Included%29
486,MONITORS,LG,"UltraGear 27GP850-B 27"" QHD Nano IPS 165Hz (O/C 180Hz) (Factory Calibrated Color Profile)",https://www.google.com/search?tbm=isch&q=LG+UltraGear+27GP850-B+27%22+QHD+Nano+IPS+165Hz+%28O%2FC+180Hz%29+%28Factory+Calibrated+Color+Profile%29,https://www.bing.com/images/search?q=LG+UltraGear+27GP850-B+27%22+QHD+Nano+IPS+165Hz+%28O%2FC+180Hz%29+%28Factory+Calibrated+Color+Profile%29
487,MONITORS,LG,"UltraFine 32UN880-B 32"" 4K UHD Ergo IPS Monitor (Dual HDMI 2.1 Console Pack)",https://www.google.com/search?tbm=isch&q=LG+UltraFine+32UN880-B+32%22+4K+UHD+Ergo+IPS+Monitor+%28Dual+HDMI+2.1+Console+Pack%29,https://www.bing.com/images/search?q=LG+UltraFine+32UN880-B+32%22+4K+UHD+Ergo+IPS+Monitor+%28Dual+HDMI+2.1+Console+Pack%29
488,MONITORS,LG,"DualUp 28MQ780-B 28"" 16:18 SDQHD Ergo Monitor (Anti-Glare Pro Shield Edition)",https://www.google.com/search?tbm=isch&q=LG+DualUp+28MQ780-B+28%22+16%3A18+SDQHD+Ergo+Monitor+%28Anti-Glare+Pro+Shield+Edition%29,https://www.bing.com/images/search?q=LG+DualUp+28MQ780-B+28%22+16%3A18+SDQHD+Ergo+Monitor+%28Anti-Glare+Pro+Shield+Edition%29
489,MONITORS,LG,"27UL500-W 27"" 4K UHD IPS Monitor with HDR10 (Zero-Dead-Pixel Guarantee Edition)",https://www.google.com/search?tbm=isch&q=LG+27UL500-W+27%22+4K+UHD+IPS+Monitor+with+HDR10+%28Zero-Dead-Pixel+Guarantee+Edition%29,https://www.bing.com/images/search?q=LG+27UL500-W+27%22+4K+UHD+IPS+Monitor+with+HDR10+%28Zero-Dead-Pixel+Guarantee+Edition%29
490,MONITORS,LG,"UltraGear 27GR95QE-B 27"" QHD OLED 240Hz Gaming Monitor (Zero-Dead-Pixel Guarantee Edition)",https://www.google.com/search?tbm=isch&q=LG+UltraGear+27GR95QE-B+27%22+QHD+OLED+240Hz+Gaming+Monitor+%28Zero-Dead-Pixel+Guarantee+Edition%29,https://www.bing.com/images/search?q=LG+UltraGear+27GR95QE-B+27%22+QHD+OLED+240Hz+Gaming+Monitor+%28Zero-Dead-Pixel+Guarantee+Edition%29
491,MONITORS,LG,"UltraGear 34GS95QE 34"" 800R Curved OLED 240Hz Ultrawide (Ergonomic Arm Mount Included)",https://www.google.com/search?tbm=isch&q=LG+UltraGear+34GS95QE+34%22+800R+Curved+OLED+240Hz+Ultrawide+%28Ergonomic+Arm+Mount+Included%29,https://www.bing.com/images/search?q=LG+UltraGear+34GS95QE+34%22+800R+Curved+OLED+240Hz+Ultrawide+%28Ergonomic+Arm+Mount+Included%29
492,MONITORS,LG,"UltraGear 45GR95QE-B 45"" Curved OLED 240Hz Ultrawide (Factory Calibrated Color Profile)",https://www.google.com/search?tbm=isch&q=LG+UltraGear+45GR95QE-B+45%22+Curved+OLED+240Hz+Ultrawide+%28Factory+Calibrated+Color+Profile%29,https://www.bing.com/images/search?q=LG+UltraGear+45GR95QE-B+45%22+Curved+OLED+240Hz+Ultrawide+%28Factory+Calibrated+Color+Profile%29
493,MONITORS,LG,"UltraGear 32GS95UE 32"" Dual-Mode OLED (4K 240Hz / FHD 480Hz) (Dual HDMI 2.1 Console Pack)",https://www.google.com/search?tbm=isch&q=LG+UltraGear+32GS95UE+32%22+Dual-Mode+OLED+%284K+240Hz+%2F+FHD+480Hz%29+%28Dual+HDMI+2.1+Console+Pack%29,https://www.bing.com/images/search?q=LG+UltraGear+32GS95UE+32%22+Dual-Mode+OLED+%284K+240Hz+%2F+FHD+480Hz%29+%28Dual+HDMI+2.1+Console+Pack%29
494,MONITORS,LG,"UltraGear 27GP850-B 27"" QHD Nano IPS 165Hz (O/C 180Hz) (Anti-Glare Pro Shield Edition)",https://www.google.com/search?tbm=isch&q=LG+UltraGear+27GP850-B+27%22+QHD+Nano+IPS+165Hz+%28O%2FC+180Hz%29+%28Anti-Glare+Pro+Shield+Edition%29,https://www.bing.com/images/search?q=LG+UltraGear+27GP850-B+27%22+QHD+Nano+IPS+165Hz+%28O%2FC+180Hz%29+%28Anti-Glare+Pro+Shield+Edition%29
495,MONITORS,LG,"UltraFine 32UN880-B 32"" 4K UHD Ergo IPS Monitor (Zero-Dead-Pixel Guarantee Edition)",https://www.google.com/search?tbm=isch&q=LG+UltraFine+32UN880-B+32%22+4K+UHD+Ergo+IPS+Monitor+%28Zero-Dead-Pixel+Guarantee+Edition%29,https://www.bing.com/images/search?q=LG+UltraFine+32UN880-B+32%22+4K+UHD+Ergo+IPS+Monitor+%28Zero-Dead-Pixel+Guarantee+Edition%29
496,MONITORS,LG,"DualUp 28MQ780-B 28"" 16:18 SDQHD Ergo Monitor (Ergonomic Arm Mount Included)",https://www.google.com/search?tbm=isch&q=LG+DualUp+28MQ780-B+28%22+16%3A18+SDQHD+Ergo+Monitor+%28Ergonomic+Arm+Mount+Included%29,https://www.bing.com/images/search?q=LG+DualUp+28MQ780-B+28%22+16%3A18+SDQHD+Ergo+Monitor+%28Ergonomic+Arm+Mount+Included%29
497,MONITORS,LG,"27UL500-W 27"" 4K UHD IPS Monitor with HDR10 (Factory Calibrated Color Profile)",https://www.google.com/search?tbm=isch&q=LG+27UL500-W+27%22+4K+UHD+IPS+Monitor+with+HDR10+%28Factory+Calibrated+Color+Profile%29,https://www.bing.com/images/search?q=LG+27UL500-W+27%22+4K+UHD+IPS+Monitor+with+HDR10+%28Factory+Calibrated+Color+Profile%29
498,MONITORS,Samsung,"Odyssey OLED G9 49"" Curved Dual QHD 240Hz Gaming Monitor",https://www.google.com/search?tbm=isch&q=Samsung+Odyssey+OLED+G9+49%22+Curved+Dual+QHD+240Hz+Gaming+Monitor,https://www.bing.com/images/search?q=Samsung+Odyssey+OLED+G9+49%22+Curved+Dual+QHD+240Hz+Gaming+Monitor
499,MONITORS,Samsung,"Odyssey OLED G8 32"" 4K UHD 240Hz Gaming Monitor (G80SD)",https://www.google.com/search?tbm=isch&q=Samsung+Odyssey+OLED+G8+32%22+4K+UHD+240Hz+Gaming+Monitor+%28G80SD%29,https://www.bing.com/images/search?q=Samsung+Odyssey+OLED+G8+32%22+4K+UHD+240Hz+Gaming+Monitor+%28G80SD%29
500,MONITORS,Samsung,"Odyssey Neo G8 32"" 4K UHD 240Hz 1000R Curved Quantum Mini-LED",https://www.google.com/search?tbm=isch&q=Samsung+Odyssey+Neo+G8+32%22+4K+UHD+240Hz+1000R+Curved+Quantum+Mini-LED,https://www.bing.com/images/search?q=Samsung+Odyssey+Neo+G8+32%22+4K+UHD+240Hz+1000R+Curved+Quantum+Mini-LED
501,MONITORS,Samsung,"Odyssey G7 28"" 4K UHD 144Hz IPS Gaming Monitor (G70B)",https://www.google.com/search?tbm=isch&q=Samsung+Odyssey+G7+28%22+4K+UHD+144Hz+IPS+Gaming+Monitor+%28G70B%29,https://www.bing.com/images/search?q=Samsung+Odyssey+G7+28%22+4K+UHD+144Hz+IPS+Gaming+Monitor+%28G70B%29
502,MONITORS,Samsung,"Odyssey G5 27"" QHD 165Hz 1000R Curved Gaming Monitor",https://www.google.com/search?tbm=isch&q=Samsung+Odyssey+G5+27%22+QHD+165Hz+1000R+Curved+Gaming+Monitor,https://www.bing.com/images/search?q=Samsung+Odyssey+G5+27%22+QHD+165Hz+1000R+Curved+Gaming+Monitor
503,MONITORS,Samsung,"Smart Monitor M8 32"" 4K UHD with SlimFit Magnetic Camera",https://www.google.com/search?tbm=isch&q=Samsung+Smart+Monitor+M8+32%22+4K+UHD+with+SlimFit+Magnetic+Camera,https://www.bing.com/images/search?q=Samsung+Smart+Monitor+M8+32%22+4K+UHD+with+SlimFit+Magnetic+Camera
504,MONITORS,Samsung,"ViewFinity S9 27"" 5K Studio Display with Matte Screen",https://www.google.com/search?tbm=isch&q=Samsung+ViewFinity+S9+27%22+5K+Studio+Display+with+Matte+Screen,https://www.bing.com/images/search?q=Samsung+ViewFinity+S9+27%22+5K+Studio+Display+with+Matte+Screen
505,MONITORS,Samsung,"Odyssey OLED G9 49"" Curved Dual QHD 240Hz Gaming Monitor (Anti-Glare Pro Shield Edition)",https://www.google.com/search?tbm=isch&q=Samsung+Odyssey+OLED+G9+49%22+Curved+Dual+QHD+240Hz+Gaming+Monitor+%28Anti-Glare+Pro+Shield+Edition%29,https://www.bing.com/images/search?q=Samsung+Odyssey+OLED+G9+49%22+Curved+Dual+QHD+240Hz+Gaming+Monitor+%28Anti-Glare+Pro+Shield+Edition%29
506,MONITORS,Samsung,"Odyssey OLED G8 32"" 4K UHD 240Hz Gaming Monitor (G80SD) (Zero-Dead-Pixel Guarantee Edition)",https://www.google.com/search?tbm=isch&q=Samsung+Odyssey+OLED+G8+32%22+4K+UHD+240Hz+Gaming+Monitor+%28G80SD%29+%28Zero-Dead-Pixel+Guarantee+Edition%29,https://www.bing.com/images/search?q=Samsung+Odyssey+OLED+G8+32%22+4K+UHD+240Hz+Gaming+Monitor+%28G80SD%29+%28Zero-Dead-Pixel+Guarantee+Edition%29
507,MONITORS,Samsung,"Odyssey Neo G8 32"" 4K UHD 240Hz 1000R Curved Quantum Mini-LED (Ergonomic Arm Mount Included)",https://www.google.com/search?tbm=isch&q=Samsung+Odyssey+Neo+G8+32%22+4K+UHD+240Hz+1000R+Curved+Quantum+Mini-LED+%28Ergonomic+Arm+Mount+Included%29,https://www.bing.com/images/search?q=Samsung+Odyssey+Neo+G8+32%22+4K+UHD+240Hz+1000R+Curved+Quantum+Mini-LED+%28Ergonomic+Arm+Mount+Included%29
508,MONITORS,Samsung,"Odyssey G7 28"" 4K UHD 144Hz IPS Gaming Monitor (G70B) (Factory Calibrated Color Profile)",https://www.google.com/search?tbm=isch&q=Samsung+Odyssey+G7+28%22+4K+UHD+144Hz+IPS+Gaming+Monitor+%28G70B%29+%28Factory+Calibrated+Color+Profile%29,https://www.bing.com/images/search?q=Samsung+Odyssey+G7+28%22+4K+UHD+144Hz+IPS+Gaming+Monitor+%28G70B%29+%28Factory+Calibrated+Color+Profile%29
509,MONITORS,Samsung,"Odyssey G5 27"" QHD 165Hz 1000R Curved Gaming Monitor (Dual HDMI 2.1 Console Pack)",https://www.google.com/search?tbm=isch&q=Samsung+Odyssey+G5+27%22+QHD+165Hz+1000R+Curved+Gaming+Monitor+%28Dual+HDMI+2.1+Console+Pack%29,https://www.bing.com/images/search?q=Samsung+Odyssey+G5+27%22+QHD+165Hz+1000R+Curved+Gaming+Monitor+%28Dual+HDMI+2.1+Console+Pack%29
510,MONITORS,Samsung,"Smart Monitor M8 32"" 4K UHD with SlimFit Magnetic Camera (Anti-Glare Pro Shield Edition)",https://www.google.com/search?tbm=isch&q=Samsung+Smart+Monitor+M8+32%22+4K+UHD+with+SlimFit+Magnetic+Camera+%28Anti-Glare+Pro+Shield+Edition%29,https://www.bing.com/images/search?q=Samsung+Smart+Monitor+M8+32%22+4K+UHD+with+SlimFit+Magnetic+Camera+%28Anti-Glare+Pro+Shield+Edition%29
511,MONITORS,Samsung,"ViewFinity S9 27"" 5K Studio Display with Matte Screen (Zero-Dead-Pixel Guarantee Edition)",https://www.google.com/search?tbm=isch&q=Samsung+ViewFinity+S9+27%22+5K+Studio+Display+with+Matte+Screen+%28Zero-Dead-Pixel+Guarantee+Edition%29,https://www.bing.com/images/search?q=Samsung+ViewFinity+S9+27%22+5K+Studio+Display+with+Matte+Screen+%28Zero-Dead-Pixel+Guarantee+Edition%29
512,MONITORS,Samsung,"Odyssey OLED G9 49"" Curved Dual QHD 240Hz Gaming Monitor (Ergonomic Arm Mount Included)",https://www.google.com/search?tbm=isch&q=Samsung+Odyssey+OLED+G9+49%22+Curved+Dual+QHD+240Hz+Gaming+Monitor+%28Ergonomic+Arm+Mount+Included%29,https://www.bing.com/images/search?q=Samsung+Odyssey+OLED+G9+49%22+Curved+Dual+QHD+240Hz+Gaming+Monitor+%28Ergonomic+Arm+Mount+Included%29
513,MONITORS,Samsung,"Odyssey OLED G8 32"" 4K UHD 240Hz Gaming Monitor (G80SD) (Factory Calibrated Color Profile)",https://www.google.com/search?tbm=isch&q=Samsung+Odyssey+OLED+G8+32%22+4K+UHD+240Hz+Gaming+Monitor+%28G80SD%29+%28Factory+Calibrated+Color+Profile%29,https://www.bing.com/images/search?q=Samsung+Odyssey+OLED+G8+32%22+4K+UHD+240Hz+Gaming+Monitor+%28G80SD%29+%28Factory+Calibrated+Color+Profile%29
514,MONITORS,Samsung,"Odyssey Neo G8 32"" 4K UHD 240Hz 1000R Curved Quantum Mini-LED (Dual HDMI 2.1 Console Pack)",https://www.google.com/search?tbm=isch&q=Samsung+Odyssey+Neo+G8+32%22+4K+UHD+240Hz+1000R+Curved+Quantum+Mini-LED+%28Dual+HDMI+2.1+Console+Pack%29,https://www.bing.com/images/search?q=Samsung+Odyssey+Neo+G8+32%22+4K+UHD+240Hz+1000R+Curved+Quantum+Mini-LED+%28Dual+HDMI+2.1+Console+Pack%29
515,MONITORS,Samsung,"Odyssey G7 28"" 4K UHD 144Hz IPS Gaming Monitor (G70B) (Anti-Glare Pro Shield Edition)",https://www.google.com/search?tbm=isch&q=Samsung+Odyssey+G7+28%22+4K+UHD+144Hz+IPS+Gaming+Monitor+%28G70B%29+%28Anti-Glare+Pro+Shield+Edition%29,https://www.bing.com/images/search?q=Samsung+Odyssey+G7+28%22+4K+UHD+144Hz+IPS+Gaming+Monitor+%28G70B%29+%28Anti-Glare+Pro+Shield+Edition%29
516,MONITORS,Samsung,"Odyssey G5 27"" QHD 165Hz 1000R Curved Gaming Monitor (Zero-Dead-Pixel Guarantee Edition)",https://www.google.com/search?tbm=isch&q=Samsung+Odyssey+G5+27%22+QHD+165Hz+1000R+Curved+Gaming+Monitor+%28Zero-Dead-Pixel+Guarantee+Edition%29,https://www.bing.com/images/search?q=Samsung+Odyssey+G5+27%22+QHD+165Hz+1000R+Curved+Gaming+Monitor+%28Zero-Dead-Pixel+Guarantee+Edition%29
517,MONITORS,Samsung,"Smart Monitor M8 32"" 4K UHD with SlimFit Magnetic Camera (Ergonomic Arm Mount Included)",https://www.google.com/search?tbm=isch&q=Samsung+Smart+Monitor+M8+32%22+4K+UHD+with+SlimFit+Magnetic+Camera+%28Ergonomic+Arm+Mount+Included%29,https://www.bing.com/images/search?q=Samsung+Smart+Monitor+M8+32%22+4K+UHD+with+SlimFit+Magnetic+Camera+%28Ergonomic+Arm+Mount+Included%29
518,MONITORS,Samsung,"ViewFinity S9 27"" 5K Studio Display with Matte Screen (Factory Calibrated Color Profile)",https://www.google.com/search?tbm=isch&q=Samsung+ViewFinity+S9+27%22+5K+Studio+Display+with+Matte+Screen+%28Factory+Calibrated+Color+Profile%29,https://www.bing.com/images/search?q=Samsung+ViewFinity+S9+27%22+5K+Studio+Display+with+Matte+Screen+%28Factory+Calibrated+Color+Profile%29
519,MONITORS,Samsung,"Odyssey OLED G9 49"" Curved Dual QHD 240Hz Gaming Monitor (Dual HDMI 2.1 Console Pack)",https://www.google.com/search?tbm=isch&q=Samsung+Odyssey+OLED+G9+49%22+Curved+Dual+QHD+240Hz+Gaming+Monitor+%28Dual+HDMI+2.1+Console+Pack%29,https://www.bing.com/images/search?q=Samsung+Odyssey+OLED+G9+49%22+Curved+Dual+QHD+240Hz+Gaming+Monitor+%28Dual+HDMI+2.1+Console+Pack%29
520,MONITORS,Samsung,"Odyssey OLED G8 32"" 4K UHD 240Hz Gaming Monitor (G80SD) (Anti-Glare Pro Shield Edition)",https://www.google.com/search?tbm=isch&q=Samsung+Odyssey+OLED+G8+32%22+4K+UHD+240Hz+Gaming+Monitor+%28G80SD%29+%28Anti-Glare+Pro+Shield+Edition%29,https://www.bing.com/images/search?q=Samsung+Odyssey+OLED+G8+32%22+4K+UHD+240Hz+Gaming+Monitor+%28G80SD%29+%28Anti-Glare+Pro+Shield+Edition%29
521,MONITORS,Samsung,"Odyssey Neo G8 32"" 4K UHD 240Hz 1000R Curved Quantum Mini-LED (Zero-Dead-Pixel Guarantee Edition)",https://www.google.com/search?tbm=isch&q=Samsung+Odyssey+Neo+G8+32%22+4K+UHD+240Hz+1000R+Curved+Quantum+Mini-LED+%28Zero-Dead-Pixel+Guarantee+Edition%29,https://www.bing.com/images/search?q=Samsung+Odyssey+Neo+G8+32%22+4K+UHD+240Hz+1000R+Curved+Quantum+Mini-LED+%28Zero-Dead-Pixel+Guarantee+Edition%29
522,MONITORS,Samsung,"Odyssey G7 28"" 4K UHD 144Hz IPS Gaming Monitor (G70B) (Ergonomic Arm Mount Included)",https://www.google.com/search?tbm=isch&q=Samsung+Odyssey+G7+28%22+4K+UHD+144Hz+IPS+Gaming+Monitor+%28G70B%29+%28Ergonomic+Arm+Mount+Included%29,https://www.bing.com/images/search?q=Samsung+Odyssey+G7+28%22+4K+UHD+144Hz+IPS+Gaming+Monitor+%28G70B%29+%28Ergonomic+Arm+Mount+Included%29
523,MONITORS,Samsung,"Odyssey G5 27"" QHD 165Hz 1000R Curved Gaming Monitor (Factory Calibrated Color Profile)",https://www.google.com/search?tbm=isch&q=Samsung+Odyssey+G5+27%22+QHD+165Hz+1000R+Curved+Gaming+Monitor+%28Factory+Calibrated+Color+Profile%29,https://www.bing.com/images/search?q=Samsung+Odyssey+G5+27%22+QHD+165Hz+1000R+Curved+Gaming+Monitor+%28Factory+Calibrated+Color+Profile%29
524,MONITORS,Samsung,"Smart Monitor M8 32"" 4K UHD with SlimFit Magnetic Camera (Dual HDMI 2.1 Console Pack)",https://www.google.com/search?tbm=isch&q=Samsung+Smart+Monitor+M8+32%22+4K+UHD+with+SlimFit+Magnetic+Camera+%28Dual+HDMI+2.1+Console+Pack%29,https://www.bing.com/images/search?q=Samsung+Smart+Monitor+M8+32%22+4K+UHD+with+SlimFit+Magnetic+Camera+%28Dual+HDMI+2.1+Console+Pack%29
525,MONITORS,Samsung,"ViewFinity S9 27"" 5K Studio Display with Matte Screen (Anti-Glare Pro Shield Edition)",https://www.google.com/search?tbm=isch&q=Samsung+ViewFinity+S9+27%22+5K+Studio+Display+with+Matte+Screen+%28Anti-Glare+Pro+Shield+Edition%29,https://www.bing.com/images/search?q=Samsung+ViewFinity+S9+27%22+5K+Studio+Display+with+Matte+Screen+%28Anti-Glare+Pro+Shield+Edition%29
526,GAMING,ASUS,"ROG Ally X Handheld Gaming Console (AMD Z1 Extreme, 24GB RAM, 1TB SSD)",https://www.google.com/search?tbm=isch&q=ASUS+ROG+Ally+X+Handheld+Gaming+Console+%28AMD+Z1+Extreme%2C+24GB+RAM%2C+1TB+SSD%29,https://www.bing.com/images/search?q=ASUS+ROG+Ally+X+Handheld+Gaming+Console+%28AMD+Z1+Extreme%2C+24GB+RAM%2C+1TB+SSD%29
527,GAMING,ASUS,ROG Strix GeForce RTX 4090 OC Edition 24GB GDDR6X,https://www.google.com/search?tbm=isch&q=ASUS+ROG+Strix+GeForce+RTX+4090+OC+Edition+24GB+GDDR6X,https://www.bing.com/images/search?q=ASUS+ROG+Strix+GeForce+RTX+4090+OC+Edition+24GB+GDDR6X
528,GAMING,ASUS,Dual GeForce RTX 4070 Super EVO OC Edition 12GB GDDR6X,https://www.google.com/search?tbm=isch&q=ASUS+Dual+GeForce+RTX+4070+Super+EVO+OC+Edition+12GB+GDDR6X,https://www.bing.com/images/search?q=ASUS+Dual+GeForce+RTX+4070+Super+EVO+OC+Edition+12GB+GDDR6X
529,GAMING,ASUS,"ROG Ally X Handheld Gaming Console (AMD Z1 Extreme, 24GB RAM, 1TB SSD) (Overclocked Performance Pack)",https://www.google.com/search?tbm=isch&q=ASUS+ROG+Ally+X+Handheld+Gaming+Console+%28AMD+Z1+Extreme%2C+24GB+RAM%2C+1TB+SSD%29+%28Overclocked+Performance+Pack%29,https://www.bing.com/images/search?q=ASUS+ROG+Ally+X+Handheld+Gaming+Console+%28AMD+Z1+Extreme%2C+24GB+RAM%2C+1TB+SSD%29+%28Overclocked+Performance+Pack%29
530,GAMING,ASUS,ROG Strix GeForce RTX 4090 OC Edition 24GB GDDR6X (Streamer Pro Kit with Mat),https://www.google.com/search?tbm=isch&q=ASUS+ROG+Strix+GeForce+RTX+4090+OC+Edition+24GB+GDDR6X+%28Streamer+Pro+Kit+with+Mat%29,https://www.bing.com/images/search?q=ASUS+ROG+Strix+GeForce+RTX+4090+OC+Edition+24GB+GDDR6X+%28Streamer+Pro+Kit+with+Mat%29
531,GAMING,ASUS,Dual GeForce RTX 4070 Super EVO OC Edition 12GB GDDR6X (RGB Battlestation Bundle),https://www.google.com/search?tbm=isch&q=ASUS+Dual+GeForce+RTX+4070+Super+EVO+OC+Edition+12GB+GDDR6X+%28RGB+Battlestation+Bundle%29,https://www.bing.com/images/search?q=ASUS+Dual+GeForce+RTX+4070+Super+EVO+OC+Edition+12GB+GDDR6X+%28RGB+Battlestation+Bundle%29
532,GAMING,ASUS,"ROG Ally X Handheld Gaming Console (AMD Z1 Extreme, 24GB RAM, 1TB SSD) (Streamer Pro Kit with Mat)",https://www.google.com/search?tbm=isch&q=ASUS+ROG+Ally+X+Handheld+Gaming+Console+%28AMD+Z1+Extreme%2C+24GB+RAM%2C+1TB+SSD%29+%28Streamer+Pro+Kit+with+Mat%29,https://www.bing.com/images/search?q=ASUS+ROG+Ally+X+Handheld+Gaming+Console+%28AMD+Z1+Extreme%2C+24GB+RAM%2C+1TB+SSD%29+%28Streamer+Pro+Kit+with+Mat%29
533,GAMING,ASUS,ROG Strix GeForce RTX 4090 OC Edition 24GB GDDR6X (RGB Battlestation Bundle),https://www.google.com/search?tbm=isch&q=ASUS+ROG+Strix+GeForce+RTX+4090+OC+Edition+24GB+GDDR6X+%28RGB+Battlestation+Bundle%29,https://www.bing.com/images/search?q=ASUS+ROG+Strix+GeForce+RTX+4090+OC+Edition+24GB+GDDR6X+%28RGB+Battlestation+Bundle%29
534,GAMING,ASUS,Dual GeForce RTX 4070 Super EVO OC Edition 12GB GDDR6X (Limited Stealth Edition),https://www.google.com/search?tbm=isch&q=ASUS+Dual+GeForce+RTX+4070+Super+EVO+OC+Edition+12GB+GDDR6X+%28Limited+Stealth+Edition%29,https://www.bing.com/images/search?q=ASUS+Dual+GeForce+RTX+4070+Super+EVO+OC+Edition+12GB+GDDR6X+%28Limited+Stealth+Edition%29
535,GAMING,ASUS,"ROG Ally X Handheld Gaming Console (AMD Z1 Extreme, 24GB RAM, 1TB SSD) (RGB Battlestation Bundle)",https://www.google.com/search?tbm=isch&q=ASUS+ROG+Ally+X+Handheld+Gaming+Console+%28AMD+Z1+Extreme%2C+24GB+RAM%2C+1TB+SSD%29+%28RGB+Battlestation+Bundle%29,https://www.bing.com/images/search?q=ASUS+ROG+Ally+X+Handheld+Gaming+Console+%28AMD+Z1+Extreme%2C+24GB+RAM%2C+1TB+SSD%29+%28RGB+Battlestation+Bundle%29
536,GAMING,ASUS,ROG Strix GeForce RTX 4090 OC Edition 24GB GDDR6X (Limited Stealth Edition),https://www.google.com/search?tbm=isch&q=ASUS+ROG+Strix+GeForce+RTX+4090+OC+Edition+24GB+GDDR6X+%28Limited+Stealth+Edition%29,https://www.bing.com/images/search?q=ASUS+ROG+Strix+GeForce+RTX+4090+OC+Edition+24GB+GDDR6X+%28Limited+Stealth+Edition%29
537,GAMING,ASUS,Dual GeForce RTX 4070 Super EVO OC Edition 12GB GDDR6X (Competitive Tournament Edition),https://www.google.com/search?tbm=isch&q=ASUS+Dual+GeForce+RTX+4070+Super+EVO+OC+Edition+12GB+GDDR6X+%28Competitive+Tournament+Edition%29,https://www.bing.com/images/search?q=ASUS+Dual+GeForce+RTX+4070+Super+EVO+OC+Edition+12GB+GDDR6X+%28Competitive+Tournament+Edition%29
538,GAMING,Lenovo,"Legion Go 8.8"" QHD Handheld (AMD Z1 Extreme, 16GB RAM, 512GB SSD)",https://www.google.com/search?tbm=isch&q=Lenovo+Legion+Go+8.8%22+QHD+Handheld+%28AMD+Z1+Extreme%2C+16GB+RAM%2C+512GB+SSD%29,https://www.bing.com/images/search?q=Lenovo+Legion+Go+8.8%22+QHD+Handheld+%28AMD+Z1+Extreme%2C+16GB+RAM%2C+512GB+SSD%29
539,GAMING,Lenovo,"Legion Go 8.8"" QHD Handheld (AMD Z1 Extreme, 16GB RAM, 512GB SSD) (RGB Battlestation Bundle)",https://www.google.com/search?tbm=isch&q=Lenovo+Legion+Go+8.8%22+QHD+Handheld+%28AMD+Z1+Extreme%2C+16GB+RAM%2C+512GB+SSD%29+%28RGB+Battlestation+Bundle%29,https://www.bing.com/images/search?q=Lenovo+Legion+Go+8.8%22+QHD+Handheld+%28AMD+Z1+Extreme%2C+16GB+RAM%2C+512GB+SSD%29+%28RGB+Battlestation+Bundle%29
540,GAMING,Lenovo,"Legion Go 8.8"" QHD Handheld (AMD Z1 Extreme, 16GB RAM, 512GB SSD) (Limited Stealth Edition)",https://www.google.com/search?tbm=isch&q=Lenovo+Legion+Go+8.8%22+QHD+Handheld+%28AMD+Z1+Extreme%2C+16GB+RAM%2C+512GB+SSD%29+%28Limited+Stealth+Edition%29,https://www.bing.com/images/search?q=Lenovo+Legion+Go+8.8%22+QHD+Handheld+%28AMD+Z1+Extreme%2C+16GB+RAM%2C+512GB+SSD%29+%28Limited+Stealth+Edition%29
541,GAMING,Lenovo,"Legion Go 8.8"" QHD Handheld (AMD Z1 Extreme, 16GB RAM, 512GB SSD) (Competitive Tournament Edition)",https://www.google.com/search?tbm=isch&q=Lenovo+Legion+Go+8.8%22+QHD+Handheld+%28AMD+Z1+Extreme%2C+16GB+RAM%2C+512GB+SSD%29+%28Competitive+Tournament+Edition%29,https://www.bing.com/images/search?q=Lenovo+Legion+Go+8.8%22+QHD+Handheld+%28AMD+Z1+Extreme%2C+16GB+RAM%2C+512GB+SSD%29+%28Competitive+Tournament+Edition%29
542,GAMING,Logitech,G PRO X SUPERLIGHT 2 Wireless Gaming Mouse (White),https://www.google.com/search?tbm=isch&q=Logitech+G+PRO+X+SUPERLIGHT+2+Wireless+Gaming+Mouse+%28White%29,https://www.bing.com/images/search?q=Logitech+G+PRO+X+SUPERLIGHT+2+Wireless+Gaming+Mouse+%28White%29
543,GAMING,Logitech,G502 X PLUS Wireless RGB Gaming Mouse,https://www.google.com/search?tbm=isch&q=Logitech+G502+X+PLUS+Wireless+RGB+Gaming+Mouse,https://www.bing.com/images/search?q=Logitech+G502+X+PLUS+Wireless+RGB+Gaming+Mouse
544,GAMING,Logitech,G PRO X SUPERLIGHT 2 Wireless Gaming Mouse (White) (Competitive Tournament Edition),https://www.google.com/search?tbm=isch&q=Logitech+G+PRO+X+SUPERLIGHT+2+Wireless+Gaming+Mouse+%28White%29+%28Competitive+Tournament+Edition%29,https://www.bing.com/images/search?q=Logitech+G+PRO+X+SUPERLIGHT+2+Wireless+Gaming+Mouse+%28White%29+%28Competitive+Tournament+Edition%29
545,GAMING,Logitech,G502 X PLUS Wireless RGB Gaming Mouse (Streamer Pro Kit with Mat),https://www.google.com/search?tbm=isch&q=Logitech+G502+X+PLUS+Wireless+RGB+Gaming+Mouse+%28Streamer+Pro+Kit+with+Mat%29,https://www.bing.com/images/search?q=Logitech+G502+X+PLUS+Wireless+RGB+Gaming+Mouse+%28Streamer+Pro+Kit+with+Mat%29
546,GAMING,Logitech,G PRO X SUPERLIGHT 2 Wireless Gaming Mouse (White) (Overclocked Performance Pack),https://www.google.com/search?tbm=isch&q=Logitech+G+PRO+X+SUPERLIGHT+2+Wireless+Gaming+Mouse+%28White%29+%28Overclocked+Performance+Pack%29,https://www.bing.com/images/search?q=Logitech+G+PRO+X+SUPERLIGHT+2+Wireless+Gaming+Mouse+%28White%29+%28Overclocked+Performance+Pack%29
547,GAMING,Logitech,G502 X PLUS Wireless RGB Gaming Mouse (RGB Battlestation Bundle),https://www.google.com/search?tbm=isch&q=Logitech+G502+X+PLUS+Wireless+RGB+Gaming+Mouse+%28RGB+Battlestation+Bundle%29,https://www.bing.com/images/search?q=Logitech+G502+X+PLUS+Wireless+RGB+Gaming+Mouse+%28RGB+Battlestation+Bundle%29
548,GAMING,Logitech,G PRO X SUPERLIGHT 2 Wireless Gaming Mouse (White) (Streamer Pro Kit with Mat),https://www.google.com/search?tbm=isch&q=Logitech+G+PRO+X+SUPERLIGHT+2+Wireless+Gaming+Mouse+%28White%29+%28Streamer+Pro+Kit+with+Mat%29,https://www.bing.com/images/search?q=Logitech+G+PRO+X+SUPERLIGHT+2+Wireless+Gaming+Mouse+%28White%29+%28Streamer+Pro+Kit+with+Mat%29
549,GAMING,Microsoft,Xbox Series X 1TB Console,https://www.google.com/search?tbm=isch&q=Microsoft+Xbox+Series+X+1TB+Console,https://www.bing.com/images/search?q=Microsoft+Xbox+Series+X+1TB+Console
550,GAMING,Microsoft,Xbox Series S 512GB All-Digital Console,https://www.google.com/search?tbm=isch&q=Microsoft+Xbox+Series+S+512GB+All-Digital+Console,https://www.bing.com/images/search?q=Microsoft+Xbox+Series+S+512GB+All-Digital+Console
551,GAMING,Microsoft,Xbox Elite Wireless Controller Series 2,https://www.google.com/search?tbm=isch&q=Microsoft+Xbox+Elite+Wireless+Controller+Series+2,https://www.bing.com/images/search?q=Microsoft+Xbox+Elite+Wireless+Controller+Series+2
552,GAMING,Microsoft,Xbox Series X 1TB Console (Limited Stealth Edition),https://www.google.com/search?tbm=isch&q=Microsoft+Xbox+Series+X+1TB+Console+%28Limited+Stealth+Edition%29,https://www.bing.com/images/search?q=Microsoft+Xbox+Series+X+1TB+Console+%28Limited+Stealth+Edition%29
553,GAMING,Microsoft,Xbox Series S 512GB All-Digital Console (Overclocked Performance Pack),https://www.google.com/search?tbm=isch&q=Microsoft+Xbox+Series+S+512GB+All-Digital+Console+%28Overclocked+Performance+Pack%29,https://www.bing.com/images/search?q=Microsoft+Xbox+Series+S+512GB+All-Digital+Console+%28Overclocked+Performance+Pack%29
554,GAMING,Microsoft,Xbox Elite Wireless Controller Series 2 (RGB Battlestation Bundle),https://www.google.com/search?tbm=isch&q=Microsoft+Xbox+Elite+Wireless+Controller+Series+2+%28RGB+Battlestation+Bundle%29,https://www.bing.com/images/search?q=Microsoft+Xbox+Elite+Wireless+Controller+Series+2+%28RGB+Battlestation+Bundle%29
555,GAMING,Microsoft,Xbox Series X 1TB Console (Competitive Tournament Edition),https://www.google.com/search?tbm=isch&q=Microsoft+Xbox+Series+X+1TB+Console+%28Competitive+Tournament+Edition%29,https://www.bing.com/images/search?q=Microsoft+Xbox+Series+X+1TB+Console+%28Competitive+Tournament+Edition%29
556,GAMING,Microsoft,Xbox Series S 512GB All-Digital Console (Streamer Pro Kit with Mat),https://www.google.com/search?tbm=isch&q=Microsoft+Xbox+Series+S+512GB+All-Digital+Console+%28Streamer+Pro+Kit+with+Mat%29,https://www.bing.com/images/search?q=Microsoft+Xbox+Series+S+512GB+All-Digital+Console+%28Streamer+Pro+Kit+with+Mat%29
557,GAMING,Microsoft,Xbox Elite Wireless Controller Series 2 (Limited Stealth Edition),https://www.google.com/search?tbm=isch&q=Microsoft+Xbox+Elite+Wireless+Controller+Series+2+%28Limited+Stealth+Edition%29,https://www.bing.com/images/search?q=Microsoft+Xbox+Elite+Wireless+Controller+Series+2+%28Limited+Stealth+Edition%29
558,GAMING,Microsoft,Xbox Series X 1TB Console (Overclocked Performance Pack),https://www.google.com/search?tbm=isch&q=Microsoft+Xbox+Series+X+1TB+Console+%28Overclocked+Performance+Pack%29,https://www.bing.com/images/search?q=Microsoft+Xbox+Series+X+1TB+Console+%28Overclocked+Performance+Pack%29
559,GAMING,Microsoft,Xbox Series S 512GB All-Digital Console (RGB Battlestation Bundle),https://www.google.com/search?tbm=isch&q=Microsoft+Xbox+Series+S+512GB+All-Digital+Console+%28RGB+Battlestation+Bundle%29,https://www.bing.com/images/search?q=Microsoft+Xbox+Series+S+512GB+All-Digital+Console+%28RGB+Battlestation+Bundle%29
560,GAMING,Microsoft,Xbox Elite Wireless Controller Series 2 (Competitive Tournament Edition),https://www.google.com/search?tbm=isch&q=Microsoft+Xbox+Elite+Wireless+Controller+Series+2+%28Competitive+Tournament+Edition%29,https://www.bing.com/images/search?q=Microsoft+Xbox+Elite+Wireless+Controller+Series+2+%28Competitive+Tournament+Edition%29
561,GAMING,MSI,GeForce RTX 4070 Ti Super 16G Gaming X Slim White,https://www.google.com/search?tbm=isch&q=MSI+GeForce+RTX+4070+Ti+Super+16G+Gaming+X+Slim+White,https://www.bing.com/images/search?q=MSI+GeForce+RTX+4070+Ti+Super+16G+Gaming+X+Slim+White
562,GAMING,MSI,GeForce RTX 4060 Ventus 2X Black 8G OC,https://www.google.com/search?tbm=isch&q=MSI+GeForce+RTX+4060+Ventus+2X+Black+8G+OC,https://www.bing.com/images/search?q=MSI+GeForce+RTX+4060+Ventus+2X+Black+8G+OC
563,GAMING,MSI,GeForce RTX 4070 Ti Super 16G Gaming X Slim White (Overclocked Performance Pack),https://www.google.com/search?tbm=isch&q=MSI+GeForce+RTX+4070+Ti+Super+16G+Gaming+X+Slim+White+%28Overclocked+Performance+Pack%29,https://www.bing.com/images/search?q=MSI+GeForce+RTX+4070+Ti+Super+16G+Gaming+X+Slim+White+%28Overclocked+Performance+Pack%29
564,GAMING,MSI,GeForce RTX 4060 Ventus 2X Black 8G OC (Streamer Pro Kit with Mat),https://www.google.com/search?tbm=isch&q=MSI+GeForce+RTX+4060+Ventus+2X+Black+8G+OC+%28Streamer+Pro+Kit+with+Mat%29,https://www.bing.com/images/search?q=MSI+GeForce+RTX+4060+Ventus+2X+Black+8G+OC+%28Streamer+Pro+Kit+with+Mat%29
565,GAMING,MSI,GeForce RTX 4070 Ti Super 16G Gaming X Slim White (Streamer Pro Kit with Mat),https://www.google.com/search?tbm=isch&q=MSI+GeForce+RTX+4070+Ti+Super+16G+Gaming+X+Slim+White+%28Streamer+Pro+Kit+with+Mat%29,https://www.bing.com/images/search?q=MSI+GeForce+RTX+4070+Ti+Super+16G+Gaming+X+Slim+White+%28Streamer+Pro+Kit+with+Mat%29
566,GAMING,MSI,GeForce RTX 4060 Ventus 2X Black 8G OC (RGB Battlestation Bundle),https://www.google.com/search?tbm=isch&q=MSI+GeForce+RTX+4060+Ventus+2X+Black+8G+OC+%28RGB+Battlestation+Bundle%29,https://www.bing.com/images/search?q=MSI+GeForce+RTX+4060+Ventus+2X+Black+8G+OC+%28RGB+Battlestation+Bundle%29
567,GAMING,MSI,GeForce RTX 4070 Ti Super 16G Gaming X Slim White (RGB Battlestation Bundle),https://www.google.com/search?tbm=isch&q=MSI+GeForce+RTX+4070+Ti+Super+16G+Gaming+X+Slim+White+%28RGB+Battlestation+Bundle%29,https://www.bing.com/images/search?q=MSI+GeForce+RTX+4070+Ti+Super+16G+Gaming+X+Slim+White+%28RGB+Battlestation+Bundle%29
568,GAMING,MSI,GeForce RTX 4060 Ventus 2X Black 8G OC (Limited Stealth Edition),https://www.google.com/search?tbm=isch&q=MSI+GeForce+RTX+4060+Ventus+2X+Black+8G+OC+%28Limited+Stealth+Edition%29,https://www.bing.com/images/search?q=MSI+GeForce+RTX+4060+Ventus+2X+Black+8G+OC+%28Limited+Stealth+Edition%29
569,GAMING,Nintendo,Nintendo Switch OLED Model White Set,https://www.google.com/search?tbm=isch&q=Nintendo+Nintendo+Switch+OLED+Model+White+Set,https://www.bing.com/images/search?q=Nintendo+Nintendo+Switch+OLED+Model+White+Set
570,GAMING,Nintendo,Nintendo Switch OLED Mario Red Edition,https://www.google.com/search?tbm=isch&q=Nintendo+Nintendo+Switch+OLED+Mario+Red+Edition,https://www.bing.com/images/search?q=Nintendo+Nintendo+Switch+OLED+Mario+Red+Edition
571,GAMING,Nintendo,Nintendo Switch OLED Model White Set (RGB Battlestation Bundle),https://www.google.com/search?tbm=isch&q=Nintendo+Nintendo+Switch+OLED+Model+White+Set+%28RGB+Battlestation+Bundle%29,https://www.bing.com/images/search?q=Nintendo+Nintendo+Switch+OLED+Model+White+Set+%28RGB+Battlestation+Bundle%29
572,GAMING,Nintendo,Nintendo Switch OLED Mario Red Edition (Competitive Tournament Edition),https://www.google.com/search?tbm=isch&q=Nintendo+Nintendo+Switch+OLED+Mario+Red+Edition+%28Competitive+Tournament+Edition%29,https://www.bing.com/images/search?q=Nintendo+Nintendo+Switch+OLED+Mario+Red+Edition+%28Competitive+Tournament+Edition%29
573,GAMING,Nintendo,Nintendo Switch OLED Model White Set (Limited Stealth Edition),https://www.google.com/search?tbm=isch&q=Nintendo+Nintendo+Switch+OLED+Model+White+Set+%28Limited+Stealth+Edition%29,https://www.bing.com/images/search?q=Nintendo+Nintendo+Switch+OLED+Model+White+Set+%28Limited+Stealth+Edition%29
574,GAMING,Nintendo,Nintendo Switch OLED Mario Red Edition (Overclocked Performance Pack),https://www.google.com/search?tbm=isch&q=Nintendo+Nintendo+Switch+OLED+Mario+Red+Edition+%28Overclocked+Performance+Pack%29,https://www.bing.com/images/search?q=Nintendo+Nintendo+Switch+OLED+Mario+Red+Edition+%28Overclocked+Performance+Pack%29
575,GAMING,Nintendo,Nintendo Switch OLED Model White Set (Competitive Tournament Edition),https://www.google.com/search?tbm=isch&q=Nintendo+Nintendo+Switch+OLED+Model+White+Set+%28Competitive+Tournament+Edition%29,https://www.bing.com/images/search?q=Nintendo+Nintendo+Switch+OLED+Model+White+Set+%28Competitive+Tournament+Edition%29
576,GAMING,Nintendo,Nintendo Switch OLED Mario Red Edition (Streamer Pro Kit with Mat),https://www.google.com/search?tbm=isch&q=Nintendo+Nintendo+Switch+OLED+Mario+Red+Edition+%28Streamer+Pro+Kit+with+Mat%29,https://www.bing.com/images/search?q=Nintendo+Nintendo+Switch+OLED+Mario+Red+Edition+%28Streamer+Pro+Kit+with+Mat%29
577,GAMING,Razer,DeathAdder V3 Pro Wireless Gaming Mouse,https://www.google.com/search?tbm=isch&q=Razer+DeathAdder+V3+Pro+Wireless+Gaming+Mouse,https://www.bing.com/images/search?q=Razer+DeathAdder+V3+Pro+Wireless+Gaming+Mouse
578,GAMING,Razer,Viper V3 Pro Wireless Esports Gaming Mouse,https://www.google.com/search?tbm=isch&q=Razer+Viper+V3+Pro+Wireless+Esports+Gaming+Mouse,https://www.bing.com/images/search?q=Razer+Viper+V3+Pro+Wireless+Esports+Gaming+Mouse
579,GAMING,Razer,Huntsman V3 Pro TKL Esports Optical Gaming Keyboard,https://www.google.com/search?tbm=isch&q=Razer+Huntsman+V3+Pro+TKL+Esports+Optical+Gaming+Keyboard,https://www.bing.com/images/search?q=Razer+Huntsman+V3+Pro+TKL+Esports+Optical+Gaming+Keyboard
580,GAMING,Razer,DeathAdder V3 Pro Wireless Gaming Mouse (Limited Stealth Edition),https://www.google.com/search?tbm=isch&q=Razer+DeathAdder+V3+Pro+Wireless+Gaming+Mouse+%28Limited+Stealth+Edition%29,https://www.bing.com/images/search?q=Razer+DeathAdder+V3+Pro+Wireless+Gaming+Mouse+%28Limited+Stealth+Edition%29
581,GAMING,Razer,Viper V3 Pro Wireless Esports Gaming Mouse (Overclocked Performance Pack),https://www.google.com/search?tbm=isch&q=Razer+Viper+V3+Pro+Wireless+Esports+Gaming+Mouse+%28Overclocked+Performance+Pack%29,https://www.bing.com/images/search?q=Razer+Viper+V3+Pro+Wireless+Esports+Gaming+Mouse+%28Overclocked+Performance+Pack%29
582,GAMING,Razer,Huntsman V3 Pro TKL Esports Optical Gaming Keyboard (Competitive Tournament Edition),https://www.google.com/search?tbm=isch&q=Razer+Huntsman+V3+Pro+TKL+Esports+Optical+Gaming+Keyboard+%28Competitive+Tournament+Edition%29,https://www.bing.com/images/search?q=Razer+Huntsman+V3+Pro+TKL+Esports+Optical+Gaming+Keyboard+%28Competitive+Tournament+Edition%29
583,GAMING,Razer,DeathAdder V3 Pro Wireless Gaming Mouse (Competitive Tournament Edition),https://www.google.com/search?tbm=isch&q=Razer+DeathAdder+V3+Pro+Wireless+Gaming+Mouse+%28Competitive+Tournament+Edition%29,https://www.bing.com/images/search?q=Razer+DeathAdder+V3+Pro+Wireless+Gaming+Mouse+%28Competitive+Tournament+Edition%29
584,GAMING,Razer,Viper V3 Pro Wireless Esports Gaming Mouse (Streamer Pro Kit with Mat),https://www.google.com/search?tbm=isch&q=Razer+Viper+V3+Pro+Wireless+Esports+Gaming+Mouse+%28Streamer+Pro+Kit+with+Mat%29,https://www.bing.com/images/search?q=Razer+Viper+V3+Pro+Wireless+Esports+Gaming+Mouse+%28Streamer+Pro+Kit+with+Mat%29
585,GAMING,Razer,Huntsman V3 Pro TKL Esports Optical Gaming Keyboard (Overclocked Performance Pack),https://www.google.com/search?tbm=isch&q=Razer+Huntsman+V3+Pro+TKL+Esports+Optical+Gaming+Keyboard+%28Overclocked+Performance+Pack%29,https://www.bing.com/images/search?q=Razer+Huntsman+V3+Pro+TKL+Esports+Optical+Gaming+Keyboard+%28Overclocked+Performance+Pack%29
586,GAMING,Sapphire,Pulse AMD Radeon RX 7800 XT Gaming 16GB GDDR6,https://www.google.com/search?tbm=isch&q=Sapphire+Pulse+AMD+Radeon+RX+7800+XT+Gaming+16GB+GDDR6,https://www.bing.com/images/search?q=Sapphire+Pulse+AMD+Radeon+RX+7800+XT+Gaming+16GB+GDDR6
587,GAMING,Sapphire,Pulse AMD Radeon RX 7800 XT Gaming 16GB GDDR6 (Limited Stealth Edition),https://www.google.com/search?tbm=isch&q=Sapphire+Pulse+AMD+Radeon+RX+7800+XT+Gaming+16GB+GDDR6+%28Limited+Stealth+Edition%29,https://www.bing.com/images/search?q=Sapphire+Pulse+AMD+Radeon+RX+7800+XT+Gaming+16GB+GDDR6+%28Limited+Stealth+Edition%29
588,GAMING,Sapphire,Pulse AMD Radeon RX 7800 XT Gaming 16GB GDDR6 (Competitive Tournament Edition),https://www.google.com/search?tbm=isch&q=Sapphire+Pulse+AMD+Radeon+RX+7800+XT+Gaming+16GB+GDDR6+%28Competitive+Tournament+Edition%29,https://www.bing.com/images/search?q=Sapphire+Pulse+AMD+Radeon+RX+7800+XT+Gaming+16GB+GDDR6+%28Competitive+Tournament+Edition%29
589,GAMING,Sapphire,Pulse AMD Radeon RX 7800 XT Gaming 16GB GDDR6 (Overclocked Performance Pack),https://www.google.com/search?tbm=isch&q=Sapphire+Pulse+AMD+Radeon+RX+7800+XT+Gaming+16GB+GDDR6+%28Overclocked+Performance+Pack%29,https://www.bing.com/images/search?q=Sapphire+Pulse+AMD+Radeon+RX+7800+XT+Gaming+16GB+GDDR6+%28Overclocked+Performance+Pack%29
590,GAMING,Sony,PlayStation 5 Slim Console (Disc Edition) 1TB,https://www.google.com/search?tbm=isch&q=Sony+PlayStation+5+Slim+Console+%28Disc+Edition%29+1TB,https://www.bing.com/images/search?q=Sony+PlayStation+5+Slim+Console+%28Disc+Edition%29+1TB
591,GAMING,Sony,PlayStation 5 Slim Digital Edition 1TB,https://www.google.com/search?tbm=isch&q=Sony+PlayStation+5+Slim+Digital+Edition+1TB,https://www.bing.com/images/search?q=Sony+PlayStation+5+Slim+Digital+Edition+1TB
592,GAMING,Sony,PlayStation Portal Remote Player for PS5 Console,https://www.google.com/search?tbm=isch&q=Sony+PlayStation+Portal+Remote+Player+for+PS5+Console,https://www.bing.com/images/search?q=Sony+PlayStation+Portal+Remote+Player+for+PS5+Console
593,GAMING,Sony,DualSense Edge Wireless Controller for PS5,https://www.google.com/search?tbm=isch&q=Sony+DualSense+Edge+Wireless+Controller+for+PS5,https://www.bing.com/images/search?q=Sony+DualSense+Edge+Wireless+Controller+for+PS5
594,GAMING,Sony,PlayStation 5 Slim Digital Edition 1TB (Competitive Tournament Edition),https://www.google.com/search?tbm=isch&q=Sony+PlayStation+5+Slim+Digital+Edition+1TB+%28Competitive+Tournament+Edition%29,https://www.bing.com/images/search?q=Sony+PlayStation+5+Slim+Digital+Edition+1TB+%28Competitive+Tournament+Edition%29
595,GAMING,Sony,PlayStation Portal Remote Player for PS5 Console (Streamer Pro Kit with Mat),https://www.google.com/search?tbm=isch&q=Sony+PlayStation+Portal+Remote+Player+for+PS5+Console+%28Streamer+Pro+Kit+with+Mat%29,https://www.bing.com/images/search?q=Sony+PlayStation+Portal+Remote+Player+for+PS5+Console+%28Streamer+Pro+Kit+with+Mat%29
596,GAMING,Sony,DualSense Edge Wireless Controller for PS5 (Overclocked Performance Pack),https://www.google.com/search?tbm=isch&q=Sony+DualSense+Edge+Wireless+Controller+for+PS5+%28Overclocked+Performance+Pack%29,https://www.bing.com/images/search?q=Sony+DualSense+Edge+Wireless+Controller+for+PS5+%28Overclocked+Performance+Pack%29
597,GAMING,Sony,PlayStation 5 Slim Console (Disc Edition) 1TB (Limited Stealth Edition),https://www.google.com/search?tbm=isch&q=Sony+PlayStation+5+Slim+Console+%28Disc+Edition%29+1TB+%28Limited+Stealth+Edition%29,https://www.bing.com/images/search?q=Sony+PlayStation+5+Slim+Console+%28Disc+Edition%29+1TB+%28Limited+Stealth+Edition%29
598,GAMING,Sony,PlayStation 5 Slim Digital Edition 1TB (Overclocked Performance Pack),https://www.google.com/search?tbm=isch&q=Sony+PlayStation+5+Slim+Digital+Edition+1TB+%28Overclocked+Performance+Pack%29,https://www.bing.com/images/search?q=Sony+PlayStation+5+Slim+Digital+Edition+1TB+%28Overclocked+Performance+Pack%29
599,GAMING,Sony,PlayStation Portal Remote Player for PS5 Console (RGB Battlestation Bundle),https://www.google.com/search?tbm=isch&q=Sony+PlayStation+Portal+Remote+Player+for+PS5+Console+%28RGB+Battlestation+Bundle%29,https://www.bing.com/images/search?q=Sony+PlayStation+Portal+Remote+Player+for+PS5+Console+%28RGB+Battlestation+Bundle%29
600,GAMING,Sony,DualSense Edge Wireless Controller for PS5 (Streamer Pro Kit with Mat),https://www.google.com/search?tbm=isch&q=Sony+DualSense+Edge+Wireless+Controller+for+PS5+%28Streamer+Pro+Kit+with+Mat%29,https://www.bing.com/images/search?q=Sony+DualSense+Edge+Wireless+Controller+for+PS5+%28Streamer+Pro+Kit+with+Mat%29
601,GAMING,Sony,PlayStation 5 Slim Console (Disc Edition) 1TB (Competitive Tournament Edition),https://www.google.com/search?tbm=isch&q=Sony+PlayStation+5+Slim+Console+%28Disc+Edition%29+1TB+%28Competitive+Tournament+Edition%29,https://www.bing.com/images/search?q=Sony+PlayStation+5+Slim+Console+%28Disc+Edition%29+1TB+%28Competitive+Tournament+Edition%29
602,GAMING,Sony,PlayStation 5 Slim Digital Edition 1TB (Streamer Pro Kit with Mat),https://www.google.com/search?tbm=isch&q=Sony+PlayStation+5+Slim+Digital+Edition+1TB+%28Streamer+Pro+Kit+with+Mat%29,https://www.bing.com/images/search?q=Sony+PlayStation+5+Slim+Digital+Edition+1TB+%28Streamer+Pro+Kit+with+Mat%29
603,GAMING,Sony,PlayStation Portal Remote Player for PS5 Console (Limited Stealth Edition),https://www.google.com/search?tbm=isch&q=Sony+PlayStation+Portal+Remote+Player+for+PS5+Console+%28Limited+Stealth+Edition%29,https://www.bing.com/images/search?q=Sony+PlayStation+Portal+Remote+Player+for+PS5+Console+%28Limited+Stealth+Edition%29
604,GAMING,Sony,DualSense Edge Wireless Controller for PS5 (RGB Battlestation Bundle),https://www.google.com/search?tbm=isch&q=Sony+DualSense+Edge+Wireless+Controller+for+PS5+%28RGB+Battlestation+Bundle%29,https://www.bing.com/images/search?q=Sony+DualSense+Edge+Wireless+Controller+for+PS5+%28RGB+Battlestation+Bundle%29
605,GAMING,SteelSeries,Apex Pro TKL Wireless Mechanical Gaming Keyboard,https://www.google.com/search?tbm=isch&q=SteelSeries+Apex+Pro+TKL+Wireless+Mechanical+Gaming+Keyboard,https://www.bing.com/images/search?q=SteelSeries+Apex+Pro+TKL+Wireless+Mechanical+Gaming+Keyboard
606,GAMING,SteelSeries,Arctis Nova Pro Wireless Multi-System Gaming Headset,https://www.google.com/search?tbm=isch&q=SteelSeries+Arctis+Nova+Pro+Wireless+Multi-System+Gaming+Headset,https://www.bing.com/images/search?q=SteelSeries+Arctis+Nova+Pro+Wireless+Multi-System+Gaming+Headset
607,GAMING,SteelSeries,Apex Pro TKL Wireless Mechanical Gaming Keyboard (RGB Battlestation Bundle),https://www.google.com/search?tbm=isch&q=SteelSeries+Apex+Pro+TKL+Wireless+Mechanical+Gaming+Keyboard+%28RGB+Battlestation+Bundle%29,https://www.bing.com/images/search?q=SteelSeries+Apex+Pro+TKL+Wireless+Mechanical+Gaming+Keyboard+%28RGB+Battlestation+Bundle%29
608,GAMING,SteelSeries,Arctis Nova Pro Wireless Multi-System Gaming Headset (Streamer Pro Kit with Mat),https://www.google.com/search?tbm=isch&q=SteelSeries+Arctis+Nova+Pro+Wireless+Multi-System+Gaming+Headset+%28Streamer+Pro+Kit+with+Mat%29,https://www.bing.com/images/search?q=SteelSeries+Arctis+Nova+Pro+Wireless+Multi-System+Gaming+Headset+%28Streamer+Pro+Kit+with+Mat%29
609,GAMING,SteelSeries,Apex Pro TKL Wireless Mechanical Gaming Keyboard (Limited Stealth Edition),https://www.google.com/search?tbm=isch&q=SteelSeries+Apex+Pro+TKL+Wireless+Mechanical+Gaming+Keyboard+%28Limited+Stealth+Edition%29,https://www.bing.com/images/search?q=SteelSeries+Apex+Pro+TKL+Wireless+Mechanical+Gaming+Keyboard+%28Limited+Stealth+Edition%29
610,GAMING,SteelSeries,Arctis Nova Pro Wireless Multi-System Gaming Headset (RGB Battlestation Bundle),https://www.google.com/search?tbm=isch&q=SteelSeries+Arctis+Nova+Pro+Wireless+Multi-System+Gaming+Headset+%28RGB+Battlestation+Bundle%29,https://www.bing.com/images/search?q=SteelSeries+Arctis+Nova+Pro+Wireless+Multi-System+Gaming+Headset+%28RGB+Battlestation+Bundle%29
611,GAMING,Valve,Steam Deck OLED 512GB Handheld Gaming PC,https://www.google.com/search?tbm=isch&q=Valve+Steam+Deck+OLED+512GB+Handheld+Gaming+PC,https://www.bing.com/images/search?q=Valve+Steam+Deck+OLED+512GB+Handheld+Gaming+PC
612,GAMING,Valve,Steam Deck OLED 1TB with Anti-Glare Etched Glass,https://www.google.com/search?tbm=isch&q=Valve+Steam+Deck+OLED+1TB+with+Anti-Glare+Etched+Glass,https://www.bing.com/images/search?q=Valve+Steam+Deck+OLED+1TB+with+Anti-Glare+Etched+Glass
613,GAMING,Valve,Steam Deck OLED 512GB Handheld Gaming PC (Streamer Pro Kit with Mat),https://www.google.com/search?tbm=isch&q=Valve+Steam+Deck+OLED+512GB+Handheld+Gaming+PC+%28Streamer+Pro+Kit+with+Mat%29,https://www.bing.com/images/search?q=Valve+Steam+Deck+OLED+512GB+Handheld+Gaming+PC+%28Streamer+Pro+Kit+with+Mat%29
614,GAMING,Valve,Steam Deck OLED 1TB with Anti-Glare Etched Glass (Limited Stealth Edition),https://www.google.com/search?tbm=isch&q=Valve+Steam+Deck+OLED+1TB+with+Anti-Glare+Etched+Glass+%28Limited+Stealth+Edition%29,https://www.bing.com/images/search?q=Valve+Steam+Deck+OLED+1TB+with+Anti-Glare+Etched+Glass+%28Limited+Stealth+Edition%29
615,GAMING,Valve,Steam Deck OLED 512GB Handheld Gaming PC (RGB Battlestation Bundle),https://www.google.com/search?tbm=isch&q=Valve+Steam+Deck+OLED+512GB+Handheld+Gaming+PC+%28RGB+Battlestation+Bundle%29,https://www.bing.com/images/search?q=Valve+Steam+Deck+OLED+512GB+Handheld+Gaming+PC+%28RGB+Battlestation+Bundle%29
616,GAMING,Valve,Steam Deck OLED 1TB with Anti-Glare Etched Glass (Competitive Tournament Edition),https://www.google.com/search?tbm=isch&q=Valve+Steam+Deck+OLED+1TB+with+Anti-Glare+Etched+Glass+%28Competitive+Tournament+Edition%29,https://www.bing.com/images/search?q=Valve+Steam+Deck+OLED+1TB+with+Anti-Glare+Etched+Glass+%28Competitive+Tournament+Edition%29
617,GAMING,Valve,Steam Deck OLED 512GB Handheld Gaming PC (Limited Stealth Edition),https://www.google.com/search?tbm=isch&q=Valve+Steam+Deck+OLED+512GB+Handheld+Gaming+PC+%28Limited+Stealth+Edition%29,https://www.bing.com/images/search?q=Valve+Steam+Deck+OLED+512GB+Handheld+Gaming+PC+%28Limited+Stealth+Edition%29
618,GAMING,Valve,Steam Deck OLED 1TB with Anti-Glare Etched Glass (Overclocked Performance Pack),https://www.google.com/search?tbm=isch&q=Valve+Steam+Deck+OLED+1TB+with+Anti-Glare+Etched+Glass+%28Overclocked+Performance+Pack%29,https://www.bing.com/images/search?q=Valve+Steam+Deck+OLED+1TB+with+Anti-Glare+Etched+Glass+%28Overclocked+Performance+Pack%29
619,GAMING,ZOTAC,Gaming GeForce RTX 4090 Trinity OC White Edition 24GB,https://www.google.com/search?tbm=isch&q=ZOTAC+Gaming+GeForce+RTX+4090+Trinity+OC+White+Edition+24GB,https://www.bing.com/images/search?q=ZOTAC+Gaming+GeForce+RTX+4090+Trinity+OC+White+Edition+24GB
620,GAMING,ZOTAC,Gaming GeForce RTX 4080 Super Trinity Black Edition 16GB,https://www.google.com/search?tbm=isch&q=ZOTAC+Gaming+GeForce+RTX+4080+Super+Trinity+Black+Edition+16GB,https://www.bing.com/images/search?q=ZOTAC+Gaming+GeForce+RTX+4080+Super+Trinity+Black+Edition+16GB
621,GAMING,ZOTAC,Gaming GeForce RTX 4060 8GB Twin Edge OC,https://www.google.com/search?tbm=isch&q=ZOTAC+Gaming+GeForce+RTX+4060+8GB+Twin+Edge+OC,https://www.bing.com/images/search?q=ZOTAC+Gaming+GeForce+RTX+4060+8GB+Twin+Edge+OC
622,GAMING,ZOTAC,Gaming GeForce RTX 4090 Trinity OC White Edition 24GB (Competitive Tournament Edition),https://www.google.com/search?tbm=isch&q=ZOTAC+Gaming+GeForce+RTX+4090+Trinity+OC+White+Edition+24GB+%28Competitive+Tournament+Edition%29,https://www.bing.com/images/search?q=ZOTAC+Gaming+GeForce+RTX+4090+Trinity+OC+White+Edition+24GB+%28Competitive+Tournament+Edition%29
623,GAMING,ZOTAC,Gaming GeForce RTX 4080 Super Trinity Black Edition 16GB (Limited Stealth Edition),https://www.google.com/search?tbm=isch&q=ZOTAC+Gaming+GeForce+RTX+4080+Super+Trinity+Black+Edition+16GB+%28Limited+Stealth+Edition%29,https://www.bing.com/images/search?q=ZOTAC+Gaming+GeForce+RTX+4080+Super+Trinity+Black+Edition+16GB+%28Limited+Stealth+Edition%29
624,GAMING,ZOTAC,Gaming GeForce RTX 4060 8GB Twin Edge OC (Competitive Tournament Edition),https://www.google.com/search?tbm=isch&q=ZOTAC+Gaming+GeForce+RTX+4060+8GB+Twin+Edge+OC+%28Competitive+Tournament+Edition%29,https://www.bing.com/images/search?q=ZOTAC+Gaming+GeForce+RTX+4060+8GB+Twin+Edge+OC+%28Competitive+Tournament+Edition%29
625,GAMING,ZOTAC,Gaming GeForce RTX 4090 Trinity OC White Edition 24GB (Overclocked Performance Pack),https://www.google.com/search?tbm=isch&q=ZOTAC+Gaming+GeForce+RTX+4090+Trinity+OC+White+Edition+24GB+%28Overclocked+Performance+Pack%29,https://www.bing.com/images/search?q=ZOTAC+Gaming+GeForce+RTX+4090+Trinity+OC+White+Edition+24GB+%28Overclocked+Performance+Pack%29
626,GAMING,ZOTAC,Gaming GeForce RTX 4080 Super Trinity Black Edition 16GB (Competitive Tournament Edition),https://www.google.com/search?tbm=isch&q=ZOTAC+Gaming+GeForce+RTX+4080+Super+Trinity+Black+Edition+16GB+%28Competitive+Tournament+Edition%29,https://www.bing.com/images/search?q=ZOTAC+Gaming+GeForce+RTX+4080+Super+Trinity+Black+Edition+16GB+%28Competitive+Tournament+Edition%29
627,GAMING,ZOTAC,Gaming GeForce RTX 4060 8GB Twin Edge OC (Overclocked Performance Pack),https://www.google.com/search?tbm=isch&q=ZOTAC+Gaming+GeForce+RTX+4060+8GB+Twin+Edge+OC+%28Overclocked+Performance+Pack%29,https://www.bing.com/images/search?q=ZOTAC+Gaming+GeForce+RTX+4060+8GB+Twin+Edge+OC+%28Overclocked+Performance+Pack%29
628,GAMING,ZOTAC,Gaming GeForce RTX 4090 Trinity OC White Edition 24GB (Streamer Pro Kit with Mat),https://www.google.com/search?tbm=isch&q=ZOTAC+Gaming+GeForce+RTX+4090+Trinity+OC+White+Edition+24GB+%28Streamer+Pro+Kit+with+Mat%29,https://www.bing.com/images/search?q=ZOTAC+Gaming+GeForce+RTX+4090+Trinity+OC+White+Edition+24GB+%28Streamer+Pro+Kit+with+Mat%29
629,GAMING,ZOTAC,Gaming GeForce RTX 4080 Super Trinity Black Edition 16GB (Overclocked Performance Pack),https://www.google.com/search?tbm=isch&q=ZOTAC+Gaming+GeForce+RTX+4080+Super+Trinity+Black+Edition+16GB+%28Overclocked+Performance+Pack%29,https://www.bing.com/images/search?q=ZOTAC+Gaming+GeForce+RTX+4080+Super+Trinity+Black+Edition+16GB+%28Overclocked+Performance+Pack%29
630,GAMING,ZOTAC,Gaming GeForce RTX 4060 8GB Twin Edge OC (Streamer Pro Kit with Mat),https://www.google.com/search?tbm=isch&q=ZOTAC+Gaming+GeForce+RTX+4060+8GB+Twin+Edge+OC+%28Streamer+Pro+Kit+with+Mat%29,https://www.bing.com/images/search?q=ZOTAC+Gaming+GeForce+RTX+4060+8GB+Twin+Edge+OC+%28Streamer+Pro+Kit+with+Mat%29
631,CAMERAS,Canon,EOS R5 Mark II Full-Frame Mirrorless Camera Body,https://www.google.com/search?tbm=isch&q=Canon+EOS+R5+Mark+II+Full-Frame+Mirrorless+Camera+Body,https://www.bing.com/images/search?q=Canon+EOS+R5+Mark+II+Full-Frame+Mirrorless+Camera+Body
632,CAMERAS,Canon,EOS R6 Mark II Full-Frame Mirrorless Camera Body,https://www.google.com/search?tbm=isch&q=Canon+EOS+R6+Mark+II+Full-Frame+Mirrorless+Camera+Body,https://www.bing.com/images/search?q=Canon+EOS+R6+Mark+II+Full-Frame+Mirrorless+Camera+Body
633,CAMERAS,Canon,EOS R8 Full-Frame Mirrorless Camera with 24-50mm Lens,https://www.google.com/search?tbm=isch&q=Canon+EOS+R8+Full-Frame+Mirrorless+Camera+with+24-50mm+Lens,https://www.bing.com/images/search?q=Canon+EOS+R8+Full-Frame+Mirrorless+Camera+with+24-50mm+Lens
634,CAMERAS,Canon,EOS R50 APS-C Mirrorless Content Creator Kit,https://www.google.com/search?tbm=isch&q=Canon+EOS+R50+APS-C+Mirrorless+Content+Creator+Kit,https://www.bing.com/images/search?q=Canon+EOS+R50+APS-C+Mirrorless+Content+Creator+Kit
635,CAMERAS,Canon,EOS R10 with RF-S 18-150mm IS STM Lens,https://www.google.com/search?tbm=isch&q=Canon+EOS+R10+with+RF-S+18-150mm+IS+STM+Lens,https://www.bing.com/images/search?q=Canon+EOS+R10+with+RF-S+18-150mm+IS+STM+Lens
636,CAMERAS,Canon,EOS R5 Mark II Full-Frame Mirrorless Camera Body (Extra High-Capacity Battery Pack),https://www.google.com/search?tbm=isch&q=Canon+EOS+R5+Mark+II+Full-Frame+Mirrorless+Camera+Body+%28Extra+High-Capacity+Battery+Pack%29,https://www.bing.com/images/search?q=Canon+EOS+R5+Mark+II+Full-Frame+Mirrorless+Camera+Body+%28Extra+High-Capacity+Battery+Pack%29
637,CAMERAS,Canon,EOS R6 Mark II Full-Frame Mirrorless Camera Body (Studio Lighting & SD Card Bundle),https://www.google.com/search?tbm=isch&q=Canon+EOS+R6+Mark+II+Full-Frame+Mirrorless+Camera+Body+%28Studio+Lighting+%26+SD+Card+Bundle%29,https://www.bing.com/images/search?q=Canon+EOS+R6+Mark+II+Full-Frame+Mirrorless+Camera+Body+%28Studio+Lighting+%26+SD+Card+Bundle%29
638,CAMERAS,Canon,EOS R8 Full-Frame Mirrorless Camera with 24-50mm Lens (Pro Filmmaker Kit with Cage),https://www.google.com/search?tbm=isch&q=Canon+EOS+R8+Full-Frame+Mirrorless+Camera+with+24-50mm+Lens+%28Pro+Filmmaker+Kit+with+Cage%29,https://www.bing.com/images/search?q=Canon+EOS+R8+Full-Frame+Mirrorless+Camera+with+24-50mm+Lens+%28Pro+Filmmaker+Kit+with+Cage%29
639,CAMERAS,Canon,EOS R50 APS-C Mirrorless Content Creator Kit (Vlogger Bundle with Dual Mics),https://www.google.com/search?tbm=isch&q=Canon+EOS+R50+APS-C+Mirrorless+Content+Creator+Kit+%28Vlogger+Bundle+with+Dual+Mics%29,https://www.bing.com/images/search?q=Canon+EOS+R50+APS-C+Mirrorless+Content+Creator+Kit+%28Vlogger+Bundle+with+Dual+Mics%29
640,CAMERAS,Canon,EOS R10 with RF-S 18-150mm IS STM Lens (Landscape Explorer with Carbon Tripod),https://www.google.com/search?tbm=isch&q=Canon+EOS+R10+with+RF-S+18-150mm+IS+STM+Lens+%28Landscape+Explorer+with+Carbon+Tripod%29,https://www.bing.com/images/search?q=Canon+EOS+R10+with+RF-S+18-150mm+IS+STM+Lens+%28Landscape+Explorer+with+Carbon+Tripod%29
641,CAMERAS,Canon,EOS R5 Mark II Full-Frame Mirrorless Camera Body (Vlogger Bundle with Dual Mics),https://www.google.com/search?tbm=isch&q=Canon+EOS+R5+Mark+II+Full-Frame+Mirrorless+Camera+Body+%28Vlogger+Bundle+with+Dual+Mics%29,https://www.bing.com/images/search?q=Canon+EOS+R5+Mark+II+Full-Frame+Mirrorless+Camera+Body+%28Vlogger+Bundle+with+Dual+Mics%29
642,CAMERAS,Canon,EOS R6 Mark II Full-Frame Mirrorless Camera Body (Landscape Explorer with Carbon Tripod),https://www.google.com/search?tbm=isch&q=Canon+EOS+R6+Mark+II+Full-Frame+Mirrorless+Camera+Body+%28Landscape+Explorer+with+Carbon+Tripod%29,https://www.bing.com/images/search?q=Canon+EOS+R6+Mark+II+Full-Frame+Mirrorless+Camera+Body+%28Landscape+Explorer+with+Carbon+Tripod%29
643,CAMERAS,Canon,EOS R8 Full-Frame Mirrorless Camera with 24-50mm Lens (Extra High-Capacity Battery Pack),https://www.google.com/search?tbm=isch&q=Canon+EOS+R8+Full-Frame+Mirrorless+Camera+with+24-50mm+Lens+%28Extra+High-Capacity+Battery+Pack%29,https://www.bing.com/images/search?q=Canon+EOS+R8+Full-Frame+Mirrorless+Camera+with+24-50mm+Lens+%28Extra+High-Capacity+Battery+Pack%29
644,CAMERAS,Canon,EOS R50 APS-C Mirrorless Content Creator Kit (Studio Lighting & SD Card Bundle),https://www.google.com/search?tbm=isch&q=Canon+EOS+R50+APS-C+Mirrorless+Content+Creator+Kit+%28Studio+Lighting+%26+SD+Card+Bundle%29,https://www.bing.com/images/search?q=Canon+EOS+R50+APS-C+Mirrorless+Content+Creator+Kit+%28Studio+Lighting+%26+SD+Card+Bundle%29
645,CAMERAS,Canon,EOS R10 with RF-S 18-150mm IS STM Lens (Pro Filmmaker Kit with Cage),https://www.google.com/search?tbm=isch&q=Canon+EOS+R10+with+RF-S+18-150mm+IS+STM+Lens+%28Pro+Filmmaker+Kit+with+Cage%29,https://www.bing.com/images/search?q=Canon+EOS+R10+with+RF-S+18-150mm+IS+STM+Lens+%28Pro+Filmmaker+Kit+with+Cage%29
646,CAMERAS,Canon,EOS R5 Mark II Full-Frame Mirrorless Camera Body (Studio Lighting & SD Card Bundle),https://www.google.com/search?tbm=isch&q=Canon+EOS+R5+Mark+II+Full-Frame+Mirrorless+Camera+Body+%28Studio+Lighting+%26+SD+Card+Bundle%29,https://www.bing.com/images/search?q=Canon+EOS+R5+Mark+II+Full-Frame+Mirrorless+Camera+Body+%28Studio+Lighting+%26+SD+Card+Bundle%29
647,CAMERAS,Canon,EOS R6 Mark II Full-Frame Mirrorless Camera Body (Pro Filmmaker Kit with Cage),https://www.google.com/search?tbm=isch&q=Canon+EOS+R6+Mark+II+Full-Frame+Mirrorless+Camera+Body+%28Pro+Filmmaker+Kit+with+Cage%29,https://www.bing.com/images/search?q=Canon+EOS+R6+Mark+II+Full-Frame+Mirrorless+Camera+Body+%28Pro+Filmmaker+Kit+with+Cage%29
648,CAMERAS,Canon,EOS R8 Full-Frame Mirrorless Camera with 24-50mm Lens (Vlogger Bundle with Dual Mics),https://www.google.com/search?tbm=isch&q=Canon+EOS+R8+Full-Frame+Mirrorless+Camera+with+24-50mm+Lens+%28Vlogger+Bundle+with+Dual+Mics%29,https://www.bing.com/images/search?q=Canon+EOS+R8+Full-Frame+Mirrorless+Camera+with+24-50mm+Lens+%28Vlogger+Bundle+with+Dual+Mics%29
649,CAMERAS,Canon,EOS R50 APS-C Mirrorless Content Creator Kit (Landscape Explorer with Carbon Tripod),https://www.google.com/search?tbm=isch&q=Canon+EOS+R50+APS-C+Mirrorless+Content+Creator+Kit+%28Landscape+Explorer+with+Carbon+Tripod%29,https://www.bing.com/images/search?q=Canon+EOS+R50+APS-C+Mirrorless+Content+Creator+Kit+%28Landscape+Explorer+with+Carbon+Tripod%29
650,CAMERAS,Canon,EOS R10 with RF-S 18-150mm IS STM Lens (Extra High-Capacity Battery Pack),https://www.google.com/search?tbm=isch&q=Canon+EOS+R10+with+RF-S+18-150mm+IS+STM+Lens+%28Extra+High-Capacity+Battery+Pack%29,https://www.bing.com/images/search?q=Canon+EOS+R10+with+RF-S+18-150mm+IS+STM+Lens+%28Extra+High-Capacity+Battery+Pack%29
651,CAMERAS,DJI,Osmo Pocket 3 Creator Combo Handheld Gimbal Camera,https://www.google.com/search?tbm=isch&q=DJI+Osmo+Pocket+3+Creator+Combo+Handheld+Gimbal+Camera,https://www.bing.com/images/search?q=DJI+Osmo+Pocket+3+Creator+Combo+Handheld+Gimbal+Camera
652,CAMERAS,DJI,Osmo Action 4 Adventure Combo Waterproof Camera,https://www.google.com/search?tbm=isch&q=DJI+Osmo+Action+4+Adventure+Combo+Waterproof+Camera,https://www.bing.com/images/search?q=DJI+Osmo+Action+4+Adventure+Combo+Waterproof+Camera
653,CAMERAS,DJI,Mini 4 Pro Fly More Combo Plus (DJI RC 2),https://www.google.com/search?tbm=isch&q=DJI+Mini+4+Pro+Fly+More+Combo+Plus+%28DJI+RC+2%29,https://www.bing.com/images/search?q=DJI+Mini+4+Pro+Fly+More+Combo+Plus+%28DJI+RC+2%29
654,CAMERAS,DJI,Osmo Pocket 3 Creator Combo Handheld Gimbal Camera (Pro Filmmaker Kit with Cage),https://www.google.com/search?tbm=isch&q=DJI+Osmo+Pocket+3+Creator+Combo+Handheld+Gimbal+Camera+%28Pro+Filmmaker+Kit+with+Cage%29,https://www.bing.com/images/search?q=DJI+Osmo+Pocket+3+Creator+Combo+Handheld+Gimbal+Camera+%28Pro+Filmmaker+Kit+with+Cage%29
655,CAMERAS,DJI,Osmo Action 4 Adventure Combo Waterproof Camera (Vlogger Bundle with Dual Mics),https://www.google.com/search?tbm=isch&q=DJI+Osmo+Action+4+Adventure+Combo+Waterproof+Camera+%28Vlogger+Bundle+with+Dual+Mics%29,https://www.bing.com/images/search?q=DJI+Osmo+Action+4+Adventure+Combo+Waterproof+Camera+%28Vlogger+Bundle+with+Dual+Mics%29
656,CAMERAS,DJI,Mini 4 Pro Fly More Combo Plus (DJI RC 2) (Landscape Explorer with Carbon Tripod),https://www.google.com/search?tbm=isch&q=DJI+Mini+4+Pro+Fly+More+Combo+Plus+%28DJI+RC+2%29+%28Landscape+Explorer+with+Carbon+Tripod%29,https://www.bing.com/images/search?q=DJI+Mini+4+Pro+Fly+More+Combo+Plus+%28DJI+RC+2%29+%28Landscape+Explorer+with+Carbon+Tripod%29
657,CAMERAS,DJI,Osmo Pocket 3 Creator Combo Handheld Gimbal Camera (Extra High-Capacity Battery Pack),https://www.google.com/search?tbm=isch&q=DJI+Osmo+Pocket+3+Creator+Combo+Handheld+Gimbal+Camera+%28Extra+High-Capacity+Battery+Pack%29,https://www.bing.com/images/search?q=DJI+Osmo+Pocket+3+Creator+Combo+Handheld+Gimbal+Camera+%28Extra+High-Capacity+Battery+Pack%29
658,CAMERAS,DJI,Osmo Action 4 Adventure Combo Waterproof Camera (Studio Lighting & SD Card Bundle),https://www.google.com/search?tbm=isch&q=DJI+Osmo+Action+4+Adventure+Combo+Waterproof+Camera+%28Studio+Lighting+%26+SD+Card+Bundle%29,https://www.bing.com/images/search?q=DJI+Osmo+Action+4+Adventure+Combo+Waterproof+Camera+%28Studio+Lighting+%26+SD+Card+Bundle%29
659,CAMERAS,DJI,Mini 4 Pro Fly More Combo Plus (DJI RC 2) (Pro Filmmaker Kit with Cage),https://www.google.com/search?tbm=isch&q=DJI+Mini+4+Pro+Fly+More+Combo+Plus+%28DJI+RC+2%29+%28Pro+Filmmaker+Kit+with+Cage%29,https://www.bing.com/images/search?q=DJI+Mini+4+Pro+Fly+More+Combo+Plus+%28DJI+RC+2%29+%28Pro+Filmmaker+Kit+with+Cage%29
660,CAMERAS,DJI,Osmo Pocket 3 Creator Combo Handheld Gimbal Camera (Vlogger Bundle with Dual Mics),https://www.google.com/search?tbm=isch&q=DJI+Osmo+Pocket+3+Creator+Combo+Handheld+Gimbal+Camera+%28Vlogger+Bundle+with+Dual+Mics%29,https://www.bing.com/images/search?q=DJI+Osmo+Pocket+3+Creator+Combo+Handheld+Gimbal+Camera+%28Vlogger+Bundle+with+Dual+Mics%29
661,CAMERAS,DJI,Osmo Action 4 Adventure Combo Waterproof Camera (Landscape Explorer with Carbon Tripod),https://www.google.com/search?tbm=isch&q=DJI+Osmo+Action+4+Adventure+Combo+Waterproof+Camera+%28Landscape+Explorer+with+Carbon+Tripod%29,https://www.bing.com/images/search?q=DJI+Osmo+Action+4+Adventure+Combo+Waterproof+Camera+%28Landscape+Explorer+with+Carbon+Tripod%29
662,CAMERAS,Fujifilm,X-T5 Mirrorless Camera with XF 16-80mm f/4 Lens,https://www.google.com/search?tbm=isch&q=Fujifilm+X-T5+Mirrorless+Camera+with+XF+16-80mm+f%2F4+Lens,https://www.bing.com/images/search?q=Fujifilm+X-T5+Mirrorless+Camera+with+XF+16-80mm+f%2F4+Lens
663,CAMERAS,Fujifilm,X100VI Premium Compact Fixed Lens Camera (Silver),https://www.google.com/search?tbm=isch&q=Fujifilm+X100VI+Premium+Compact+Fixed+Lens+Camera+%28Silver%29,https://www.bing.com/images/search?q=Fujifilm+X100VI+Premium+Compact+Fixed+Lens+Camera+%28Silver%29
664,CAMERAS,Fujifilm,X-S20 Mirrorless Camera with XC 15-45mm Lens Kit,https://www.google.com/search?tbm=isch&q=Fujifilm+X-S20+Mirrorless+Camera+with+XC+15-45mm+Lens+Kit,https://www.bing.com/images/search?q=Fujifilm+X-S20+Mirrorless+Camera+with+XC+15-45mm+Lens+Kit
665,CAMERAS,Fujifilm,X-T5 Mirrorless Camera with XF 16-80mm f/4 Lens (Landscape Explorer with Carbon Tripod),https://www.google.com/search?tbm=isch&q=Fujifilm+X-T5+Mirrorless+Camera+with+XF+16-80mm+f%2F4+Lens+%28Landscape+Explorer+with+Carbon+Tripod%29,https://www.bing.com/images/search?q=Fujifilm+X-T5+Mirrorless+Camera+with+XF+16-80mm+f%2F4+Lens+%28Landscape+Explorer+with+Carbon+Tripod%29
666,CAMERAS,Fujifilm,X100VI Premium Compact Fixed Lens Camera (Silver) (Extra High-Capacity Battery Pack),https://www.google.com/search?tbm=isch&q=Fujifilm+X100VI+Premium+Compact+Fixed+Lens+Camera+%28Silver%29+%28Extra+High-Capacity+Battery+Pack%29,https://www.bing.com/images/search?q=Fujifilm+X100VI+Premium+Compact+Fixed+Lens+Camera+%28Silver%29+%28Extra+High-Capacity+Battery+Pack%29
667,CAMERAS,Fujifilm,X-S20 Mirrorless Camera with XC 15-45mm Lens Kit (Studio Lighting & SD Card Bundle),https://www.google.com/search?tbm=isch&q=Fujifilm+X-S20+Mirrorless+Camera+with+XC+15-45mm+Lens+Kit+%28Studio+Lighting+%26+SD+Card+Bundle%29,https://www.bing.com/images/search?q=Fujifilm+X-S20+Mirrorless+Camera+with+XC+15-45mm+Lens+Kit+%28Studio+Lighting+%26+SD+Card+Bundle%29
668,CAMERAS,Fujifilm,X-T5 Mirrorless Camera with XF 16-80mm f/4 Lens (Pro Filmmaker Kit with Cage),https://www.google.com/search?tbm=isch&q=Fujifilm+X-T5+Mirrorless+Camera+with+XF+16-80mm+f%2F4+Lens+%28Pro+Filmmaker+Kit+with+Cage%29,https://www.bing.com/images/search?q=Fujifilm+X-T5+Mirrorless+Camera+with+XF+16-80mm+f%2F4+Lens+%28Pro+Filmmaker+Kit+with+Cage%29
669,CAMERAS,Fujifilm,X100VI Premium Compact Fixed Lens Camera (Silver) (Vlogger Bundle with Dual Mics),https://www.google.com/search?tbm=isch&q=Fujifilm+X100VI+Premium+Compact+Fixed+Lens+Camera+%28Silver%29+%28Vlogger+Bundle+with+Dual+Mics%29,https://www.bing.com/images/search?q=Fujifilm+X100VI+Premium+Compact+Fixed+Lens+Camera+%28Silver%29+%28Vlogger+Bundle+with+Dual+Mics%29
670,CAMERAS,Fujifilm,X-S20 Mirrorless Camera with XC 15-45mm Lens Kit (Landscape Explorer with Carbon Tripod),https://www.google.com/search?tbm=isch&q=Fujifilm+X-S20+Mirrorless+Camera+with+XC+15-45mm+Lens+Kit+%28Landscape+Explorer+with+Carbon+Tripod%29,https://www.bing.com/images/search?q=Fujifilm+X-S20+Mirrorless+Camera+with+XC+15-45mm+Lens+Kit+%28Landscape+Explorer+with+Carbon+Tripod%29
671,CAMERAS,Fujifilm,X-T5 Mirrorless Camera with XF 16-80mm f/4 Lens (Extra High-Capacity Battery Pack),https://www.google.com/search?tbm=isch&q=Fujifilm+X-T5+Mirrorless+Camera+with+XF+16-80mm+f%2F4+Lens+%28Extra+High-Capacity+Battery+Pack%29,https://www.bing.com/images/search?q=Fujifilm+X-T5+Mirrorless+Camera+with+XF+16-80mm+f%2F4+Lens+%28Extra+High-Capacity+Battery+Pack%29
672,CAMERAS,Fujifilm,X100VI Premium Compact Fixed Lens Camera (Silver) (Studio Lighting & SD Card Bundle),https://www.google.com/search?tbm=isch&q=Fujifilm+X100VI+Premium+Compact+Fixed+Lens+Camera+%28Silver%29+%28Studio+Lighting+%26+SD+Card+Bundle%29,https://www.bing.com/images/search?q=Fujifilm+X100VI+Premium+Compact+Fixed+Lens+Camera+%28Silver%29+%28Studio+Lighting+%26+SD+Card+Bundle%29
673,CAMERAS,Fujifilm,X-S20 Mirrorless Camera with XC 15-45mm Lens Kit (Pro Filmmaker Kit with Cage),https://www.google.com/search?tbm=isch&q=Fujifilm+X-S20+Mirrorless+Camera+with+XC+15-45mm+Lens+Kit+%28Pro+Filmmaker+Kit+with+Cage%29,https://www.bing.com/images/search?q=Fujifilm+X-S20+Mirrorless+Camera+with+XC+15-45mm+Lens+Kit+%28Pro+Filmmaker+Kit+with+Cage%29
674,CAMERAS,GoPro,HERO12 Black Creator Edition Waterproof Action Camera,https://www.google.com/search?tbm=isch&q=GoPro+HERO12+Black+Creator+Edition+Waterproof+Action+Camera,https://www.bing.com/images/search?q=GoPro+HERO12+Black+Creator+Edition+Waterproof+Action+Camera
675,CAMERAS,GoPro,HERO12 Black Action Camera,https://www.google.com/search?tbm=isch&q=GoPro+HERO12+Black+Action+Camera,https://www.bing.com/images/search?q=GoPro+HERO12+Black+Action+Camera
676,CAMERAS,GoPro,HERO12 Black Creator Edition Waterproof Action Camera (Extra High-Capacity Battery Pack),https://www.google.com/search?tbm=isch&q=GoPro+HERO12+Black+Creator+Edition+Waterproof+Action+Camera+%28Extra+High-Capacity+Battery+Pack%29,https://www.bing.com/images/search?q=GoPro+HERO12+Black+Creator+Edition+Waterproof+Action+Camera+%28Extra+High-Capacity+Battery+Pack%29
677,CAMERAS,GoPro,HERO12 Black Action Camera (Studio Lighting & SD Card Bundle),https://www.google.com/search?tbm=isch&q=GoPro+HERO12+Black+Action+Camera+%28Studio+Lighting+%26+SD+Card+Bundle%29,https://www.bing.com/images/search?q=GoPro+HERO12+Black+Action+Camera+%28Studio+Lighting+%26+SD+Card+Bundle%29
678,CAMERAS,GoPro,HERO12 Black Creator Edition Waterproof Action Camera (Vlogger Bundle with Dual Mics),https://www.google.com/search?tbm=isch&q=GoPro+HERO12+Black+Creator+Edition+Waterproof+Action+Camera+%28Vlogger+Bundle+with+Dual+Mics%29,https://www.bing.com/images/search?q=GoPro+HERO12+Black+Creator+Edition+Waterproof+Action+Camera+%28Vlogger+Bundle+with+Dual+Mics%29
679,CAMERAS,GoPro,HERO12 Black Action Camera (Landscape Explorer with Carbon Tripod),https://www.google.com/search?tbm=isch&q=GoPro+HERO12+Black+Action+Camera+%28Landscape+Explorer+with+Carbon+Tripod%29,https://www.bing.com/images/search?q=GoPro+HERO12+Black+Action+Camera+%28Landscape+Explorer+with+Carbon+Tripod%29
680,CAMERAS,Insta360,X4 8K 360 Degree Waterproof Action Camera,https://www.google.com/search?tbm=isch&q=Insta360+X4+8K+360+Degree+Waterproof+Action+Camera,https://www.bing.com/images/search?q=Insta360+X4+8K+360+Degree+Waterproof+Action+Camera
681,CAMERAS,Insta360,Ace Pro 8K Action Camera Co-Engineered with Leica,https://www.google.com/search?tbm=isch&q=Insta360+Ace+Pro+8K+Action+Camera+Co-Engineered+with+Leica,https://www.bing.com/images/search?q=Insta360+Ace+Pro+8K+Action+Camera+Co-Engineered+with+Leica
682,CAMERAS,Insta360,GO 3S Tiny Action Camera 128GB (White),https://www.google.com/search?tbm=isch&q=Insta360+GO+3S+Tiny+Action+Camera+128GB+%28White%29,https://www.bing.com/images/search?q=Insta360+GO+3S+Tiny+Action+Camera+128GB+%28White%29
683,CAMERAS,Insta360,X4 8K 360 Degree Waterproof Action Camera (Pro Filmmaker Kit with Cage),https://www.google.com/search?tbm=isch&q=Insta360+X4+8K+360+Degree+Waterproof+Action+Camera+%28Pro+Filmmaker+Kit+with+Cage%29,https://www.bing.com/images/search?q=Insta360+X4+8K+360+Degree+Waterproof+Action+Camera+%28Pro+Filmmaker+Kit+with+Cage%29
684,CAMERAS,Insta360,Ace Pro 8K Action Camera Co-Engineered with Leica (Vlogger Bundle with Dual Mics),https://www.google.com/search?tbm=isch&q=Insta360+Ace+Pro+8K+Action+Camera+Co-Engineered+with+Leica+%28Vlogger+Bundle+with+Dual+Mics%29,https://www.bing.com/images/search?q=Insta360+Ace+Pro+8K+Action+Camera+Co-Engineered+with+Leica+%28Vlogger+Bundle+with+Dual+Mics%29
685,CAMERAS,Insta360,GO 3S Tiny Action Camera 128GB (White) (Landscape Explorer with Carbon Tripod),https://www.google.com/search?tbm=isch&q=Insta360+GO+3S+Tiny+Action+Camera+128GB+%28White%29+%28Landscape+Explorer+with+Carbon+Tripod%29,https://www.bing.com/images/search?q=Insta360+GO+3S+Tiny+Action+Camera+128GB+%28White%29+%28Landscape+Explorer+with+Carbon+Tripod%29
686,CAMERAS,Insta360,X4 8K 360 Degree Waterproof Action Camera (Extra High-Capacity Battery Pack),https://www.google.com/search?tbm=isch&q=Insta360+X4+8K+360+Degree+Waterproof+Action+Camera+%28Extra+High-Capacity+Battery+Pack%29,https://www.bing.com/images/search?q=Insta360+X4+8K+360+Degree+Waterproof+Action+Camera+%28Extra+High-Capacity+Battery+Pack%29
687,CAMERAS,Insta360,Ace Pro 8K Action Camera Co-Engineered with Leica (Studio Lighting & SD Card Bundle),https://www.google.com/search?tbm=isch&q=Insta360+Ace+Pro+8K+Action+Camera+Co-Engineered+with+Leica+%28Studio+Lighting+%26+SD+Card+Bundle%29,https://www.bing.com/images/search?q=Insta360+Ace+Pro+8K+Action+Camera+Co-Engineered+with+Leica+%28Studio+Lighting+%26+SD+Card+Bundle%29
688,CAMERAS,Insta360,GO 3S Tiny Action Camera 128GB (White) (Pro Filmmaker Kit with Cage),https://www.google.com/search?tbm=isch&q=Insta360+GO+3S+Tiny+Action+Camera+128GB+%28White%29+%28Pro+Filmmaker+Kit+with+Cage%29,https://www.bing.com/images/search?q=Insta360+GO+3S+Tiny+Action+Camera+128GB+%28White%29+%28Pro+Filmmaker+Kit+with+Cage%29
689,CAMERAS,Nikon,Z8 Full-Frame Professional Mirrorless Camera Body,https://www.google.com/search?tbm=isch&q=Nikon+Z8+Full-Frame+Professional+Mirrorless+Camera+Body,https://www.bing.com/images/search?q=Nikon+Z8+Full-Frame+Professional+Mirrorless+Camera+Body
690,CAMERAS,Nikon,Z6 III Full-Frame Mirrorless Camera with 24-70mm f/4 S Lens,https://www.google.com/search?tbm=isch&q=Nikon+Z6+III+Full-Frame+Mirrorless+Camera+with+24-70mm+f%2F4+S+Lens,https://www.bing.com/images/search?q=Nikon+Z6+III+Full-Frame+Mirrorless+Camera+with+24-70mm+f%2F4+S+Lens
691,CAMERAS,Nikon,Zf Vintage Design Full-Frame Mirrorless Camera (Black),https://www.google.com/search?tbm=isch&q=Nikon+Zf+Vintage+Design+Full-Frame+Mirrorless+Camera+%28Black%29,https://www.bing.com/images/search?q=Nikon+Zf+Vintage+Design+Full-Frame+Mirrorless+Camera+%28Black%29
692,CAMERAS,Nikon,Z50 APS-C Mirrorless with Dual Lens Kit (16-50mm + 50-250mm),https://www.google.com/search?tbm=isch&q=Nikon+Z50+APS-C+Mirrorless+with+Dual+Lens+Kit+%2816-50mm+%2B+50-250mm%29,https://www.bing.com/images/search?q=Nikon+Z50+APS-C+Mirrorless+with+Dual+Lens+Kit+%2816-50mm+%2B+50-250mm%29
693,CAMERAS,Nikon,Z8 Full-Frame Professional Mirrorless Camera Body (Extra High-Capacity Battery Pack),https://www.google.com/search?tbm=isch&q=Nikon+Z8+Full-Frame+Professional+Mirrorless+Camera+Body+%28Extra+High-Capacity+Battery+Pack%29,https://www.bing.com/images/search?q=Nikon+Z8+Full-Frame+Professional+Mirrorless+Camera+Body+%28Extra+High-Capacity+Battery+Pack%29
694,CAMERAS,Nikon,Z6 III Full-Frame Mirrorless Camera with 24-70mm f/4 S Lens (Studio Lighting & SD Card Bundle),https://www.google.com/search?tbm=isch&q=Nikon+Z6+III+Full-Frame+Mirrorless+Camera+with+24-70mm+f%2F4+S+Lens+%28Studio+Lighting+%26+SD+Card+Bundle%29,https://www.bing.com/images/search?q=Nikon+Z6+III+Full-Frame+Mirrorless+Camera+with+24-70mm+f%2F4+S+Lens+%28Studio+Lighting+%26+SD+Card+Bundle%29
695,CAMERAS,Nikon,Zf Vintage Design Full-Frame Mirrorless Camera (Black) (Pro Filmmaker Kit with Cage),https://www.google.com/search?tbm=isch&q=Nikon+Zf+Vintage+Design+Full-Frame+Mirrorless+Camera+%28Black%29+%28Pro+Filmmaker+Kit+with+Cage%29,https://www.bing.com/images/search?q=Nikon+Zf+Vintage+Design+Full-Frame+Mirrorless+Camera+%28Black%29+%28Pro+Filmmaker+Kit+with+Cage%29
696,CAMERAS,Nikon,Z50 APS-C Mirrorless with Dual Lens Kit (16-50mm + 50-250mm) (Vlogger Bundle with Dual Mics),https://www.google.com/search?tbm=isch&q=Nikon+Z50+APS-C+Mirrorless+with+Dual+Lens+Kit+%2816-50mm+%2B+50-250mm%29+%28Vlogger+Bundle+with+Dual+Mics%29,https://www.bing.com/images/search?q=Nikon+Z50+APS-C+Mirrorless+with+Dual+Lens+Kit+%2816-50mm+%2B+50-250mm%29+%28Vlogger+Bundle+with+Dual+Mics%29
697,CAMERAS,Nikon,Z8 Full-Frame Professional Mirrorless Camera Body (Vlogger Bundle with Dual Mics),https://www.google.com/search?tbm=isch&q=Nikon+Z8+Full-Frame+Professional+Mirrorless+Camera+Body+%28Vlogger+Bundle+with+Dual+Mics%29,https://www.bing.com/images/search?q=Nikon+Z8+Full-Frame+Professional+Mirrorless+Camera+Body+%28Vlogger+Bundle+with+Dual+Mics%29
698,CAMERAS,Nikon,Z6 III Full-Frame Mirrorless Camera with 24-70mm f/4 S Lens (Landscape Explorer with Carbon Tripod),https://www.google.com/search?tbm=isch&q=Nikon+Z6+III+Full-Frame+Mirrorless+Camera+with+24-70mm+f%2F4+S+Lens+%28Landscape+Explorer+with+Carbon+Tripod%29,https://www.bing.com/images/search?q=Nikon+Z6+III+Full-Frame+Mirrorless+Camera+with+24-70mm+f%2F4+S+Lens+%28Landscape+Explorer+with+Carbon+Tripod%29
699,CAMERAS,Nikon,Zf Vintage Design Full-Frame Mirrorless Camera (Black) (Extra High-Capacity Battery Pack),https://www.google.com/search?tbm=isch&q=Nikon+Zf+Vintage+Design+Full-Frame+Mirrorless+Camera+%28Black%29+%28Extra+High-Capacity+Battery+Pack%29,https://www.bing.com/images/search?q=Nikon+Zf+Vintage+Design+Full-Frame+Mirrorless+Camera+%28Black%29+%28Extra+High-Capacity+Battery+Pack%29
700,CAMERAS,Nikon,Z50 APS-C Mirrorless with Dual Lens Kit (16-50mm + 50-250mm) (Studio Lighting & SD Card Bundle),https://www.google.com/search?tbm=isch&q=Nikon+Z50+APS-C+Mirrorless+with+Dual+Lens+Kit+%2816-50mm+%2B+50-250mm%29+%28Studio+Lighting+%26+SD+Card+Bundle%29,https://www.bing.com/images/search?q=Nikon+Z50+APS-C+Mirrorless+with+Dual+Lens+Kit+%2816-50mm+%2B+50-250mm%29+%28Studio+Lighting+%26+SD+Card+Bundle%29
701,CAMERAS,Nikon,Z8 Full-Frame Professional Mirrorless Camera Body (Studio Lighting & SD Card Bundle),https://www.google.com/search?tbm=isch&q=Nikon+Z8+Full-Frame+Professional+Mirrorless+Camera+Body+%28Studio+Lighting+%26+SD+Card+Bundle%29,https://www.bing.com/images/search?q=Nikon+Z8+Full-Frame+Professional+Mirrorless+Camera+Body+%28Studio+Lighting+%26+SD+Card+Bundle%29
702,CAMERAS,Nikon,Z6 III Full-Frame Mirrorless Camera with 24-70mm f/4 S Lens (Pro Filmmaker Kit with Cage),https://www.google.com/search?tbm=isch&q=Nikon+Z6+III+Full-Frame+Mirrorless+Camera+with+24-70mm+f%2F4+S+Lens+%28Pro+Filmmaker+Kit+with+Cage%29,https://www.bing.com/images/search?q=Nikon+Z6+III+Full-Frame+Mirrorless+Camera+with+24-70mm+f%2F4+S+Lens+%28Pro+Filmmaker+Kit+with+Cage%29
703,CAMERAS,Nikon,Zf Vintage Design Full-Frame Mirrorless Camera (Black) (Vlogger Bundle with Dual Mics),https://www.google.com/search?tbm=isch&q=Nikon+Zf+Vintage+Design+Full-Frame+Mirrorless+Camera+%28Black%29+%28Vlogger+Bundle+with+Dual+Mics%29,https://www.bing.com/images/search?q=Nikon+Zf+Vintage+Design+Full-Frame+Mirrorless+Camera+%28Black%29+%28Vlogger+Bundle+with+Dual+Mics%29
704,CAMERAS,Nikon,Z50 APS-C Mirrorless with Dual Lens Kit (16-50mm + 50-250mm) (Landscape Explorer with Carbon Tripod),https://www.google.com/search?tbm=isch&q=Nikon+Z50+APS-C+Mirrorless+with+Dual+Lens+Kit+%2816-50mm+%2B+50-250mm%29+%28Landscape+Explorer+with+Carbon+Tripod%29,https://www.bing.com/images/search?q=Nikon+Z50+APS-C+Mirrorless+with+Dual+Lens+Kit+%2816-50mm+%2B+50-250mm%29+%28Landscape+Explorer+with+Carbon+Tripod%29
705,CAMERAS,Sony,Alpha 7 IV Full-Frame Mirrorless Camera (Body Only),https://www.google.com/search?tbm=isch&q=Sony+Alpha+7+IV+Full-Frame+Mirrorless+Camera+%28Body+Only%29,https://www.bing.com/images/search?q=Sony+Alpha+7+IV+Full-Frame+Mirrorless+Camera+%28Body+Only%29
706,CAMERAS,Sony,Alpha 7 IV with 28-70mm Zoom Lens Kit,https://www.google.com/search?tbm=isch&q=Sony+Alpha+7+IV+with+28-70mm+Zoom+Lens+Kit,https://www.bing.com/images/search?q=Sony+Alpha+7+IV+with+28-70mm+Zoom+Lens+Kit
707,CAMERAS,Sony,Alpha 7R V High-Resolution Full-Frame Camera,https://www.google.com/search?tbm=isch&q=Sony+Alpha+7R+V+High-Resolution+Full-Frame+Camera,https://www.bing.com/images/search?q=Sony+Alpha+7R+V+High-Resolution+Full-Frame+Camera
708,CAMERAS,Sony,Alpha 7C II Compact Full-Frame Mirrorless Camera,https://www.google.com/search?tbm=isch&q=Sony+Alpha+7C+II+Compact+Full-Frame+Mirrorless+Camera,https://www.bing.com/images/search?q=Sony+Alpha+7C+II+Compact+Full-Frame+Mirrorless+Camera
709,CAMERAS,Sony,FX3 Cinema Line Full-Frame Camera,https://www.google.com/search?tbm=isch&q=Sony+FX3+Cinema+Line+Full-Frame+Camera,https://www.bing.com/images/search?q=Sony+FX3+Cinema+Line+Full-Frame+Camera
710,CAMERAS,Sony,ZV-E1 Full-Frame Vlogging Camera,https://www.google.com/search?tbm=isch&q=Sony+ZV-E1+Full-Frame+Vlogging+Camera,https://www.bing.com/images/search?q=Sony+ZV-E1+Full-Frame+Vlogging+Camera
711,CAMERAS,Sony,Alpha 6700 APS-C Flagship Mirrorless Camera,https://www.google.com/search?tbm=isch&q=Sony+Alpha+6700+APS-C+Flagship+Mirrorless+Camera,https://www.bing.com/images/search?q=Sony+Alpha+6700+APS-C+Flagship+Mirrorless+Camera
712,CAMERAS,Sony,ZV-1 II Pocket Vlogging Camera with 18-50mm Wide Lens,https://www.google.com/search?tbm=isch&q=Sony+ZV-1+II+Pocket+Vlogging+Camera+with+18-50mm+Wide+Lens,https://www.bing.com/images/search?q=Sony+ZV-1+II+Pocket+Vlogging+Camera+with+18-50mm+Wide+Lens
713,CAMERAS,Sony,Alpha 7 IV with 28-70mm Zoom Lens Kit (Vlogger Bundle with Dual Mics),https://www.google.com/search?tbm=isch&q=Sony+Alpha+7+IV+with+28-70mm+Zoom+Lens+Kit+%28Vlogger+Bundle+with+Dual+Mics%29,https://www.bing.com/images/search?q=Sony+Alpha+7+IV+with+28-70mm+Zoom+Lens+Kit+%28Vlogger+Bundle+with+Dual+Mics%29
714,CAMERAS,Sony,Alpha 7R V High-Resolution Full-Frame Camera (Landscape Explorer with Carbon Tripod),https://www.google.com/search?tbm=isch&q=Sony+Alpha+7R+V+High-Resolution+Full-Frame+Camera+%28Landscape+Explorer+with+Carbon+Tripod%29,https://www.bing.com/images/search?q=Sony+Alpha+7R+V+High-Resolution+Full-Frame+Camera+%28Landscape+Explorer+with+Carbon+Tripod%29
715,CAMERAS,Sony,Alpha 7C II Compact Full-Frame Mirrorless Camera (Extra High-Capacity Battery Pack),https://www.google.com/search?tbm=isch&q=Sony+Alpha+7C+II+Compact+Full-Frame+Mirrorless+Camera+%28Extra+High-Capacity+Battery+Pack%29,https://www.bing.com/images/search?q=Sony+Alpha+7C+II+Compact+Full-Frame+Mirrorless+Camera+%28Extra+High-Capacity+Battery+Pack%29
716,CAMERAS,Sony,FX3 Cinema Line Full-Frame Camera (Studio Lighting & SD Card Bundle),https://www.google.com/search?tbm=isch&q=Sony+FX3+Cinema+Line+Full-Frame+Camera+%28Studio+Lighting+%26+SD+Card+Bundle%29,https://www.bing.com/images/search?q=Sony+FX3+Cinema+Line+Full-Frame+Camera+%28Studio+Lighting+%26+SD+Card+Bundle%29
717,CAMERAS,Sony,ZV-E1 Full-Frame Vlogging Camera (Pro Filmmaker Kit with Cage),https://www.google.com/search?tbm=isch&q=Sony+ZV-E1+Full-Frame+Vlogging+Camera+%28Pro+Filmmaker+Kit+with+Cage%29,https://www.bing.com/images/search?q=Sony+ZV-E1+Full-Frame+Vlogging+Camera+%28Pro+Filmmaker+Kit+with+Cage%29
718,CAMERAS,Sony,Alpha 6700 APS-C Flagship Mirrorless Camera (Vlogger Bundle with Dual Mics),https://www.google.com/search?tbm=isch&q=Sony+Alpha+6700+APS-C+Flagship+Mirrorless+Camera+%28Vlogger+Bundle+with+Dual+Mics%29,https://www.bing.com/images/search?q=Sony+Alpha+6700+APS-C+Flagship+Mirrorless+Camera+%28Vlogger+Bundle+with+Dual+Mics%29
719,CAMERAS,Sony,ZV-1 II Pocket Vlogging Camera with 18-50mm Wide Lens (Landscape Explorer with Carbon Tripod),https://www.google.com/search?tbm=isch&q=Sony+ZV-1+II+Pocket+Vlogging+Camera+with+18-50mm+Wide+Lens+%28Landscape+Explorer+with+Carbon+Tripod%29,https://www.bing.com/images/search?q=Sony+ZV-1+II+Pocket+Vlogging+Camera+with+18-50mm+Wide+Lens+%28Landscape+Explorer+with+Carbon+Tripod%29
720,CAMERAS,Sony,Alpha 7 IV Full-Frame Mirrorless Camera (Body Only) (Extra High-Capacity Battery Pack),https://www.google.com/search?tbm=isch&q=Sony+Alpha+7+IV+Full-Frame+Mirrorless+Camera+%28Body+Only%29+%28Extra+High-Capacity+Battery+Pack%29,https://www.bing.com/images/search?q=Sony+Alpha+7+IV+Full-Frame+Mirrorless+Camera+%28Body+Only%29+%28Extra+High-Capacity+Battery+Pack%29
721,CAMERAS,Sony,Alpha 7 IV with 28-70mm Zoom Lens Kit (Studio Lighting & SD Card Bundle),https://www.google.com/search?tbm=isch&q=Sony+Alpha+7+IV+with+28-70mm+Zoom+Lens+Kit+%28Studio+Lighting+%26+SD+Card+Bundle%29,https://www.bing.com/images/search?q=Sony+Alpha+7+IV+with+28-70mm+Zoom+Lens+Kit+%28Studio+Lighting+%26+SD+Card+Bundle%29
722,CAMERAS,Sony,Alpha 7R V High-Resolution Full-Frame Camera (Pro Filmmaker Kit with Cage),https://www.google.com/search?tbm=isch&q=Sony+Alpha+7R+V+High-Resolution+Full-Frame+Camera+%28Pro+Filmmaker+Kit+with+Cage%29,https://www.bing.com/images/search?q=Sony+Alpha+7R+V+High-Resolution+Full-Frame+Camera+%28Pro+Filmmaker+Kit+with+Cage%29
723,CAMERAS,Sony,Alpha 7C II Compact Full-Frame Mirrorless Camera (Vlogger Bundle with Dual Mics),https://www.google.com/search?tbm=isch&q=Sony+Alpha+7C+II+Compact+Full-Frame+Mirrorless+Camera+%28Vlogger+Bundle+with+Dual+Mics%29,https://www.bing.com/images/search?q=Sony+Alpha+7C+II+Compact+Full-Frame+Mirrorless+Camera+%28Vlogger+Bundle+with+Dual+Mics%29
724,CAMERAS,Sony,FX3 Cinema Line Full-Frame Camera (Landscape Explorer with Carbon Tripod),https://www.google.com/search?tbm=isch&q=Sony+FX3+Cinema+Line+Full-Frame+Camera+%28Landscape+Explorer+with+Carbon+Tripod%29,https://www.bing.com/images/search?q=Sony+FX3+Cinema+Line+Full-Frame+Camera+%28Landscape+Explorer+with+Carbon+Tripod%29
725,CAMERAS,Sony,ZV-E1 Full-Frame Vlogging Camera (Extra High-Capacity Battery Pack),https://www.google.com/search?tbm=isch&q=Sony+ZV-E1+Full-Frame+Vlogging+Camera+%28Extra+High-Capacity+Battery+Pack%29,https://www.bing.com/images/search?q=Sony+ZV-E1+Full-Frame+Vlogging+Camera+%28Extra+High-Capacity+Battery+Pack%29
726,CAMERAS,Sony,Alpha 6700 APS-C Flagship Mirrorless Camera (Studio Lighting & SD Card Bundle),https://www.google.com/search?tbm=isch&q=Sony+Alpha+6700+APS-C+Flagship+Mirrorless+Camera+%28Studio+Lighting+%26+SD+Card+Bundle%29,https://www.bing.com/images/search?q=Sony+Alpha+6700+APS-C+Flagship+Mirrorless+Camera+%28Studio+Lighting+%26+SD+Card+Bundle%29
727,CAMERAS,Sony,ZV-1 II Pocket Vlogging Camera with 18-50mm Wide Lens (Pro Filmmaker Kit with Cage),https://www.google.com/search?tbm=isch&q=Sony+ZV-1+II+Pocket+Vlogging+Camera+with+18-50mm+Wide+Lens+%28Pro+Filmmaker+Kit+with+Cage%29,https://www.bing.com/images/search?q=Sony+ZV-1+II+Pocket+Vlogging+Camera+with+18-50mm+Wide+Lens+%28Pro+Filmmaker+Kit+with+Cage%29
728,CAMERAS,Sony,Alpha 7 IV Full-Frame Mirrorless Camera (Body Only) (Vlogger Bundle with Dual Mics),https://www.google.com/search?tbm=isch&q=Sony+Alpha+7+IV+Full-Frame+Mirrorless+Camera+%28Body+Only%29+%28Vlogger+Bundle+with+Dual+Mics%29,https://www.bing.com/images/search?q=Sony+Alpha+7+IV+Full-Frame+Mirrorless+Camera+%28Body+Only%29+%28Vlogger+Bundle+with+Dual+Mics%29
729,CAMERAS,Sony,Alpha 7 IV with 28-70mm Zoom Lens Kit (Landscape Explorer with Carbon Tripod),https://www.google.com/search?tbm=isch&q=Sony+Alpha+7+IV+with+28-70mm+Zoom+Lens+Kit+%28Landscape+Explorer+with+Carbon+Tripod%29,https://www.bing.com/images/search?q=Sony+Alpha+7+IV+with+28-70mm+Zoom+Lens+Kit+%28Landscape+Explorer+with+Carbon+Tripod%29
730,CAMERAS,Sony,Alpha 7R V High-Resolution Full-Frame Camera (Extra High-Capacity Battery Pack),https://www.google.com/search?tbm=isch&q=Sony+Alpha+7R+V+High-Resolution+Full-Frame+Camera+%28Extra+High-Capacity+Battery+Pack%29,https://www.bing.com/images/search?q=Sony+Alpha+7R+V+High-Resolution+Full-Frame+Camera+%28Extra+High-Capacity+Battery+Pack%29
731,CAMERAS,Sony,Alpha 7C II Compact Full-Frame Mirrorless Camera (Studio Lighting & SD Card Bundle),https://www.google.com/search?tbm=isch&q=Sony+Alpha+7C+II+Compact+Full-Frame+Mirrorless+Camera+%28Studio+Lighting+%26+SD+Card+Bundle%29,https://www.bing.com/images/search?q=Sony+Alpha+7C+II+Compact+Full-Frame+Mirrorless+Camera+%28Studio+Lighting+%26+SD+Card+Bundle%29
732,CAMERAS,Sony,FX3 Cinema Line Full-Frame Camera (Pro Filmmaker Kit with Cage),https://www.google.com/search?tbm=isch&q=Sony+FX3+Cinema+Line+Full-Frame+Camera+%28Pro+Filmmaker+Kit+with+Cage%29,https://www.bing.com/images/search?q=Sony+FX3+Cinema+Line+Full-Frame+Camera+%28Pro+Filmmaker+Kit+with+Cage%29
733,CAMERAS,Sony,ZV-E1 Full-Frame Vlogging Camera (Vlogger Bundle with Dual Mics),https://www.google.com/search?tbm=isch&q=Sony+ZV-E1+Full-Frame+Vlogging+Camera+%28Vlogger+Bundle+with+Dual+Mics%29,https://www.bing.com/images/search?q=Sony+ZV-E1+Full-Frame+Vlogging+Camera+%28Vlogger+Bundle+with+Dual+Mics%29
734,CAMERAS,Sony,Alpha 6700 APS-C Flagship Mirrorless Camera (Landscape Explorer with Carbon Tripod),https://www.google.com/search?tbm=isch&q=Sony+Alpha+6700+APS-C+Flagship+Mirrorless+Camera+%28Landscape+Explorer+with+Carbon+Tripod%29,https://www.bing.com/images/search?q=Sony+Alpha+6700+APS-C+Flagship+Mirrorless+Camera+%28Landscape+Explorer+with+Carbon+Tripod%29
735,CAMERAS,Sony,ZV-1 II Pocket Vlogging Camera with 18-50mm Wide Lens (Extra High-Capacity Battery Pack),https://www.google.com/search?tbm=isch&q=Sony+ZV-1+II+Pocket+Vlogging+Camera+with+18-50mm+Wide+Lens+%28Extra+High-Capacity+Battery+Pack%29,https://www.bing.com/images/search?q=Sony+ZV-1+II+Pocket+Vlogging+Camera+with+18-50mm+Wide+Lens+%28Extra+High-Capacity+Battery+Pack%29
736,ACCESSORIES,Anker,737 Power Bank (PowerCore 24K) 140W Portable Charger,https://www.google.com/search?tbm=isch&q=Anker+737+Power+Bank+%28PowerCore+24K%29+140W+Portable+Charger,https://www.bing.com/images/search?q=Anker+737+Power+Bank+%28PowerCore+24K%29+140W+Portable+Charger
737,ACCESSORIES,Anker,Prime 100W GaN Wall Charger (3-Port Fast Charger),https://www.google.com/search?tbm=isch&q=Anker+Prime+100W+GaN+Wall+Charger+%283-Port+Fast+Charger%29,https://www.bing.com/images/search?q=Anker+Prime+100W+GaN+Wall+Charger+%283-Port+Fast+Charger%29
738,ACCESSORIES,Anker,"Prime 20,000mAh Power Bank (200W Output)",https://www.google.com/search?tbm=isch&q=Anker+Prime+20%2C000mAh+Power+Bank+%28200W+Output%29,https://www.bing.com/images/search?q=Anker+Prime+20%2C000mAh+Power+Bank+%28200W+Output%29
739,ACCESSORIES,Anker,MagGo 3-in-1 Foldable Qi2 Wireless Charging Station (15W),https://www.google.com/search?tbm=isch&q=Anker+MagGo+3-in-1+Foldable+Qi2+Wireless+Charging+Station+%2815W%29,https://www.bing.com/images/search?q=Anker+MagGo+3-in-1+Foldable+Qi2+Wireless+Charging+Station+%2815W%29
740,ACCESSORIES,Anker,"575 USB-C Docking Station (13-in-1, Triple Display 85W)",https://www.google.com/search?tbm=isch&q=Anker+575+USB-C+Docking+Station+%2813-in-1%2C+Triple+Display+85W%29,https://www.bing.com/images/search?q=Anker+575+USB-C+Docking+Station+%2813-in-1%2C+Triple+Display+85W%29
741,ACCESSORIES,Anker,Prime 100W GaN Wall Charger (3-Port Fast Charger) (Heavy-Duty Travel Case Edition),https://www.google.com/search?tbm=isch&q=Anker+Prime+100W+GaN+Wall+Charger+%283-Port+Fast+Charger%29+%28Heavy-Duty+Travel+Case+Edition%29,https://www.bing.com/images/search?q=Anker+Prime+100W+GaN+Wall+Charger+%283-Port+Fast+Charger%29+%28Heavy-Duty+Travel+Case+Edition%29
742,ACCESSORIES,Anker,"Prime 20,000mAh Power Bank (200W Output) (Desktop Organizer Edition)",https://www.google.com/search?tbm=isch&q=Anker+Prime+20%2C000mAh+Power+Bank+%28200W+Output%29+%28Desktop+Organizer+Edition%29,https://www.bing.com/images/search?q=Anker+Prime+20%2C000mAh+Power+Bank+%28200W+Output%29+%28Desktop+Organizer+Edition%29
743,ACCESSORIES,Anker,MagGo 3-in-1 Foldable Qi2 Wireless Charging Station (15W) (Dual-Pack Value Set),https://www.google.com/search?tbm=isch&q=Anker+MagGo+3-in-1+Foldable+Qi2+Wireless+Charging+Station+%2815W%29+%28Dual-Pack+Value+Set%29,https://www.bing.com/images/search?q=Anker+MagGo+3-in-1+Foldable+Qi2+Wireless+Charging+Station+%2815W%29+%28Dual-Pack+Value+Set%29
744,ACCESSORIES,Anker,"575 USB-C Docking Station (13-in-1, Triple Display 85W) (Heavy-Duty Travel Case Edition)",https://www.google.com/search?tbm=isch&q=Anker+575+USB-C+Docking+Station+%2813-in-1%2C+Triple+Display+85W%29+%28Heavy-Duty+Travel+Case+Edition%29,https://www.bing.com/images/search?q=Anker+575+USB-C+Docking+Station+%2813-in-1%2C+Triple+Display+85W%29+%28Heavy-Duty+Travel+Case+Edition%29
745,ACCESSORIES,Anker,737 Power Bank (PowerCore 24K) 140W Portable Charger (Dual-Pack Value Set),https://www.google.com/search?tbm=isch&q=Anker+737+Power+Bank+%28PowerCore+24K%29+140W+Portable+Charger+%28Dual-Pack+Value+Set%29,https://www.bing.com/images/search?q=Anker+737+Power+Bank+%28PowerCore+24K%29+140W+Portable+Charger+%28Dual-Pack+Value+Set%29
746,ACCESSORIES,Anker,Prime 100W GaN Wall Charger (3-Port Fast Charger) (Titanium Edition),https://www.google.com/search?tbm=isch&q=Anker+Prime+100W+GaN+Wall+Charger+%283-Port+Fast+Charger%29+%28Titanium+Edition%29,https://www.bing.com/images/search?q=Anker+Prime+100W+GaN+Wall+Charger+%283-Port+Fast+Charger%29+%28Titanium+Edition%29
747,ACCESSORIES,Anker,"Prime 20,000mAh Power Bank (200W Output) (Braided 2m Cable Bundle)",https://www.google.com/search?tbm=isch&q=Anker+Prime+20%2C000mAh+Power+Bank+%28200W+Output%29+%28Braided+2m+Cable+Bundle%29,https://www.bing.com/images/search?q=Anker+Prime+20%2C000mAh+Power+Bank+%28200W+Output%29+%28Braided+2m+Cable+Bundle%29
748,ACCESSORIES,Anker,MagGo 3-in-1 Foldable Qi2 Wireless Charging Station (15W) (Heavy-Duty Travel Case Edition),https://www.google.com/search?tbm=isch&q=Anker+MagGo+3-in-1+Foldable+Qi2+Wireless+Charging+Station+%2815W%29+%28Heavy-Duty+Travel+Case+Edition%29,https://www.bing.com/images/search?q=Anker+MagGo+3-in-1+Foldable+Qi2+Wireless+Charging+Station+%2815W%29+%28Heavy-Duty+Travel+Case+Edition%29
749,ACCESSORIES,Anker,"575 USB-C Docking Station (13-in-1, Triple Display 85W) (Titanium Edition)",https://www.google.com/search?tbm=isch&q=Anker+575+USB-C+Docking+Station+%2813-in-1%2C+Triple+Display+85W%29+%28Titanium+Edition%29,https://www.bing.com/images/search?q=Anker+575+USB-C+Docking+Station+%2813-in-1%2C+Triple+Display+85W%29+%28Titanium+Edition%29
750,ACCESSORIES,Anker,737 Power Bank (PowerCore 24K) 140W Portable Charger (Heavy-Duty Travel Case Edition),https://www.google.com/search?tbm=isch&q=Anker+737+Power+Bank+%28PowerCore+24K%29+140W+Portable+Charger+%28Heavy-Duty+Travel+Case+Edition%29,https://www.bing.com/images/search?q=Anker+737+Power+Bank+%28PowerCore+24K%29+140W+Portable+Charger+%28Heavy-Duty+Travel+Case+Edition%29
751,ACCESSORIES,Anker,Prime 100W GaN Wall Charger (3-Port Fast Charger) (Desktop Organizer Edition),https://www.google.com/search?tbm=isch&q=Anker+Prime+100W+GaN+Wall+Charger+%283-Port+Fast+Charger%29+%28Desktop+Organizer+Edition%29,https://www.bing.com/images/search?q=Anker+Prime+100W+GaN+Wall+Charger+%283-Port+Fast+Charger%29+%28Desktop+Organizer+Edition%29
752,ACCESSORIES,Anker,"Prime 20,000mAh Power Bank (200W Output) (Dual-Pack Value Set)",https://www.google.com/search?tbm=isch&q=Anker+Prime+20%2C000mAh+Power+Bank+%28200W+Output%29+%28Dual-Pack+Value+Set%29,https://www.bing.com/images/search?q=Anker+Prime+20%2C000mAh+Power+Bank+%28200W+Output%29+%28Dual-Pack+Value+Set%29
753,ACCESSORIES,Anker,MagGo 3-in-1 Foldable Qi2 Wireless Charging Station (15W) (Titanium Edition),https://www.google.com/search?tbm=isch&q=Anker+MagGo+3-in-1+Foldable+Qi2+Wireless+Charging+Station+%2815W%29+%28Titanium+Edition%29,https://www.bing.com/images/search?q=Anker+MagGo+3-in-1+Foldable+Qi2+Wireless+Charging+Station+%2815W%29+%28Titanium+Edition%29
754,ACCESSORIES,Anker,"575 USB-C Docking Station (13-in-1, Triple Display 85W) (Desktop Organizer Edition)",https://www.google.com/search?tbm=isch&q=Anker+575+USB-C+Docking+Station+%2813-in-1%2C+Triple+Display+85W%29+%28Desktop+Organizer+Edition%29,https://www.bing.com/images/search?q=Anker+575+USB-C+Docking+Station+%2813-in-1%2C+Triple+Display+85W%29+%28Desktop+Organizer+Edition%29
755,ACCESSORIES,Anker,737 Power Bank (PowerCore 24K) 140W Portable Charger (Titanium Edition),https://www.google.com/search?tbm=isch&q=Anker+737+Power+Bank+%28PowerCore+24K%29+140W+Portable+Charger+%28Titanium+Edition%29,https://www.bing.com/images/search?q=Anker+737+Power+Bank+%28PowerCore+24K%29+140W+Portable+Charger+%28Titanium+Edition%29
756,ACCESSORIES,Anker,Prime 100W GaN Wall Charger (3-Port Fast Charger) (Braided 2m Cable Bundle),https://www.google.com/search?tbm=isch&q=Anker+Prime+100W+GaN+Wall+Charger+%283-Port+Fast+Charger%29+%28Braided+2m+Cable+Bundle%29,https://www.bing.com/images/search?q=Anker+Prime+100W+GaN+Wall+Charger+%283-Port+Fast+Charger%29+%28Braided+2m+Cable+Bundle%29
757,ACCESSORIES,Anker,"Prime 20,000mAh Power Bank (200W Output) (Heavy-Duty Travel Case Edition)",https://www.google.com/search?tbm=isch&q=Anker+Prime+20%2C000mAh+Power+Bank+%28200W+Output%29+%28Heavy-Duty+Travel+Case+Edition%29,https://www.bing.com/images/search?q=Anker+Prime+20%2C000mAh+Power+Bank+%28200W+Output%29+%28Heavy-Duty+Travel+Case+Edition%29
758,ACCESSORIES,Anker,MagGo 3-in-1 Foldable Qi2 Wireless Charging Station (15W) (Desktop Organizer Edition),https://www.google.com/search?tbm=isch&q=Anker+MagGo+3-in-1+Foldable+Qi2+Wireless+Charging+Station+%2815W%29+%28Desktop+Organizer+Edition%29,https://www.bing.com/images/search?q=Anker+MagGo+3-in-1+Foldable+Qi2+Wireless+Charging+Station+%2815W%29+%28Desktop+Organizer+Edition%29
759,ACCESSORIES,Apple,20W USB-C Power Adapter (Official),https://www.google.com/search?tbm=isch&q=Apple+20W+USB-C+Power+Adapter+%28Official%29,https://www.bing.com/images/search?q=Apple+20W+USB-C+Power+Adapter+%28Official%29
760,ACCESSORIES,Apple,MagSafe Charger (2m) Fast Wireless Charger,https://www.google.com/search?tbm=isch&q=Apple+MagSafe+Charger+%282m%29+Fast+Wireless+Charger,https://www.bing.com/images/search?q=Apple+MagSafe+Charger+%282m%29+Fast+Wireless+Charger
761,ACCESSORIES,Apple,20W USB-C Power Adapter (Official) (Titanium Edition),https://www.google.com/search?tbm=isch&q=Apple+20W+USB-C+Power+Adapter+%28Official%29+%28Titanium+Edition%29,https://www.bing.com/images/search?q=Apple+20W+USB-C+Power+Adapter+%28Official%29+%28Titanium+Edition%29
762,ACCESSORIES,Apple,MagSafe Charger (2m) Fast Wireless Charger (Braided 2m Cable Bundle),https://www.google.com/search?tbm=isch&q=Apple+MagSafe+Charger+%282m%29+Fast+Wireless+Charger+%28Braided+2m+Cable+Bundle%29,https://www.bing.com/images/search?q=Apple+MagSafe+Charger+%282m%29+Fast+Wireless+Charger+%28Braided+2m+Cable+Bundle%29
763,ACCESSORIES,Apple,20W USB-C Power Adapter (Official) (Desktop Organizer Edition),https://www.google.com/search?tbm=isch&q=Apple+20W+USB-C+Power+Adapter+%28Official%29+%28Desktop+Organizer+Edition%29,https://www.bing.com/images/search?q=Apple+20W+USB-C+Power+Adapter+%28Official%29+%28Desktop+Organizer+Edition%29
764,ACCESSORIES,Apple,MagSafe Charger (2m) Fast Wireless Charger (Dual-Pack Value Set),https://www.google.com/search?tbm=isch&q=Apple+MagSafe+Charger+%282m%29+Fast+Wireless+Charger+%28Dual-Pack+Value+Set%29,https://www.bing.com/images/search?q=Apple+MagSafe+Charger+%282m%29+Fast+Wireless+Charger+%28Dual-Pack+Value+Set%29
765,ACCESSORIES,Apple,20W USB-C Power Adapter (Official) (Braided 2m Cable Bundle),https://www.google.com/search?tbm=isch&q=Apple+20W+USB-C+Power+Adapter+%28Official%29+%28Braided+2m+Cable+Bundle%29,https://www.bing.com/images/search?q=Apple+20W+USB-C+Power+Adapter+%28Official%29+%28Braided+2m+Cable+Bundle%29
766,ACCESSORIES,Apple,MagSafe Charger (2m) Fast Wireless Charger (Heavy-Duty Travel Case Edition),https://www.google.com/search?tbm=isch&q=Apple+MagSafe+Charger+%282m%29+Fast+Wireless+Charger+%28Heavy-Duty+Travel+Case+Edition%29,https://www.bing.com/images/search?q=Apple+MagSafe+Charger+%282m%29+Fast+Wireless+Charger+%28Heavy-Duty+Travel+Case+Edition%29
767,ACCESSORIES,Apple,20W USB-C Power Adapter (Official) (Dual-Pack Value Set),https://www.google.com/search?tbm=isch&q=Apple+20W+USB-C+Power+Adapter+%28Official%29+%28Dual-Pack+Value+Set%29,https://www.bing.com/images/search?q=Apple+20W+USB-C+Power+Adapter+%28Official%29+%28Dual-Pack+Value+Set%29
768,ACCESSORIES,Apple,MagSafe Charger (2m) Fast Wireless Charger (Titanium Edition),https://www.google.com/search?tbm=isch&q=Apple+MagSafe+Charger+%282m%29+Fast+Wireless+Charger+%28Titanium+Edition%29,https://www.bing.com/images/search?q=Apple+MagSafe+Charger+%282m%29+Fast+Wireless+Charger+%28Titanium+Edition%29
769,ACCESSORIES,Belkin,BoostCharge Pro 3-in-1 Wireless Charging Stand with MagSafe 15W,https://www.google.com/search?tbm=isch&q=Belkin+BoostCharge+Pro+3-in-1+Wireless+Charging+Stand+with+MagSafe+15W,https://www.bing.com/images/search?q=Belkin+BoostCharge+Pro+3-in-1+Wireless+Charging+Stand+with+MagSafe+15W
770,ACCESSORIES,Belkin,BoostCharge Pro 3-in-1 Wireless Charging Stand with MagSafe 15W (Heavy-Duty Travel Case Edition),https://www.google.com/search?tbm=isch&q=Belkin+BoostCharge+Pro+3-in-1+Wireless+Charging+Stand+with+MagSafe+15W+%28Heavy-Duty+Travel+Case+Edition%29,https://www.bing.com/images/search?q=Belkin+BoostCharge+Pro+3-in-1+Wireless+Charging+Stand+with+MagSafe+15W+%28Heavy-Duty+Travel+Case+Edition%29
771,ACCESSORIES,Belkin,BoostCharge Pro 3-in-1 Wireless Charging Stand with MagSafe 15W (Titanium Edition),https://www.google.com/search?tbm=isch&q=Belkin+BoostCharge+Pro+3-in-1+Wireless+Charging+Stand+with+MagSafe+15W+%28Titanium+Edition%29,https://www.bing.com/images/search?q=Belkin+BoostCharge+Pro+3-in-1+Wireless+Charging+Stand+with+MagSafe+15W+%28Titanium+Edition%29
772,ACCESSORIES,Belkin,BoostCharge Pro 3-in-1 Wireless Charging Stand with MagSafe 15W (Desktop Organizer Edition),https://www.google.com/search?tbm=isch&q=Belkin+BoostCharge+Pro+3-in-1+Wireless+Charging+Stand+with+MagSafe+15W+%28Desktop+Organizer+Edition%29,https://www.bing.com/images/search?q=Belkin+BoostCharge+Pro+3-in-1+Wireless+Charging+Stand+with+MagSafe+15W+%28Desktop+Organizer+Edition%29
773,ACCESSORIES,Belkin,BoostCharge Pro 3-in-1 Wireless Charging Stand with MagSafe 15W (Braided 2m Cable Bundle),https://www.google.com/search?tbm=isch&q=Belkin+BoostCharge+Pro+3-in-1+Wireless+Charging+Stand+with+MagSafe+15W+%28Braided+2m+Cable+Bundle%29,https://www.bing.com/images/search?q=Belkin+BoostCharge+Pro+3-in-1+Wireless+Charging+Stand+with+MagSafe+15W+%28Braided+2m+Cable+Bundle%29
774,ACCESSORIES,BenQ,ScreenBar Halo LED Monitor Light Bar with Wireless Controller,https://www.google.com/search?tbm=isch&q=BenQ+ScreenBar+Halo+LED+Monitor+Light+Bar+with+Wireless+Controller,https://www.bing.com/images/search?q=BenQ+ScreenBar+Halo+LED+Monitor+Light+Bar+with+Wireless+Controller
775,ACCESSORIES,BenQ,ScreenBar Halo LED Monitor Light Bar with Wireless Controller (Desktop Organizer Edition),https://www.google.com/search?tbm=isch&q=BenQ+ScreenBar+Halo+LED+Monitor+Light+Bar+with+Wireless+Controller+%28Desktop+Organizer+Edition%29,https://www.bing.com/images/search?q=BenQ+ScreenBar+Halo+LED+Monitor+Light+Bar+with+Wireless+Controller+%28Desktop+Organizer+Edition%29
776,ACCESSORIES,BenQ,ScreenBar Halo LED Monitor Light Bar with Wireless Controller (Braided 2m Cable Bundle),https://www.google.com/search?tbm=isch&q=BenQ+ScreenBar+Halo+LED+Monitor+Light+Bar+with+Wireless+Controller+%28Braided+2m+Cable+Bundle%29,https://www.bing.com/images/search?q=BenQ+ScreenBar+Halo+LED+Monitor+Light+Bar+with+Wireless+Controller+%28Braided+2m+Cable+Bundle%29
777,ACCESSORIES,BenQ,ScreenBar Halo LED Monitor Light Bar with Wireless Controller (Dual-Pack Value Set),https://www.google.com/search?tbm=isch&q=BenQ+ScreenBar+Halo+LED+Monitor+Light+Bar+with+Wireless+Controller+%28Dual-Pack+Value+Set%29,https://www.bing.com/images/search?q=BenQ+ScreenBar+Halo+LED+Monitor+Light+Bar+with+Wireless+Controller+%28Dual-Pack+Value+Set%29
778,ACCESSORIES,CalDigit,"TS4 Thunderbolt 4 Dock (18 Ports, 98W Charging)",https://www.google.com/search?tbm=isch&q=CalDigit+TS4+Thunderbolt+4+Dock+%2818+Ports%2C+98W+Charging%29,https://www.bing.com/images/search?q=CalDigit+TS4+Thunderbolt+4+Dock+%2818+Ports%2C+98W+Charging%29
779,ACCESSORIES,CalDigit,"TS4 Thunderbolt 4 Dock (18 Ports, 98W Charging) (Braided 2m Cable Bundle)",https://www.google.com/search?tbm=isch&q=CalDigit+TS4+Thunderbolt+4+Dock+%2818+Ports%2C+98W+Charging%29+%28Braided+2m+Cable+Bundle%29,https://www.bing.com/images/search?q=CalDigit+TS4+Thunderbolt+4+Dock+%2818+Ports%2C+98W+Charging%29+%28Braided+2m+Cable+Bundle%29
780,ACCESSORIES,CalDigit,"TS4 Thunderbolt 4 Dock (18 Ports, 98W Charging) (Dual-Pack Value Set)",https://www.google.com/search?tbm=isch&q=CalDigit+TS4+Thunderbolt+4+Dock+%2818+Ports%2C+98W+Charging%29+%28Dual-Pack+Value+Set%29,https://www.bing.com/images/search?q=CalDigit+TS4+Thunderbolt+4+Dock+%2818+Ports%2C+98W+Charging%29+%28Dual-Pack+Value+Set%29
781,ACCESSORIES,CalDigit,"TS4 Thunderbolt 4 Dock (18 Ports, 98W Charging) (Heavy-Duty Travel Case Edition)",https://www.google.com/search?tbm=isch&q=CalDigit+TS4+Thunderbolt+4+Dock+%2818+Ports%2C+98W+Charging%29+%28Heavy-Duty+Travel+Case+Edition%29,https://www.bing.com/images/search?q=CalDigit+TS4+Thunderbolt+4+Dock+%2818+Ports%2C+98W+Charging%29+%28Heavy-Duty+Travel+Case+Edition%29
782,ACCESSORIES,Crucial,X9 Pro 2TB Portable SSD (Micron TLC NAND),https://www.google.com/search?tbm=isch&q=Crucial+X9+Pro+2TB+Portable+SSD+%28Micron+TLC+NAND%29,https://www.bing.com/images/search?q=Crucial+X9+Pro+2TB+Portable+SSD+%28Micron+TLC+NAND%29
783,ACCESSORIES,Crucial,X9 Pro 2TB Portable SSD (Micron TLC NAND) (Dual-Pack Value Set),https://www.google.com/search?tbm=isch&q=Crucial+X9+Pro+2TB+Portable+SSD+%28Micron+TLC+NAND%29+%28Dual-Pack+Value+Set%29,https://www.bing.com/images/search?q=Crucial+X9+Pro+2TB+Portable+SSD+%28Micron+TLC+NAND%29+%28Dual-Pack+Value+Set%29
784,ACCESSORIES,Crucial,X9 Pro 2TB Portable SSD (Micron TLC NAND) (Heavy-Duty Travel Case Edition),https://www.google.com/search?tbm=isch&q=Crucial+X9+Pro+2TB+Portable+SSD+%28Micron+TLC+NAND%29+%28Heavy-Duty+Travel+Case+Edition%29,https://www.bing.com/images/search?q=Crucial+X9+Pro+2TB+Portable+SSD+%28Micron+TLC+NAND%29+%28Heavy-Duty+Travel+Case+Edition%29
785,ACCESSORIES,Crucial,X9 Pro 2TB Portable SSD (Micron TLC NAND) (Titanium Edition),https://www.google.com/search?tbm=isch&q=Crucial+X9+Pro+2TB+Portable+SSD+%28Micron+TLC+NAND%29+%28Titanium+Edition%29,https://www.bing.com/images/search?q=Crucial+X9+Pro+2TB+Portable+SSD+%28Micron+TLC+NAND%29+%28Titanium+Edition%29
786,ACCESSORIES,Crucial,X9 Pro 2TB Portable SSD (Micron TLC NAND) (Desktop Organizer Edition),https://www.google.com/search?tbm=isch&q=Crucial+X9+Pro+2TB+Portable+SSD+%28Micron+TLC+NAND%29+%28Desktop+Organizer+Edition%29,https://www.bing.com/images/search?q=Crucial+X9+Pro+2TB+Portable+SSD+%28Micron+TLC+NAND%29+%28Desktop+Organizer+Edition%29
787,ACCESSORIES,Keychron,Q3 Pro Special Edition QMK/VIA Wireless Custom Mechanical Keyboard,https://www.google.com/search?tbm=isch&q=Keychron+Q3+Pro+Special+Edition+QMK%2FVIA+Wireless+Custom+Mechanical+Keyboard,https://www.bing.com/images/search?q=Keychron+Q3+Pro+Special+Edition+QMK%2FVIA+Wireless+Custom+Mechanical+Keyboard
788,ACCESSORIES,Keychron,K2 Version 2 75% Wireless Mechanical Keyboard (RGB Backlight),https://www.google.com/search?tbm=isch&q=Keychron+K2+Version+2+75%25+Wireless+Mechanical+Keyboard+%28RGB+Backlight%29,https://www.bing.com/images/search?q=Keychron+K2+Version+2+75%25+Wireless+Mechanical+Keyboard+%28RGB+Backlight%29
789,ACCESSORIES,Keychron,Q3 Pro Special Edition QMK/VIA Wireless Custom Mechanical Keyboard (Braided 2m Cable Bundle),https://www.google.com/search?tbm=isch&q=Keychron+Q3+Pro+Special+Edition+QMK%2FVIA+Wireless+Custom+Mechanical+Keyboard+%28Braided+2m+Cable+Bundle%29,https://www.bing.com/images/search?q=Keychron+Q3+Pro+Special+Edition+QMK%2FVIA+Wireless+Custom+Mechanical+Keyboard+%28Braided+2m+Cable+Bundle%29
790,ACCESSORIES,Keychron,K2 Version 2 75% Wireless Mechanical Keyboard (RGB Backlight) (Heavy-Duty Travel Case Edition),https://www.google.com/search?tbm=isch&q=Keychron+K2+Version+2+75%25+Wireless+Mechanical+Keyboard+%28RGB+Backlight%29+%28Heavy-Duty+Travel+Case+Edition%29,https://www.bing.com/images/search?q=Keychron+K2+Version+2+75%25+Wireless+Mechanical+Keyboard+%28RGB+Backlight%29+%28Heavy-Duty+Travel+Case+Edition%29
791,ACCESSORIES,Keychron,Q3 Pro Special Edition QMK/VIA Wireless Custom Mechanical Keyboard (Dual-Pack Value Set),https://www.google.com/search?tbm=isch&q=Keychron+Q3+Pro+Special+Edition+QMK%2FVIA+Wireless+Custom+Mechanical+Keyboard+%28Dual-Pack+Value+Set%29,https://www.bing.com/images/search?q=Keychron+Q3+Pro+Special+Edition+QMK%2FVIA+Wireless+Custom+Mechanical+Keyboard+%28Dual-Pack+Value+Set%29
792,ACCESSORIES,Keychron,K2 Version 2 75% Wireless Mechanical Keyboard (RGB Backlight) (Titanium Edition),https://www.google.com/search?tbm=isch&q=Keychron+K2+Version+2+75%25+Wireless+Mechanical+Keyboard+%28RGB+Backlight%29+%28Titanium+Edition%29,https://www.bing.com/images/search?q=Keychron+K2+Version+2+75%25+Wireless+Mechanical+Keyboard+%28RGB+Backlight%29+%28Titanium+Edition%29
793,ACCESSORIES,Keychron,Q3 Pro Special Edition QMK/VIA Wireless Custom Mechanical Keyboard (Heavy-Duty Travel Case Edition),https://www.google.com/search?tbm=isch&q=Keychron+Q3+Pro+Special+Edition+QMK%2FVIA+Wireless+Custom+Mechanical+Keyboard+%28Heavy-Duty+Travel+Case+Edition%29,https://www.bing.com/images/search?q=Keychron+Q3+Pro+Special+Edition+QMK%2FVIA+Wireless+Custom+Mechanical+Keyboard+%28Heavy-Duty+Travel+Case+Edition%29
794,ACCESSORIES,Keychron,K2 Version 2 75% Wireless Mechanical Keyboard (RGB Backlight) (Desktop Organizer Edition),https://www.google.com/search?tbm=isch&q=Keychron+K2+Version+2+75%25+Wireless+Mechanical+Keyboard+%28RGB+Backlight%29+%28Desktop+Organizer+Edition%29,https://www.bing.com/images/search?q=Keychron+K2+Version+2+75%25+Wireless+Mechanical+Keyboard+%28RGB+Backlight%29+%28Desktop+Organizer+Edition%29
795,ACCESSORIES,Logitech,MX Master 3S Wireless Performance Mouse (Pale Grey),https://www.google.com/search?tbm=isch&q=Logitech+MX+Master+3S+Wireless+Performance+Mouse+%28Pale+Grey%29,https://www.bing.com/images/search?q=Logitech+MX+Master+3S+Wireless+Performance+Mouse+%28Pale+Grey%29
796,ACCESSORIES,Logitech,MX Master 3S Wireless Mouse (Graphite),https://www.google.com/search?tbm=isch&q=Logitech+MX+Master+3S+Wireless+Mouse+%28Graphite%29,https://www.bing.com/images/search?q=Logitech+MX+Master+3S+Wireless+Mouse+%28Graphite%29
797,ACCESSORIES,Logitech,MX Mechanical Wireless Illuminated Keyboard (Tactile Quiet),https://www.google.com/search?tbm=isch&q=Logitech+MX+Mechanical+Wireless+Illuminated+Keyboard+%28Tactile+Quiet%29,https://www.bing.com/images/search?q=Logitech+MX+Mechanical+Wireless+Illuminated+Keyboard+%28Tactile+Quiet%29
798,ACCESSORIES,Logitech,MX Master 3S Wireless Performance Mouse (Pale Grey) (Desktop Organizer Edition),https://www.google.com/search?tbm=isch&q=Logitech+MX+Master+3S+Wireless+Performance+Mouse+%28Pale+Grey%29+%28Desktop+Organizer+Edition%29,https://www.bing.com/images/search?q=Logitech+MX+Master+3S+Wireless+Performance+Mouse+%28Pale+Grey%29+%28Desktop+Organizer+Edition%29
799,ACCESSORIES,Logitech,MX Master 3S Wireless Mouse (Graphite) (Dual-Pack Value Set),https://www.google.com/search?tbm=isch&q=Logitech+MX+Master+3S+Wireless+Mouse+%28Graphite%29+%28Dual-Pack+Value+Set%29,https://www.bing.com/images/search?q=Logitech+MX+Master+3S+Wireless+Mouse+%28Graphite%29+%28Dual-Pack+Value+Set%29
800,ACCESSORIES,Logitech,MX Mechanical Wireless Illuminated Keyboard (Tactile Quiet) (Titanium Edition),https://www.google.com/search?tbm=isch&q=Logitech+MX+Mechanical+Wireless+Illuminated+Keyboard+%28Tactile+Quiet%29+%28Titanium+Edition%29,https://www.bing.com/images/search?q=Logitech+MX+Mechanical+Wireless+Illuminated+Keyboard+%28Tactile+Quiet%29+%28Titanium+Edition%29
801,ACCESSORIES,Logitech,MX Master 3S Wireless Performance Mouse (Pale Grey) (Braided 2m Cable Bundle),https://www.google.com/search?tbm=isch&q=Logitech+MX+Master+3S+Wireless+Performance+Mouse+%28Pale+Grey%29+%28Braided+2m+Cable+Bundle%29,https://www.bing.com/images/search?q=Logitech+MX+Master+3S+Wireless+Performance+Mouse+%28Pale+Grey%29+%28Braided+2m+Cable+Bundle%29
802,ACCESSORIES,Logitech,MX Master 3S Wireless Mouse (Graphite) (Heavy-Duty Travel Case Edition),https://www.google.com/search?tbm=isch&q=Logitech+MX+Master+3S+Wireless+Mouse+%28Graphite%29+%28Heavy-Duty+Travel+Case+Edition%29,https://www.bing.com/images/search?q=Logitech+MX+Master+3S+Wireless+Mouse+%28Graphite%29+%28Heavy-Duty+Travel+Case+Edition%29
803,ACCESSORIES,Logitech,MX Mechanical Wireless Illuminated Keyboard (Tactile Quiet) (Desktop Organizer Edition),https://www.google.com/search?tbm=isch&q=Logitech+MX+Mechanical+Wireless+Illuminated+Keyboard+%28Tactile+Quiet%29+%28Desktop+Organizer+Edition%29,https://www.bing.com/images/search?q=Logitech+MX+Mechanical+Wireless+Illuminated+Keyboard+%28Tactile+Quiet%29+%28Desktop+Organizer+Edition%29
804,ACCESSORIES,Logitech,MX Master 3S Wireless Performance Mouse (Pale Grey) (Dual-Pack Value Set),https://www.google.com/search?tbm=isch&q=Logitech+MX+Master+3S+Wireless+Performance+Mouse+%28Pale+Grey%29+%28Dual-Pack+Value+Set%29,https://www.bing.com/images/search?q=Logitech+MX+Master+3S+Wireless+Performance+Mouse+%28Pale+Grey%29+%28Dual-Pack+Value+Set%29
805,ACCESSORIES,Logitech,MX Master 3S Wireless Mouse (Graphite) (Titanium Edition),https://www.google.com/search?tbm=isch&q=Logitech+MX+Master+3S+Wireless+Mouse+%28Graphite%29+%28Titanium+Edition%29,https://www.bing.com/images/search?q=Logitech+MX+Master+3S+Wireless+Mouse+%28Graphite%29+%28Titanium+Edition%29
806,ACCESSORIES,Logitech,MX Mechanical Wireless Illuminated Keyboard (Tactile Quiet) (Braided 2m Cable Bundle),https://www.google.com/search?tbm=isch&q=Logitech+MX+Mechanical+Wireless+Illuminated+Keyboard+%28Tactile+Quiet%29+%28Braided+2m+Cable+Bundle%29,https://www.bing.com/images/search?q=Logitech+MX+Mechanical+Wireless+Illuminated+Keyboard+%28Tactile+Quiet%29+%28Braided+2m+Cable+Bundle%29
807,ACCESSORIES,Samsung,45W Super Fast Charging 2.0 Power Adapter with 5A Cable,https://www.google.com/search?tbm=isch&q=Samsung+45W+Super+Fast+Charging+2.0+Power+Adapter+with+5A+Cable,https://www.bing.com/images/search?q=Samsung+45W+Super+Fast+Charging+2.0+Power+Adapter+with+5A+Cable
808,ACCESSORIES,Samsung,T7 Shield 2TB Portable SSD (IP65 Rugged Rubber),https://www.google.com/search?tbm=isch&q=Samsung+T7+Shield+2TB+Portable+SSD+%28IP65+Rugged+Rubber%29,https://www.bing.com/images/search?q=Samsung+T7+Shield+2TB+Portable+SSD+%28IP65+Rugged+Rubber%29
809,ACCESSORIES,Samsung,T7 Shield 1TB Portable SSD (Black),https://www.google.com/search?tbm=isch&q=Samsung+T7+Shield+1TB+Portable+SSD+%28Black%29,https://www.bing.com/images/search?q=Samsung+T7+Shield+1TB+Portable+SSD+%28Black%29
810,ACCESSORIES,Samsung,T9 2TB Portable SSD (USB 3.2 Gen 2x2 20Gbps),https://www.google.com/search?tbm=isch&q=Samsung+T9+2TB+Portable+SSD+%28USB+3.2+Gen+2x2+20Gbps%29,https://www.bing.com/images/search?q=Samsung+T9+2TB+Portable+SSD+%28USB+3.2+Gen+2x2+20Gbps%29
811,ACCESSORIES,Samsung,45W Super Fast Charging 2.0 Power Adapter with 5A Cable (Desktop Organizer Edition),https://www.google.com/search?tbm=isch&q=Samsung+45W+Super+Fast+Charging+2.0+Power+Adapter+with+5A+Cable+%28Desktop+Organizer+Edition%29,https://www.bing.com/images/search?q=Samsung+45W+Super+Fast+Charging+2.0+Power+Adapter+with+5A+Cable+%28Desktop+Organizer+Edition%29
812,ACCESSORIES,Samsung,T7 Shield 2TB Portable SSD (IP65 Rugged Rubber) (Dual-Pack Value Set),https://www.google.com/search?tbm=isch&q=Samsung+T7+Shield+2TB+Portable+SSD+%28IP65+Rugged+Rubber%29+%28Dual-Pack+Value+Set%29,https://www.bing.com/images/search?q=Samsung+T7+Shield+2TB+Portable+SSD+%28IP65+Rugged+Rubber%29+%28Dual-Pack+Value+Set%29
813,ACCESSORIES,Samsung,T7 Shield 1TB Portable SSD (Black) (Titanium Edition),https://www.google.com/search?tbm=isch&q=Samsung+T7+Shield+1TB+Portable+SSD+%28Black%29+%28Titanium+Edition%29,https://www.bing.com/images/search?q=Samsung+T7+Shield+1TB+Portable+SSD+%28Black%29+%28Titanium+Edition%29
814,ACCESSORIES,Samsung,T9 2TB Portable SSD (USB 3.2 Gen 2x2 20Gbps) (Braided 2m Cable Bundle),https://www.google.com/search?tbm=isch&q=Samsung+T9+2TB+Portable+SSD+%28USB+3.2+Gen+2x2+20Gbps%29+%28Braided+2m+Cable+Bundle%29,https://www.bing.com/images/search?q=Samsung+T9+2TB+Portable+SSD+%28USB+3.2+Gen+2x2+20Gbps%29+%28Braided+2m+Cable+Bundle%29
815,ACCESSORIES,Samsung,45W Super Fast Charging 2.0 Power Adapter with 5A Cable (Braided 2m Cable Bundle),https://www.google.com/search?tbm=isch&q=Samsung+45W+Super+Fast+Charging+2.0+Power+Adapter+with+5A+Cable+%28Braided+2m+Cable+Bundle%29,https://www.bing.com/images/search?q=Samsung+45W+Super+Fast+Charging+2.0+Power+Adapter+with+5A+Cable+%28Braided+2m+Cable+Bundle%29
816,ACCESSORIES,Samsung,T7 Shield 2TB Portable SSD (IP65 Rugged Rubber) (Heavy-Duty Travel Case Edition),https://www.google.com/search?tbm=isch&q=Samsung+T7+Shield+2TB+Portable+SSD+%28IP65+Rugged+Rubber%29+%28Heavy-Duty+Travel+Case+Edition%29,https://www.bing.com/images/search?q=Samsung+T7+Shield+2TB+Portable+SSD+%28IP65+Rugged+Rubber%29+%28Heavy-Duty+Travel+Case+Edition%29
817,ACCESSORIES,Samsung,T7 Shield 1TB Portable SSD (Black) (Desktop Organizer Edition),https://www.google.com/search?tbm=isch&q=Samsung+T7+Shield+1TB+Portable+SSD+%28Black%29+%28Desktop+Organizer+Edition%29,https://www.bing.com/images/search?q=Samsung+T7+Shield+1TB+Portable+SSD+%28Black%29+%28Desktop+Organizer+Edition%29
818,ACCESSORIES,Samsung,T9 2TB Portable SSD (USB 3.2 Gen 2x2 20Gbps) (Dual-Pack Value Set),https://www.google.com/search?tbm=isch&q=Samsung+T9+2TB+Portable+SSD+%28USB+3.2+Gen+2x2+20Gbps%29+%28Dual-Pack+Value+Set%29,https://www.bing.com/images/search?q=Samsung+T9+2TB+Portable+SSD+%28USB+3.2+Gen+2x2+20Gbps%29+%28Dual-Pack+Value+Set%29
819,ACCESSORIES,Samsung,45W Super Fast Charging 2.0 Power Adapter with 5A Cable (Dual-Pack Value Set),https://www.google.com/search?tbm=isch&q=Samsung+45W+Super+Fast+Charging+2.0+Power+Adapter+with+5A+Cable+%28Dual-Pack+Value+Set%29,https://www.bing.com/images/search?q=Samsung+45W+Super+Fast+Charging+2.0+Power+Adapter+with+5A+Cable+%28Dual-Pack+Value+Set%29
820,ACCESSORIES,Samsung,T7 Shield 2TB Portable SSD (IP65 Rugged Rubber) (Titanium Edition),https://www.google.com/search?tbm=isch&q=Samsung+T7+Shield+2TB+Portable+SSD+%28IP65+Rugged+Rubber%29+%28Titanium+Edition%29,https://www.bing.com/images/search?q=Samsung+T7+Shield+2TB+Portable+SSD+%28IP65+Rugged+Rubber%29+%28Titanium+Edition%29
821,ACCESSORIES,Samsung,T7 Shield 1TB Portable SSD (Black) (Braided 2m Cable Bundle),https://www.google.com/search?tbm=isch&q=Samsung+T7+Shield+1TB+Portable+SSD+%28Black%29+%28Braided+2m+Cable+Bundle%29,https://www.bing.com/images/search?q=Samsung+T7+Shield+1TB+Portable+SSD+%28Black%29+%28Braided+2m+Cable+Bundle%29
822,ACCESSORIES,Samsung,T9 2TB Portable SSD (USB 3.2 Gen 2x2 20Gbps) (Heavy-Duty Travel Case Edition),https://www.google.com/search?tbm=isch&q=Samsung+T9+2TB+Portable+SSD+%28USB+3.2+Gen+2x2+20Gbps%29+%28Heavy-Duty+Travel+Case+Edition%29,https://www.bing.com/images/search?q=Samsung+T9+2TB+Portable+SSD+%28USB+3.2+Gen+2x2+20Gbps%29+%28Heavy-Duty+Travel+Case+Edition%29
823,ACCESSORIES,Samsung,45W Super Fast Charging 2.0 Power Adapter with 5A Cable (Heavy-Duty Travel Case Edition),https://www.google.com/search?tbm=isch&q=Samsung+45W+Super+Fast+Charging+2.0+Power+Adapter+with+5A+Cable+%28Heavy-Duty+Travel+Case+Edition%29,https://www.bing.com/images/search?q=Samsung+45W+Super+Fast+Charging+2.0+Power+Adapter+with+5A+Cable+%28Heavy-Duty+Travel+Case+Edition%29
824,ACCESSORIES,Samsung,T7 Shield 2TB Portable SSD (IP65 Rugged Rubber) (Desktop Organizer Edition),https://www.google.com/search?tbm=isch&q=Samsung+T7+Shield+2TB+Portable+SSD+%28IP65+Rugged+Rubber%29+%28Desktop+Organizer+Edition%29,https://www.bing.com/images/search?q=Samsung+T7+Shield+2TB+Portable+SSD+%28IP65+Rugged+Rubber%29+%28Desktop+Organizer+Edition%29
825,ACCESSORIES,Samsung,T7 Shield 1TB Portable SSD (Black) (Dual-Pack Value Set),https://www.google.com/search?tbm=isch&q=Samsung+T7+Shield+1TB+Portable+SSD+%28Black%29+%28Dual-Pack+Value+Set%29,https://www.bing.com/images/search?q=Samsung+T7+Shield+1TB+Portable+SSD+%28Black%29+%28Dual-Pack+Value+Set%29
826,ACCESSORIES,Samsung,T9 2TB Portable SSD (USB 3.2 Gen 2x2 20Gbps) (Titanium Edition),https://www.google.com/search?tbm=isch&q=Samsung+T9+2TB+Portable+SSD+%28USB+3.2+Gen+2x2+20Gbps%29+%28Titanium+Edition%29,https://www.bing.com/images/search?q=Samsung+T9+2TB+Portable+SSD+%28USB+3.2+Gen+2x2+20Gbps%29+%28Titanium+Edition%29
827,ACCESSORIES,SanDisk,Extreme Portable SSD 1TB (Up to 1050MB/s),https://www.google.com/search?tbm=isch&q=SanDisk+Extreme+Portable+SSD+1TB+%28Up+to+1050MB%2Fs%29,https://www.bing.com/images/search?q=SanDisk+Extreme+Portable+SSD+1TB+%28Up+to+1050MB%2Fs%29
828,ACCESSORIES,SanDisk,Extreme PRO Portable SSD 2TB (2000MB/s),https://www.google.com/search?tbm=isch&q=SanDisk+Extreme+PRO+Portable+SSD+2TB+%282000MB%2Fs%29,https://www.bing.com/images/search?q=SanDisk+Extreme+PRO+Portable+SSD+2TB+%282000MB%2Fs%29
829,ACCESSORIES,SanDisk,Extreme Portable SSD 1TB (Up to 1050MB/s) (Heavy-Duty Travel Case Edition),https://www.google.com/search?tbm=isch&q=SanDisk+Extreme+Portable+SSD+1TB+%28Up+to+1050MB%2Fs%29+%28Heavy-Duty+Travel+Case+Edition%29,https://www.bing.com/images/search?q=SanDisk+Extreme+Portable+SSD+1TB+%28Up+to+1050MB%2Fs%29+%28Heavy-Duty+Travel+Case+Edition%29
830,ACCESSORIES,SanDisk,Extreme PRO Portable SSD 2TB (2000MB/s) (Desktop Organizer Edition),https://www.google.com/search?tbm=isch&q=SanDisk+Extreme+PRO+Portable+SSD+2TB+%282000MB%2Fs%29+%28Desktop+Organizer+Edition%29,https://www.bing.com/images/search?q=SanDisk+Extreme+PRO+Portable+SSD+2TB+%282000MB%2Fs%29+%28Desktop+Organizer+Edition%29
831,ACCESSORIES,SanDisk,Extreme Portable SSD 1TB (Up to 1050MB/s) (Titanium Edition),https://www.google.com/search?tbm=isch&q=SanDisk+Extreme+Portable+SSD+1TB+%28Up+to+1050MB%2Fs%29+%28Titanium+Edition%29,https://www.bing.com/images/search?q=SanDisk+Extreme+Portable+SSD+1TB+%28Up+to+1050MB%2Fs%29+%28Titanium+Edition%29
832,ACCESSORIES,SanDisk,Extreme PRO Portable SSD 2TB (2000MB/s) (Braided 2m Cable Bundle),https://www.google.com/search?tbm=isch&q=SanDisk+Extreme+PRO+Portable+SSD+2TB+%282000MB%2Fs%29+%28Braided+2m+Cable+Bundle%29,https://www.bing.com/images/search?q=SanDisk+Extreme+PRO+Portable+SSD+2TB+%282000MB%2Fs%29+%28Braided+2m+Cable+Bundle%29
833,ACCESSORIES,SanDisk,Extreme Portable SSD 1TB (Up to 1050MB/s) (Desktop Organizer Edition),https://www.google.com/search?tbm=isch&q=SanDisk+Extreme+Portable+SSD+1TB+%28Up+to+1050MB%2Fs%29+%28Desktop+Organizer+Edition%29,https://www.bing.com/images/search?q=SanDisk+Extreme+Portable+SSD+1TB+%28Up+to+1050MB%2Fs%29+%28Desktop+Organizer+Edition%29
834,ACCESSORIES,SanDisk,Extreme PRO Portable SSD 2TB (2000MB/s) (Dual-Pack Value Set),https://www.google.com/search?tbm=isch&q=SanDisk+Extreme+PRO+Portable+SSD+2TB+%282000MB%2Fs%29+%28Dual-Pack+Value+Set%29,https://www.bing.com/images/search?q=SanDisk+Extreme+PRO+Portable+SSD+2TB+%282000MB%2Fs%29+%28Dual-Pack+Value+Set%29
835,ACCESSORIES,SanDisk,Extreme Portable SSD 1TB (Up to 1050MB/s) (Braided 2m Cable Bundle),https://www.google.com/search?tbm=isch&q=SanDisk+Extreme+Portable+SSD+1TB+%28Up+to+1050MB%2Fs%29+%28Braided+2m+Cable+Bundle%29,https://www.bing.com/images/search?q=SanDisk+Extreme+Portable+SSD+1TB+%28Up+to+1050MB%2Fs%29+%28Braided+2m+Cable+Bundle%29
836,ACCESSORIES,SanDisk,Extreme PRO Portable SSD 2TB (2000MB/s) (Heavy-Duty Travel Case Edition),https://www.google.com/search?tbm=isch&q=SanDisk+Extreme+PRO+Portable+SSD+2TB+%282000MB%2Fs%29+%28Heavy-Duty+Travel+Case+Edition%29,https://www.bing.com/images/search?q=SanDisk+Extreme+PRO+Portable+SSD+2TB+%282000MB%2Fs%29+%28Heavy-Duty+Travel+Case+Edition%29
837,ACCESSORIES,WD_BLACK,SN850X 2TB NVMe Internal SSD with Heatsink for PS5 & PC,https://www.google.com/search?tbm=isch&q=WD_BLACK+SN850X+2TB+NVMe+Internal+SSD+with+Heatsink+for+PS5+%26+PC,https://www.bing.com/images/search?q=WD_BLACK+SN850X+2TB+NVMe+Internal+SSD+with+Heatsink+for+PS5+%26+PC
838,ACCESSORIES,WD_BLACK,SN850X 2TB NVMe Internal SSD with Heatsink for PS5 & PC (Titanium Edition),https://www.google.com/search?tbm=isch&q=WD_BLACK+SN850X+2TB+NVMe+Internal+SSD+with+Heatsink+for+PS5+%26+PC+%28Titanium+Edition%29,https://www.bing.com/images/search?q=WD_BLACK+SN850X+2TB+NVMe+Internal+SSD+with+Heatsink+for+PS5+%26+PC+%28Titanium+Edition%29
839,ACCESSORIES,WD_BLACK,SN850X 2TB NVMe Internal SSD with Heatsink for PS5 & PC (Desktop Organizer Edition),https://www.google.com/search?tbm=isch&q=WD_BLACK+SN850X+2TB+NVMe+Internal+SSD+with+Heatsink+for+PS5+%26+PC+%28Desktop+Organizer+Edition%29,https://www.bing.com/images/search?q=WD_BLACK+SN850X+2TB+NVMe+Internal+SSD+with+Heatsink+for+PS5+%26+PC+%28Desktop+Organizer+Edition%29
840,ACCESSORIES,WD_BLACK,SN850X 2TB NVMe Internal SSD with Heatsink for PS5 & PC (Braided 2m Cable Bundle),https://www.google.com/search?tbm=isch&q=WD_BLACK+SN850X+2TB+NVMe+Internal+SSD+with+Heatsink+for+PS5+%26+PC+%28Braided+2m+Cable+Bundle%29,https://www.bing.com/images/search?q=WD_BLACK+SN850X+2TB+NVMe+Internal+SSD+with+Heatsink+for+PS5+%26+PC+%28Braided+2m+Cable+Bundle%29
