id,category,brand,product,query,image_file,status
1,Smartphones,Apple,iPhone 16 Pro Max 256GB,Apple iPhone 16 Pro Max 256GB,Smartphones\001_Apple_iPhone_16_Pro_Max_256GB.jpg,downloaded
2,Smartphones,Apple,iPhone 16 Pro Max 512GB,Apple iPhone 16 Pro Max 512GB,Smartphones\002_Apple_iPhone_16_Pro_Max_512GB.jpg,downloaded
3,Smartphones,Apple,iPhone 16 Pro Max 1TB,Apple iPhone 16 Pro Max 1TB,Smartphones\003_Apple_iPhone_16_Pro_Max_1TB.jpg,downloaded
4,Smartphones,Apple,iPhone 16 Pro 128GB,Apple iPhone 16 Pro 128GB,Smartphones\004_Apple_iPhone_16_Pro_128GB.jpg,downloaded
5,Smartphones,Apple,iPhone 16 Pro 256GB,Apple iPhone 16 Pro 256GB,Smartphones\005_Apple_iPhone_16_Pro_256GB.jpg,downloaded
6,Smartphones,Apple,iPhone 16 Pro 512GB,Apple iPhone 16 Pro 512GB,Smartphones\006_Apple_iPhone_16_Pro_512GB.jpg,downloaded
7,Smartphones,Apple,iPhone 16 Plus 128GB,Apple iPhone 16 Plus 128GB,Smartphones\007_Apple_iPhone_16_Plus_128GB.jpg,downloaded
8,Smartphones,Apple,iPhone 16 Plus 256GB,Apple iPhone 16 Plus 256GB,Smartphones\008_Apple_iPhone_16_Plus_256GB.jpg,downloaded
9,Smartphones,Apple,iPhone 16 128GB,Apple iPhone 16 128GB,Smartphones\009_Apple_iPhone_16_128GB.jpg,downloaded
10,Smartphones,Apple,iPhone 16 256GB,Apple iPhone 16 256GB,Smartphones\010_Apple_iPhone_16_256GB.jpg,downloaded
11,Smartphones,Apple,iPhone 15 Pro Max 256GB,Apple iPhone 15 Pro Max 256GB,Smartphones\011_Apple_iPhone_15_Pro_Max_256GB.jpg,downloaded
12,Smartphones,Apple,iPhone 15 Pro 128GB,Apple iPhone 15 Pro 128GB,Smartphones\012_Apple_iPhone_15_Pro_128GB.jpg,downloaded
13,Smartphones,Apple,iPhone 15 128GB,Apple iPhone 15 128GB,Smartphones\013_Apple_iPhone_15_128GB.jpg,downloaded
14,Smartphones,Apple,iPhone 15 256GB,Apple iPhone 15 256GB,Smartphones\014_Apple_iPhone_15_256GB.jpg,downloaded
15,Smartphones,Apple,iPhone 15 Plus 128GB,Apple iPhone 15 Plus 128GB,Smartphones\015_Apple_iPhone_15_Plus_128GB.jpg,downloaded
16,Smartphones,Apple,iPhone 14 128GB,Apple iPhone 14 128GB,Smartphones\016_Apple_iPhone_14_128GB.jpg,downloaded
17,Smartphones,Apple,iPhone 13 128GB,Apple iPhone 13 128GB,Smartphones\017_Apple_iPhone_13_128GB.jpg,downloaded
18,Smartphones,Apple,iPhone SE (3rd Gen) 64GB,Apple iPhone SE (3rd Gen) 64GB,Smartphones\018_Apple_iPhone_SE_(3rd_Gen)_64GB.jpg,downloaded
19,Smartphones,CMF by Nothing,CMF Phone 1 (6GB/128GB),CMF by Nothing CMF Phone 1 (6GB/128GB),,not_found
20,Smartphones,Google,Pixel 9 Pro XL (16GB/128GB),Google Pixel 9 Pro XL (16GB/128GB),Smartphones\020_Google_Pixel_9_Pro_XL_(16GB128GB).jpg,downloaded
21,Smartphones,Google,Pixel 9 Pro XL (16GB/256GB),Google Pixel 9 Pro XL (16GB/256GB),Smartphones\021_Google_Pixel_9_Pro_XL_(16GB256GB).jpg,downloaded
22,Smartphones,Google,Pixel 9 Pro (16GB/128GB),Google Pixel 9 Pro (16GB/128GB),Smartphones\022_Google_Pixel_9_Pro_(16GB128GB).jpg,downloaded
23,Smartphones,Google,Pixel 9 (12GB/128GB),Google Pixel 9 (12GB/128GB),Smartphones\023_Google_Pixel_9_(12GB128GB).jpg,downloaded
24,Smartphones,Google,Pixel 8 Pro (12GB/128GB),Google Pixel 8 Pro (12GB/128GB),Smartphones\024_Google_Pixel_8_Pro_(12GB128GB).jpg,downloaded
25,Smartphones,Google,Pixel 8 (8GB/128GB),Google Pixel 8 (8GB/128GB),Smartphones\025_Google_Pixel_8_(8GB128GB).jpg,downloaded
26,Smartphones,Google,Pixel 8a (8GB/128GB),Google Pixel 8a (8GB/128GB),Smartphones\026_Google_Pixel_8a_(8GB128GB).jpg,downloaded
27,Smartphones,Google,Pixel 7a (8GB/128GB),Google Pixel 7a (8GB/128GB),Smartphones\027_Google_Pixel_7a_(8GB128GB).jpg,downloaded
28,Smartphones,iQOO,iQOO 12 5G (12GB/256GB),iQOO iQOO 12 5G (12GB/256GB),,not_found
29,Smartphones,iQOO,iQOO 12 5G (16GB/512GB),iQOO iQOO 12 5G (16GB/512GB),,not_found
30,Smartphones,iQOO,iQOO Neo 9 Pro 5G (8GB/128GB),iQOO iQOO Neo 9 Pro 5G (8GB/128GB),,not_found
31,Smartphones,iQOO,iQOO Neo 9 Pro 5G (12GB/256GB),iQOO iQOO Neo 9 Pro 5G (12GB/256GB),,not_found
32,Smartphones,iQOO,iQOO Z9 5G (8GB/128GB),iQOO iQOO Z9 5G (8GB/128GB),,not_found
33,Smartphones,Motorola,Edge 50 Ultra 5G (16GB/512GB),Motorola Edge 50 Ultra 5G (16GB/512GB),,not_found
34,Smartphones,Motorola,Edge 50 Pro 5G (12GB/256GB),Motorola Edge 50 Pro 5G (12GB/256GB),,not_found
35,Smartphones,Motorola,Edge 50 Fusion 5G (8GB/128GB),Motorola Edge 50 Fusion 5G (8GB/128GB),,not_found
36,Smartphones,Motorola,Edge 50 Fusion 5G (12GB/256GB),Motorola Edge 50 Fusion 5G (12GB/256GB),,not_found
37,Smartphones,Motorola,Razr 50 Ultra 5G (12GB/512GB),Motorola Razr 50 Ultra 5G (12GB/512GB),,not_found
38,Smartphones,Motorola,Moto G85 5G (8GB/128GB),Motorola Moto G85 5G (8GB/128GB),,not_found
39,Smartphones,Motorola,Moto G85 5G (12GB/256GB),Motorola Moto G85 5G (12GB/256GB),,not_found
40,Smartphones,Motorola,Moto G64 5G (8GB/128GB),Motorola Moto G64 5G (8GB/128GB),,not_found
41,Smartphones,Motorola,Moto G45 5G (8GB/128GB),Motorola Moto G45 5G (8GB/128GB),,not_found
42,Smartphones,Nothing,Nothing Phone (2) (12GB/256GB),Nothing Nothing Phone (2) (12GB/256GB),Smartphones\042_Nothing_Nothing_Phone_(2)_(12GB256GB).jpg,downloaded
43,Smartphones,Nothing,Nothing Phone (2) (12GB/512GB),Nothing Nothing Phone (2) (12GB/512GB),Smartphones\043_Nothing_Nothing_Phone_(2)_(12GB512GB).jpg,downloaded
44,Smartphones,Nothing,Nothing Phone (2a) (8GB/128GB),Nothing Nothing Phone (2a) (8GB/128GB),Smartphones\044_Nothing_Nothing_Phone_(2a)_(8GB128GB).jpg,downloaded
45,Smartphones,Nothing,Nothing Phone (2a) (8GB/256GB),Nothing Nothing Phone (2a) (8GB/256GB),Smartphones\045_Nothing_Nothing_Phone_(2a)_(8GB256GB).jpg,downloaded
46,Smartphones,Nothing,Nothing Phone (2a) Plus (8GB/256GB),Nothing Nothing Phone (2a) Plus (8GB/256GB),Smartphones\046_Nothing_Nothing_Phone_(2a)_Plus_(8GB256GB).jpg,downloaded
47,Smartphones,OnePlus,OnePlus 12 5G (12GB/256GB),OnePlus OnePlus 12 5G (12GB/256GB),Smartphones\047_OnePlus_OnePlus_12_5G_(12GB256GB).jpg,downloaded
48,Smartphones,OnePlus,OnePlus 12 5G (16GB/512GB),OnePlus OnePlus 12 5G (16GB/512GB),Smartphones\048_OnePlus_OnePlus_12_5G_(16GB512GB).jpg,downloaded
49,Smartphones,OnePlus,OnePlus Open 5G (16GB/512GB),OnePlus OnePlus Open 5G (16GB/512GB),Smartphones\049_OnePlus_OnePlus_Open_5G_(16GB512GB).jpg,downloaded
50,Smartphones,OnePlus,OnePlus 12R 5G (8GB/128GB),OnePlus OnePlus 12R 5G (8GB/128GB),Smartphones\050_OnePlus_OnePlus_12R_5G_(8GB128GB).jpg,downloaded
51,Smartphones,OnePlus,OnePlus 12R 5G (16GB/256GB),OnePlus OnePlus 12R 5G (16GB/256GB),Smartphones\051_OnePlus_OnePlus_12R_5G_(16GB256GB).jpg,downloaded
52,Smartphones,OnePlus,OnePlus 11 5G (16GB/256GB),OnePlus OnePlus 11 5G (16GB/256GB),Smartphones\052_OnePlus_OnePlus_11_5G_(16GB256GB).jpg,downloaded
53,Smartphones,OnePlus,OnePlus Nord 4 5G (8GB/128GB),OnePlus OnePlus Nord 4 5G (8GB/128GB),Smartphones\053_OnePlus_OnePlus_Nord_4_5G_(8GB128GB).jpg,downloaded
54,Smartphones,OnePlus,OnePlus Nord 4 5G (12GB/256GB),OnePlus OnePlus Nord 4 5G (12GB/256GB),Smartphones\054_OnePlus_OnePlus_Nord_4_5G_(12GB256GB).jpg,downloaded
55,Smartphones,OnePlus,OnePlus Nord CE 4 5G (8GB/128GB),OnePlus OnePlus Nord CE 4 5G (8GB/128GB),Smartphones\055_OnePlus_OnePlus_Nord_CE_4_5G_(8GB128GB).jpg,downloaded
56,Smartphones,OnePlus,OnePlus Nord CE 4 5G (8GB/256GB),OnePlus OnePlus Nord CE 4 5G (8GB/256GB),Smartphones\056_OnePlus_OnePlus_Nord_CE_4_5G_(8GB256GB).jpg,downloaded
57,Smartphones,OnePlus,OnePlus Nord CE 4 Lite 5G (8GB/128GB),OnePlus OnePlus Nord CE 4 Lite 5G (8GB/128GB),Smartphones\057_OnePlus_OnePlus_Nord_CE_4_Lite_5G_(8GB128GB).jpg,downloaded
58,Smartphones,OnePlus,OnePlus 10 Pro 5G (12GB/256GB),OnePlus OnePlus 10 Pro 5G (12GB/256GB),Smartphones\058_OnePlus_OnePlus_10_Pro_5G_(12GB256GB).jpg,downloaded
59,Smartphones,Realme,Realme GT 6 5G (8GB/256GB),Realme Realme GT 6 5G (8GB/256GB),Smartphones\059_Realme_Realme_GT_6_5G_(8GB256GB).jpg,downloaded
60,Smartphones,Realme,Realme GT 6 5G (16GB/512GB),Realme Realme GT 6 5G (16GB/512GB),Smartphones\060_Realme_Realme_GT_6_5G_(16GB512GB).jpg,downloaded
61,Smartphones,Realme,Realme GT 6T 5G (8GB/128GB),Realme Realme GT 6T 5G (8GB/128GB),Smartphones\061_Realme_Realme_GT_6T_5G_(8GB128GB).jpg,downloaded
62,Smartphones,Realme,Realme 12 Pro+ 5G (8GB/128GB),Realme Realme 12 Pro+ 5G (8GB/128GB),Smartphones\062_Realme_Realme_12_Pro+_5G_(8GB128GB).jpg,downloaded
63,Smartphones,Realme,Realme 12 Pro+ 5G (12GB/256GB),Realme Realme 12 Pro+ 5G (12GB/256GB),Smartphones\063_Realme_Realme_12_Pro+_5G_(12GB256GB).jpg,downloaded
64,Smartphones,Realme,Realme 12 Pro 5G (8GB/128GB),Realme Realme 12 Pro 5G (8GB/128GB),Smartphones\064_Realme_Realme_12_Pro_5G_(8GB128GB).jpg,downloaded
65,Smartphones,Realme,Realme 13 Pro+ 5G (8GB/256GB),Realme Realme 13 Pro+ 5G (8GB/256GB),Smartphones\065_Realme_Realme_13_Pro+_5G_(8GB256GB).jpg,downloaded
66,Smartphones,Realme,Realme Narzo 70 Pro 5G (8GB/128GB),Realme Realme Narzo 70 Pro 5G (8GB/128GB),Smartphones\066_Realme_Realme_Narzo_70_Pro_5G_(8GB128GB).jpg,downloaded
67,Smartphones,Realme,Realme Narzo 70x 5G (6GB/128GB),Realme Realme Narzo 70x 5G (6GB/128GB),Smartphones\067_Realme_Realme_Narzo_70x_5G_(6GB128GB).jpg,downloaded
68,Smartphones,Realme,Realme C65 5G (6GB/128GB),Realme Realme C65 5G (6GB/128GB),Smartphones\068_Realme_Realme_C65_5G_(6GB128GB).jpg,downloaded
69,Smartphones,Samsung,Galaxy S24 Ultra 5G (12GB/256GB),Samsung Galaxy S24 Ultra 5G (12GB/256GB),,not_found
70,Smartphones,Samsung,Galaxy S24 Ultra 5G (12GB/512GB),Samsung Galaxy S24 Ultra 5G (12GB/512GB),,not_found
71,Smartphones,Samsung,Galaxy S24 Ultra 5G (12GB/1TB),Samsung Galaxy S24 Ultra 5G (12GB/1TB),,not_found
72,Smartphones,Samsung,Galaxy S24+ 5G (12GB/256GB),Samsung Galaxy S24+ 5G (12GB/256GB),,not_found
73,Smartphones,Samsung,Galaxy S24 5G (8GB/128GB),Samsung Galaxy S24 5G (8GB/128GB),,not_found
74,Smartphones,Samsung,Galaxy S24 5G (8GB/256GB),Samsung Galaxy S24 5G (8GB/256GB),,not_found
75,Smartphones,Samsung,Galaxy Z Fold 6 5G (12GB/256GB),Samsung Galaxy Z Fold 6 5G (12GB/256GB),,not_found
76,Smartphones,Samsung,Galaxy Z Fold 6 5G (12GB/512GB),Samsung Galaxy Z Fold 6 5G (12GB/512GB),,not_found
77,Smartphones,Samsung,Galaxy Z Flip 6 5G (12GB/256GB),Samsung Galaxy Z Flip 6 5G (12GB/256GB),,not_found
78,Smartphones,Samsung,Galaxy S23 Ultra 5G (12GB/256GB),Samsung Galaxy S23 Ultra 5G (12GB/256GB),,not_found
79,Smartphones,Samsung,Galaxy S23 FE 5G (8GB/128GB),Samsung Galaxy S23 FE 5G (8GB/128GB),,not_found
80,Smartphones,Samsung,Galaxy A55 5G (8GB/128GB),Samsung Galaxy A55 5G (8GB/128GB),,not_found
81,Smartphones,Samsung,Galaxy A55 5G (12GB/256GB),Samsung Galaxy A55 5G (12GB/256GB),,not_found
82,Smartphones,Samsung,Galaxy A35 5G (8GB/128GB),Samsung Galaxy A35 5G (8GB/128GB),,not_found
83,Smartphones,Samsung,Galaxy M55 5G (8GB/128GB),Samsung Galaxy M55 5G (8GB/128GB),,not_found
84,Smartphones,Samsung,Galaxy M35 5G (6GB/128GB),Samsung Galaxy M35 5G (6GB/128GB),,not_found
85,Smartphones,Samsung,Galaxy M15 5G (6GB/128GB),Samsung Galaxy M15 5G (6GB/128GB),,not_found
86,Smartphones,Samsung,Galaxy F55 5G (8GB/256GB),Samsung Galaxy F55 5G (8GB/256GB),,not_found
87,Smartphones,Samsung,Galaxy F15 5G (6GB/128GB),Samsung Galaxy F15 5G (6GB/128GB),,not_found
88,Smartphones,Samsung,Galaxy A15 5G (8GB/128GB),Samsung Galaxy A15 5G (8GB/128GB),,not_found
89,Smartphones,Vivo,Vivo X100 Pro 5G (16GB/512GB),Vivo Vivo X100 Pro 5G (16GB/512GB),,not_found
90,Smartphones,Vivo,Vivo X100 5G (12GB/256GB),Vivo Vivo X100 5G (12GB/256GB),,not_found
91,Smartphones,Vivo,Vivo V30 Pro 5G (12GB/512GB),Vivo Vivo V30 Pro 5G (12GB/512GB),,not_found
92,Smartphones,Vivo,Vivo V40 Pro 5G (8GB/256GB),Vivo Vivo V40 Pro 5G (8GB/256GB),,not_found
93,Smartphones,Vivo,Vivo T3 5G (8GB/128GB),Vivo Vivo T3 5G (8GB/128GB),,not_found
94,Smartphones,Xiaomi,Xiaomi 14 Ultra 5G (16GB/512GB),Xiaomi Xiaomi 14 Ultra 5G (16GB/512GB),,not_found
95,Smartphones,Xiaomi,Xiaomi 14 5G (12GB/512GB),Xiaomi Xiaomi 14 5G (12GB/512GB),,not_found
96,Smartphones,Xiaomi,Xiaomi 13 Pro 5G (12GB/256GB),Xiaomi Xiaomi 13 Pro 5G (12GB/256GB),,not_found
97,Smartphones,Xiaomi,Redmi Note 13 Pro+ 5G (12GB/512GB),Xiaomi Redmi Note 13 Pro+ 5G (12GB/512GB),,not_found
98,Smartphones,Xiaomi,Redmi Note 13 Pro+ 5G (8GB/256GB),Xiaomi Redmi Note 13 Pro+ 5G (8GB/256GB),,not_found
99,Smartphones,Xiaomi,Redmi Note 13 Pro 5G (8GB/128GB),Xiaomi Redmi Note 13 Pro 5G (8GB/128GB),,not_found
100,Smartphones,Xiaomi,Redmi Note 13 5G (6GB/128GB),Xiaomi Redmi Note 13 5G (6GB/128GB),,not_found
101,Smartphones,Xiaomi,Redmi 13C 5G (4GB/128GB),Xiaomi Redmi 13C 5G (4GB/128GB),,not_found
102,Smartphones,Xiaomi,Redmi 13C 5G (8GB/256GB),Xiaomi Redmi 13C 5G (8GB/256GB),,not_found
103,Smartphones,Xiaomi,Redmi 12 5G (6GB/128GB),Xiaomi Redmi 12 5G (6GB/128GB),,not_found
104,Smartphones,Xiaomi,Xiaomi 14 Civi (8GB/256GB),Xiaomi Xiaomi 14 Civi (8GB/256GB),,not_found
105,Smartphones,Xiaomi,Xiaomi 14 Civi (12GB/512GB),Xiaomi Xiaomi 14 Civi (12GB/512GB),,not_found
106,Laptops,Acer,"Predator Helios 16 (Intel Core i9 14900HX, RTX 4080 12GB, 32GB RAM, 1TB SSD)","Acer Predator Helios 16 (Intel Core i9 14900HX, RTX 4080 12GB, 32GB RAM, 1TB SSD)",,not_found
107,Laptops,Acer,"Nitro 16 (AMD Ryzen 7 7840HS, RTX 4060 8GB, 16GB RAM, 512GB SSD)","Acer Nitro 16 (AMD Ryzen 7 7840HS, RTX 4060 8GB, 16GB RAM, 512GB SSD)",,not_found
108,Laptops,Acer,"Nitro V 15 (Intel Core i5 13420H, RTX 4050 6GB, 16GB RAM, 512GB SSD)","Acer Nitro V 15 (Intel Core i5 13420H, RTX 4050 6GB, 16GB RAM, 512GB SSD)",,not_found
109,Laptops,Acer,"Swift Go 14 (Intel Core Ultra 5 125H, 16GB RAM, 512GB SSD)","Acer Swift Go 14 (Intel Core Ultra 5 125H, 16GB RAM, 512GB SSD)",,not_found
110,Laptops,Apple,"MacBook Pro 16 M3 Max (36GB RAM, 1TB SSD)","Apple MacBook Pro 16 M3 Max (36GB RAM, 1TB SSD)","Laptops\110_Apple_MacBook_Pro_16_M3_Max_(36GB_RAM,_1TB_SSD).jpg",downloaded
111,Laptops,Apple,"MacBook Pro 16 M3 Max (48GB RAM, 1TB SSD)","Apple MacBook Pro 16 M3 Max (48GB RAM, 1TB SSD)","Laptops\111_Apple_MacBook_Pro_16_M3_Max_(48GB_RAM,_1TB_SSD).jpg",downloaded
112,Laptops,Apple,"MacBook Pro 16 M3 Pro (18GB RAM, 512GB SSD)","Apple MacBook Pro 16 M3 Pro (18GB RAM, 512GB SSD)","Laptops\112_Apple_MacBook_Pro_16_M3_Pro_(18GB_RAM,_512GB_SSD).jpg",downloaded
113,Laptops,Apple,"MacBook Pro 16 M3 Pro (36GB RAM, 512GB SSD)","Apple MacBook Pro 16 M3 Pro (36GB RAM, 512GB SSD)","Laptops\113_Apple_MacBook_Pro_16_M3_Pro_(36GB_RAM,_512GB_SSD).jpg",downloaded
114,Laptops,Apple,"MacBook Pro 14 M3 Pro (18GB RAM, 512GB SSD)","Apple MacBook Pro 14 M3 Pro (18GB RAM, 512GB SSD)","Laptops\114_Apple_MacBook_Pro_14_M3_Pro_(18GB_RAM,_512GB_SSD).jpg",downloaded
115,Laptops,Apple,"MacBook Pro 14 M3 Pro (18GB RAM, 1TB SSD)","Apple MacBook Pro 14 M3 Pro (18GB RAM, 1TB SSD)","Laptops\115_Apple_MacBook_Pro_14_M3_Pro_(18GB_RAM,_1TB_SSD).jpg",downloaded
116,Laptops,Apple,"MacBook Pro 14 M3 Max (36GB RAM, 1TB SSD)","Apple MacBook Pro 14 M3 Max (36GB RAM, 1TB SSD)","Laptops\116_Apple_MacBook_Pro_14_M3_Max_(36GB_RAM,_1TB_SSD).jpg",downloaded
117,Laptops,Apple,"MacBook Pro 14 M3 (8GB RAM, 512GB SSD)","Apple MacBook Pro 14 M3 (8GB RAM, 512GB SSD)","Laptops\117_Apple_MacBook_Pro_14_M3_(8GB_RAM,_512GB_SSD).jpg",downloaded
118,Laptops,Apple,"MacBook Pro 14 M3 (16GB RAM, 512GB SSD)","Apple MacBook Pro 14 M3 (16GB RAM, 512GB SSD)","Laptops\118_Apple_MacBook_Pro_14_M3_(16GB_RAM,_512GB_SSD).jpg",downloaded
119,Laptops,Apple,"MacBook Air 15 M3 (8GB RAM, 256GB SSD)","Apple MacBook Air 15 M3 (8GB RAM, 256GB SSD)","Laptops\119_Apple_MacBook_Air_15_M3_(8GB_RAM,_256GB_SSD).jpg",downloaded
120,Laptops,Apple,"MacBook Air 15 M3 (16GB RAM, 512GB SSD)","Apple MacBook Air 15 M3 (16GB RAM, 512GB SSD)","Laptops\120_Apple_MacBook_Air_15_M3_(16GB_RAM,_512GB_SSD).jpg",downloaded
121,Laptops,Apple,"MacBook Air 13 M3 (8GB RAM, 256GB SSD)","Apple MacBook Air 13 M3 (8GB RAM, 256GB SSD)","Laptops\121_Apple_MacBook_Air_13_M3_(8GB_RAM,_256GB_SSD).jpg",downloaded
122,Laptops,Apple,"MacBook Air 13 M3 (16GB RAM, 512GB SSD)","Apple MacBook Air 13 M3 (16GB RAM, 512GB SSD)","Laptops\122_Apple_MacBook_Air_13_M3_(16GB_RAM,_512GB_SSD).jpg",downloaded
123,Laptops,Apple,"MacBook Air 13 M2 (8GB RAM, 256GB SSD)","Apple MacBook Air 13 M2 (8GB RAM, 256GB SSD)","Laptops\123_Apple_MacBook_Air_13_M2_(8GB_RAM,_256GB_SSD).jpg",downloaded
124,Laptops,Apple,"MacBook Air 13 M2 (16GB RAM, 256GB SSD)","Apple MacBook Air 13 M2 (16GB RAM, 256GB SSD)","Laptops\124_Apple_MacBook_Air_13_M2_(16GB_RAM,_256GB_SSD).jpg",downloaded
125,Laptops,Apple,"MacBook Air 13 M1 (8GB RAM, 256GB SSD)","Apple MacBook Air 13 M1 (8GB RAM, 256GB SSD)","Laptops\125_Apple_MacBook_Air_13_M1_(8GB_RAM,_256GB_SSD).jpg",downloaded
126,Laptops,Apple,MacBook Pro 16 M3 Max (16GB RAM / 512GB SSD Upgrade),Apple MacBook Pro 16 M3 Max (16GB RAM / 512GB SSD Upgrade),Laptops\126_Apple_MacBook_Pro_16_M3_Max_(16GB_RAM_512GB_SSD_Upgrade).jpg,downloaded
127,Laptops,Apple,MacBook Pro 16 M3 Pro (Creator Edition with Stylus),Apple MacBook Pro 16 M3 Pro (Creator Edition with Stylus),Laptops\127_Apple_MacBook_Pro_16_M3_Pro_(Creator_Edition_with_Stylus).jpg,downloaded
128,Laptops,Apple,MacBook Pro 16 M3 Pro (Pro Workstation Bundle),Apple MacBook Pro 16 M3 Pro (Pro Workstation Bundle),Laptops\128_Apple_MacBook_Pro_16_M3_Pro_(Pro_Workstation_Bundle).jpg,downloaded
129,Laptops,Apple,MacBook Pro 14 M3 Pro (OLED Color-calibrated Edition),Apple MacBook Pro 14 M3 Pro (OLED Color-calibrated Edition),Laptops\129_Apple_MacBook_Pro_14_M3_Pro_(OLED_Color-calibrated_Edition).jpg,downloaded
130,Laptops,Apple,MacBook Pro 14 M3 Pro (32GB RAM / 1TB SSD Edition),Apple MacBook Pro 14 M3 Pro (32GB RAM / 1TB SSD Edition),Laptops\130_Apple_MacBook_Pro_14_M3_Pro_(32GB_RAM_1TB_SSD_Edition).jpg,downloaded
131,Laptops,Apple,MacBook Pro 14 M3 Max (16GB RAM / 512GB SSD Upgrade),Apple MacBook Pro 14 M3 Max (16GB RAM / 512GB SSD Upgrade),Laptops\131_Apple_MacBook_Pro_14_M3_Max_(16GB_RAM_512GB_SSD_Upgrade).jpg,downloaded
132,Laptops,Apple,MacBook Pro 14 M3 (Creator Edition with Stylus),Apple MacBook Pro 14 M3 (Creator Edition with Stylus),Laptops\132_Apple_MacBook_Pro_14_M3_(Creator_Edition_with_Stylus).jpg,downloaded
133,Laptops,Apple,MacBook Pro 14 M3 (Pro Workstation Bundle),Apple MacBook Pro 14 M3 (Pro Workstation Bundle),Laptops\133_Apple_MacBook_Pro_14_M3_(Pro_Workstation_Bundle).jpg,downloaded
134,Laptops,Apple,MacBook Air 15 M3 (OLED Color-calibrated Edition),Apple MacBook Air 15 M3 (OLED Color-calibrated Edition),Laptops\134_Apple_MacBook_Air_15_M3_(OLED_Color-calibrated_Edition).jpg,downloaded
135,Laptops,Apple,MacBook Air 15 M3 (32GB RAM / 1TB SSD Edition),Apple MacBook Air 15 M3 (32GB RAM / 1TB SSD Edition),Laptops\135_Apple_MacBook_Air_15_M3_(32GB_RAM_1TB_SSD_Edition).jpg,downloaded
136,Laptops,Apple,MacBook Air 13 M3 (16GB RAM / 512GB SSD Upgrade),Apple MacBook Air 13 M3 (16GB RAM / 512GB SSD Upgrade),Laptops\136_Apple_MacBook_Air_13_M3_(16GB_RAM_512GB_SSD_Upgrade).jpg,downloaded
137,Laptops,Apple,MacBook Air 13 M3 (Creator Edition with Stylus),Apple MacBook Air 13 M3 (Creator Edition with Stylus),Laptops\137_Apple_MacBook_Air_13_M3_(Creator_Edition_with_Stylus).jpg,downloaded
138,Laptops,Apple,MacBook Air 13 M2 (Pro Workstation Bundle),Apple MacBook Air 13 M2 (Pro Workstation Bundle),Laptops\138_Apple_MacBook_Air_13_M2_(Pro_Workstation_Bundle).jpg,downloaded
139,Laptops,Apple,MacBook Air 13 M2 (OLED Color-calibrated Edition),Apple MacBook Air 13 M2 (OLED Color-calibrated Edition),Laptops\139_Apple_MacBook_Air_13_M2_(OLED_Color-calibrated_Edition).jpg,downloaded
140,Laptops,Apple,MacBook Air 13 M1 (32GB RAM / 1TB SSD Edition),Apple MacBook Air 13 M1 (32GB RAM / 1TB SSD Edition),Laptops\140_Apple_MacBook_Air_13_M1_(32GB_RAM_1TB_SSD_Edition).jpg,downloaded
141,Laptops,ASUS,"ROG Zephyrus G16 (Intel Core Ultra 9 185H, RTX 4080 12GB, 32GB RAM, 1TB SSD)","ASUS ROG Zephyrus G16 (Intel Core Ultra 9 185H, RTX 4080 12GB, 32GB RAM, 1TB SSD)","Laptops\141_ASUS_ROG_Zephyrus_G16_(Intel_Core_Ultra_9_185H,_RTX_4080_12GB,_32GB_RAM,_1TB_SSD).jpg",downloaded
142,Laptops,ASUS,"ROG Zephyrus G14 (AMD Ryzen 9 8945HS, RTX 4070 8GB, 32GB RAM, 1TB SSD)","ASUS ROG Zephyrus G14 (AMD Ryzen 9 8945HS, RTX 4070 8GB, 32GB RAM, 1TB SSD)","Laptops\142_ASUS_ROG_Zephyrus_G14_(AMD_Ryzen_9_8945HS,_RTX_4070_8GB,_32GB_RAM,_1TB_SSD).jpg",downloaded
143,Laptops,ASUS,"ROG Strix SCAR 18 (Intel Core i9 14900HX, RTX 4090 16GB, 32GB RAM, 2TB SSD)","ASUS ROG Strix SCAR 18 (Intel Core i9 14900HX, RTX 4090 16GB, 32GB RAM, 2TB SSD)","Laptops\143_ASUS_ROG_Strix_SCAR_18_(Intel_Core_i9_14900HX,_RTX_4090_16GB,_32GB_RAM,_2TB_SSD).jpg",downloaded
144,Laptops,ASUS,"ROG Strix G16 (Intel Core i7 13650HX, RTX 4060 8GB, 16GB RAM, 1TB SSD)","ASUS ROG Strix G16 (Intel Core i7 13650HX, RTX 4060 8GB, 16GB RAM, 1TB SSD)","Laptops\144_ASUS_ROG_Strix_G16_(Intel_Core_i7_13650HX,_RTX_4060_8GB,_16GB_RAM,_1TB_SSD).jpg",downloaded
145,Laptops,ASUS,"TUF Gaming A15 (AMD Ryzen 7 7735HS, RTX 4060 8GB, 16GB RAM, 512GB SSD)","ASUS TUF Gaming A15 (AMD Ryzen 7 7735HS, RTX 4060 8GB, 16GB RAM, 512GB SSD)","Laptops\145_ASUS_TUF_Gaming_A15_(AMD_Ryzen_7_7735HS,_RTX_4060_8GB,_16GB_RAM,_512GB_SSD).jpg",downloaded
146,Laptops,ASUS,"TUF Gaming F15 (Intel Core i7 12700H, RTX 4060 8GB, 16GB RAM, 1TB SSD)","ASUS TUF Gaming F15 (Intel Core i7 12700H, RTX 4060 8GB, 16GB RAM, 1TB SSD)","Laptops\146_ASUS_TUF_Gaming_F15_(Intel_Core_i7_12700H,_RTX_4060_8GB,_16GB_RAM,_1TB_SSD).jpg",downloaded
147,Laptops,ASUS,"Zenbook 14 OLED (Intel Core Ultra 7 155H, 16GB RAM, 1TB SSD)","ASUS Zenbook 14 OLED (Intel Core Ultra 7 155H, 16GB RAM, 1TB SSD)","Laptops\147_ASUS_Zenbook_14_OLED_(Intel_Core_Ultra_7_155H,_16GB_RAM,_1TB_SSD).jpg",downloaded
148,Laptops,ASUS,"Zenbook Duo (Intel Core Ultra 9 185H, Dual 14"" 3K 120Hz OLED, 32GB RAM, 1TB SSD)","ASUS Zenbook Duo (Intel Core Ultra 9 185H, Dual 14"" 3K 120Hz OLED, 32GB RAM, 1TB SSD)","Laptops\148_ASUS_Zenbook_Duo_(Intel_Core_Ultra_9_185H,_Dual_14_3K_120Hz_OLED,_32GB_RAM,_1TB_SSD).jpg",downloaded
149,Laptops,ASUS,"Vivobook S 15 OLED (Snapdragon X Elite, 16GB RAM, 1TB SSD)","ASUS Vivobook S 15 OLED (Snapdragon X Elite, 16GB RAM, 1TB SSD)","Laptops\149_ASUS_Vivobook_S_15_OLED_(Snapdragon_X_Elite,_16GB_RAM,_1TB_SSD).jpg",downloaded
150,Laptops,ASUS,"Vivobook 16X (Intel Core i5 12450H, RTX 2050 4GB, 16GB RAM, 512GB SSD)","ASUS Vivobook 16X (Intel Core i5 12450H, RTX 2050 4GB, 16GB RAM, 512GB SSD)","Laptops\150_ASUS_Vivobook_16X_(Intel_Core_i5_12450H,_RTX_2050_4GB,_16GB_RAM,_512GB_SSD).jpg",downloaded
151,Laptops,ASUS,"Vivobook 15 (Intel Core i5 1235U, 16GB RAM, 512GB SSD)","ASUS Vivobook 15 (Intel Core i5 1235U, 16GB RAM, 512GB SSD)","Laptops\151_ASUS_Vivobook_15_(Intel_Core_i5_1235U,_16GB_RAM,_512GB_SSD).jpg",downloaded
152,Laptops,ASUS,"Vivobook Go 15 (AMD Ryzen 5 7520U, 16GB RAM, 512GB SSD)","ASUS Vivobook Go 15 (AMD Ryzen 5 7520U, 16GB RAM, 512GB SSD)","Laptops\152_ASUS_Vivobook_Go_15_(AMD_Ryzen_5_7520U,_16GB_RAM,_512GB_SSD).jpg",downloaded
153,Laptops,ASUS,ROG Zephyrus G16 (Pro Workstation Bundle),ASUS ROG Zephyrus G16 (Pro Workstation Bundle),Laptops\153_ASUS_ROG_Zephyrus_G16_(Pro_Workstation_Bundle).jpg,downloaded
154,Laptops,ASUS,ROG Zephyrus G14 (OLED Color-calibrated Edition),ASUS ROG Zephyrus G14 (OLED Color-calibrated Edition),Laptops\154_ASUS_ROG_Zephyrus_G14_(OLED_Color-calibrated_Edition).jpg,downloaded
155,Laptops,ASUS,ROG Strix SCAR 18 (32GB RAM / 1TB SSD Edition),ASUS ROG Strix SCAR 18 (32GB RAM / 1TB SSD Edition),Laptops\155_ASUS_ROG_Strix_SCAR_18_(32GB_RAM_1TB_SSD_Edition).jpg,downloaded
156,Laptops,ASUS,ROG Strix G16 (16GB RAM / 512GB SSD Upgrade),ASUS ROG Strix G16 (16GB RAM / 512GB SSD Upgrade),Laptops\156_ASUS_ROG_Strix_G16_(16GB_RAM_512GB_SSD_Upgrade).jpg,downloaded
157,Laptops,ASUS,TUF Gaming A15 (Creator Edition with Stylus),ASUS TUF Gaming A15 (Creator Edition with Stylus),Laptops\157_ASUS_TUF_Gaming_A15_(Creator_Edition_with_Stylus).jpg,downloaded
158,Laptops,ASUS,TUF Gaming F15 (Pro Workstation Bundle),ASUS TUF Gaming F15 (Pro Workstation Bundle),Laptops\158_ASUS_TUF_Gaming_F15_(Pro_Workstation_Bundle).jpg,downloaded
159,Laptops,ASUS,Zenbook 14 OLED (OLED Color-calibrated Edition),ASUS Zenbook 14 OLED (OLED Color-calibrated Edition),Laptops\159_ASUS_Zenbook_14_OLED_(OLED_Color-calibrated_Edition).jpg,downloaded
160,Laptops,ASUS,Zenbook Duo (32GB RAM / 1TB SSD Edition),ASUS Zenbook Duo (32GB RAM / 1TB SSD Edition),Laptops\160_ASUS_Zenbook_Duo_(32GB_RAM_1TB_SSD_Edition).jpg,downloaded
161,Laptops,ASUS,Vivobook S 15 OLED (16GB RAM / 512GB SSD Upgrade),ASUS Vivobook S 15 OLED (16GB RAM / 512GB SSD Upgrade),Laptops\161_ASUS_Vivobook_S_15_OLED_(16GB_RAM_512GB_SSD_Upgrade).jpg,downloaded
162,Laptops,ASUS,Vivobook 16X (Creator Edition with Stylus),ASUS Vivobook 16X (Creator Edition with Stylus),Laptops\162_ASUS_Vivobook_16X_(Creator_Edition_with_Stylus).jpg,downloaded
163,Laptops,Dell,"XPS 16 9640 (Intel Core Ultra 7 155H, RTX 4070 8GB, 32GB RAM, 1TB SSD)","Dell XPS 16 9640 (Intel Core Ultra 7 155H, RTX 4070 8GB, 32GB RAM, 1TB SSD)",,not_found
164,Laptops,Dell,"XPS 14 9440 (Intel Core Ultra 7 155H, RTX 4050, 16GB RAM, 512GB SSD)","Dell XPS 14 9440 (Intel Core Ultra 7 155H, RTX 4050, 16GB RAM, 512GB SSD)",,not_found
165,Laptops,Dell,"XPS 13 9340 (Intel Core Ultra 7 155H, 16GB RAM, 512GB SSD)","Dell XPS 13 9340 (Intel Core Ultra 7 155H, 16GB RAM, 512GB SSD)",,not_found
166,Laptops,Dell,"Alienware m18 R2 (Intel Core i9 14900HX, RTX 4090 16GB, 64GB RAM, 2TB SSD)","Dell Alienware m18 R2 (Intel Core i9 14900HX, RTX 4090 16GB, 64GB RAM, 2TB SSD)",,not_found
167,Laptops,Dell,"Alienware m16 R2 (Intel Core Ultra 7 155H, RTX 4070 8GB, 16GB RAM, 1TB SSD)","Dell Alienware m16 R2 (Intel Core Ultra 7 155H, RTX 4070 8GB, 16GB RAM, 1TB SSD)",,not_found
168,Laptops,Dell,"Alienware x14 R2 (Intel Core i7 13620H, RTX 4060, 16GB RAM, 1TB SSD)","Dell Alienware x14 R2 (Intel Core i7 13620H, RTX 4060, 16GB RAM, 1TB SSD)",,not_found
169,Laptops,Dell,"G15 5530 (Intel Core i7 13650HX, RTX 4060 8GB, 16GB RAM, 1TB SSD)","Dell G15 5530 (Intel Core i7 13650HX, RTX 4060 8GB, 16GB RAM, 1TB SSD)",,not_found
170,Laptops,Dell,"G15 5530 (Intel Core i5 13450HX, RTX 3050 6GB, 16GB RAM, 1TB SSD)","Dell G15 5530 (Intel Core i5 13450HX, RTX 3050 6GB, 16GB RAM, 1TB SSD)",,not_found
171,Laptops,Dell,"Inspiron 16 Plus 7630 (Core i7 13700H, RTX 4060, 16GB RAM, 1TB SSD)","Dell Inspiron 16 Plus 7630 (Core i7 13700H, RTX 4060, 16GB RAM, 1TB SSD)",,not_found
172,Laptops,Dell,"Inspiron 15 3530 (Intel Core i5 1334U, 16GB RAM, 512GB SSD)","Dell Inspiron 15 3530 (Intel Core i5 1334U, 16GB RAM, 512GB SSD)",,not_found
173,Laptops,Dell,"Inspiron 14 5430 (Intel Core i5 1335U, 16GB RAM, 512GB SSD)","Dell Inspiron 14 5430 (Intel Core i5 1335U, 16GB RAM, 512GB SSD)",,not_found
174,Laptops,Dell,"Inspiron 14 2-in-1 7430 (Core i7 1355U, 16GB RAM, 1TB SSD)","Dell Inspiron 14 2-in-1 7430 (Core i7 1355U, 16GB RAM, 1TB SSD)",,not_found
175,Laptops,Dell,XPS 16 9640 (16GB RAM / 512GB SSD Upgrade),Dell XPS 16 9640 (16GB RAM / 512GB SSD Upgrade),,not_found
176,Laptops,Dell,XPS 14 9440 (Creator Edition with Stylus),Dell XPS 14 9440 (Creator Edition with Stylus),,not_found
177,Laptops,Dell,XPS 13 9340 (Pro Workstation Bundle),Dell XPS 13 9340 (Pro Workstation Bundle),,not_found
178,Laptops,Dell,Alienware m18 R2 (OLED Color-calibrated Edition),Dell Alienware m18 R2 (OLED Color-calibrated Edition),,not_found
179,Laptops,Dell,Alienware m16 R2 (32GB RAM / 1TB SSD Edition),Dell Alienware m16 R2 (32GB RAM / 1TB SSD Edition),,not_found
180,Laptops,Dell,Alienware x14 R2 (16GB RAM / 512GB SSD Upgrade),Dell Alienware x14 R2 (16GB RAM / 512GB SSD Upgrade),,not_found
181,Laptops,Dell,G15 5530 (Creator Edition with Stylus),Dell G15 5530 (Creator Edition with Stylus),,not_found
182,Laptops,Dell,G15 5530 (Pro Workstation Bundle),Dell G15 5530 (Pro Workstation Bundle),,not_found
183,Laptops,Dell,Inspiron 16 Plus 7630 (OLED Color-calibrated Edition),Dell Inspiron 16 Plus 7630 (OLED Color-calibrated Edition),,not_found
184,Laptops,Dell,Inspiron 15 3530 (32GB RAM / 1TB SSD Edition),Dell Inspiron 15 3530 (32GB RAM / 1TB SSD Edition),,not_found
185,Laptops,Dell,Inspiron 14 5430 (16GB RAM / 512GB SSD Upgrade),Dell Inspiron 14 5430 (16GB RAM / 512GB SSD Upgrade),,not_found
186,Laptops,Dell,Inspiron 14 2-in-1 7430 (Creator Edition with Stylus),Dell Inspiron 14 2-in-1 7430 (Creator Edition with Stylus),,not_found
187,Laptops,HP,"Omen Transcend 14 (Intel Core Ultra 7 155H, RTX 4060, 16GB RAM, 1TB SSD)","HP Omen Transcend 14 (Intel Core Ultra 7 155H, RTX 4060, 16GB RAM, 1TB SSD)","Laptops\187_HP_Omen_Transcend_14_(Intel_Core_Ultra_7_155H,_RTX_4060,_16GB_RAM,_1TB_SSD).jpg",downloaded
188,Laptops,HP,"Omen 16 (Intel Core i7 14700HX, RTX 4070 8GB, 16GB RAM, 1TB SSD)","HP Omen 16 (Intel Core i7 14700HX, RTX 4070 8GB, 16GB RAM, 1TB SSD)","Laptops\188_HP_Omen_16_(Intel_Core_i7_14700HX,_RTX_4070_8GB,_16GB_RAM,_1TB_SSD).jpg",downloaded
189,Laptops,HP,"Victus 16 (AMD Ryzen 7 7840HS, RTX 4060 8GB, 16GB RAM, 1TB SSD)","HP Victus 16 (AMD Ryzen 7 7840HS, RTX 4060 8GB, 16GB RAM, 1TB SSD)","Laptops\189_HP_Victus_16_(AMD_Ryzen_7_7840HS,_RTX_4060_8GB,_16GB_RAM,_1TB_SSD).jpg",downloaded
190,Laptops,HP,"Victus 15 (Intel Core i5 13420H, RTX 3050 6GB, 16GB RAM, 512GB SSD)","HP Victus 15 (Intel Core i5 13420H, RTX 3050 6GB, 16GB RAM, 512GB SSD)","Laptops\190_HP_Victus_15_(Intel_Core_i5_13420H,_RTX_3050_6GB,_16GB_RAM,_512GB_SSD).jpg",downloaded
191,Laptops,HP,"Spectre x360 14 (Intel Core Ultra 7 155H, 16GB RAM, 1TB SSD)","HP Spectre x360 14 (Intel Core Ultra 7 155H, 16GB RAM, 1TB SSD)","Laptops\191_HP_Spectre_x360_14_(Intel_Core_Ultra_7_155H,_16GB_RAM,_1TB_SSD).jpg",downloaded
192,Laptops,HP,"Envy x360 14 2-in-1 (Intel Core Ultra 5 125U, 16GB RAM, 512GB SSD)","HP Envy x360 14 2-in-1 (Intel Core Ultra 5 125U, 16GB RAM, 512GB SSD)","Laptops\192_HP_Envy_x360_14_2-in-1_(Intel_Core_Ultra_5_125U,_16GB_RAM,_512GB_SSD).jpg",downloaded
193,Laptops,HP,"Pavilion Plus 14 (AMD Ryzen 7 7840U, 16GB RAM, 1TB SSD)","HP Pavilion Plus 14 (AMD Ryzen 7 7840U, 16GB RAM, 1TB SSD)","Laptops\193_HP_Pavilion_Plus_14_(AMD_Ryzen_7_7840U,_16GB_RAM,_1TB_SSD).jpg",downloaded
194,Laptops,HP,"15s (Intel Core i5 1235U, 16GB RAM, 512GB SSD)","HP 15s (Intel Core i5 1235U, 16GB RAM, 512GB SSD)","Laptops\194_HP_15s_(Intel_Core_i5_1235U,_16GB_RAM,_512GB_SSD).jpg",downloaded
195,Laptops,Lenovo,"Legion Pro 7i Gen 9 (Intel Core i9 14900HX, RTX 4080 12GB, 32GB RAM, 1TB SSD)","Lenovo Legion Pro 7i Gen 9 (Intel Core i9 14900HX, RTX 4080 12GB, 32GB RAM, 1TB SSD)",,not_found
196,Laptops,Lenovo,"Legion Pro 5i Gen 9 (Intel Core i7 14650HX, RTX 4070 8GB, 32GB RAM, 1TB SSD)","Lenovo Legion Pro 5i Gen 9 (Intel Core i7 14650HX, RTX 4070 8GB, 32GB RAM, 1TB SSD)",,not_found
197,Laptops,Lenovo,"Legion Slim 5 (AMD Ryzen 7 7840HS, RTX 4060 8GB, 16GB RAM, 1TB SSD)","Lenovo Legion Slim 5 (AMD Ryzen 7 7840HS, RTX 4060 8GB, 16GB RAM, 1TB SSD)",,not_found
198,Laptops,Lenovo,"LOQ 15IRX9 (Intel Core i7 13650HX, RTX 4060 8GB, 16GB RAM, 512GB SSD)","Lenovo LOQ 15IRX9 (Intel Core i7 13650HX, RTX 4060 8GB, 16GB RAM, 512GB SSD)",,not_found
199,Laptops,Lenovo,"LOQ 15IAX9 (Intel Core i5 12450HX, RTX 4050 6GB, 16GB RAM, 512GB SSD)","Lenovo LOQ 15IAX9 (Intel Core i5 12450HX, RTX 4050 6GB, 16GB RAM, 512GB SSD)",,not_found
200,Laptops,Lenovo,"LOQ 15IAX9 (Intel Core i5 12450HX, RTX 3050 6GB, 16GB RAM, 512GB SSD)","Lenovo LOQ 15IAX9 (Intel Core i5 12450HX, RTX 3050 6GB, 16GB RAM, 512GB SSD)",,not_found
201,Laptops,Lenovo,"ThinkPad X1 Carbon Gen 12 (Intel Core Ultra 7 155H, 32GB RAM, 1TB SSD)","Lenovo ThinkPad X1 Carbon Gen 12 (Intel Core Ultra 7 155H, 32GB RAM, 1TB SSD)",,not_found
202,Laptops,Lenovo,"ThinkPad T14 Gen 4 (AMD Ryzen 7 PRO 7840U, 16GB RAM, 512GB SSD)","Lenovo ThinkPad T14 Gen 4 (AMD Ryzen 7 PRO 7840U, 16GB RAM, 512GB SSD)",,not_found
203,Laptops,Lenovo,"Yoga 9i 2-in-1 (Intel Core Ultra 7 155H, 16GB RAM, 1TB SSD)","Lenovo Yoga 9i 2-in-1 (Intel Core Ultra 7 155H, 16GB RAM, 1TB SSD)",,not_found
204,Laptops,Lenovo,"Yoga Slim 7x (Snapdragon X Elite, 16GB RAM, 1TB SSD)","Lenovo Yoga Slim 7x (Snapdragon X Elite, 16GB RAM, 1TB SSD)",,not_found
205,Laptops,Lenovo,"IdeaPad Slim 5 (Intel Core i5 13500H, 16GB RAM, 512GB SSD)","Lenovo IdeaPad Slim 5 (Intel Core i5 13500H, 16GB RAM, 512GB SSD)",,not_found
206,Laptops,Lenovo,"IdeaPad Slim 3 (Intel Core i3 1215U, 8GB RAM, 512GB SSD)","Lenovo IdeaPad Slim 3 (Intel Core i3 1215U, 8GB RAM, 512GB SSD)",,not_found
207,Laptops,MSI,"Titan 18 HX A14V (Intel Core i9 14900HX, RTX 4090 16GB, 64GB RAM, 4TB SSD)","MSI Titan 18 HX A14V (Intel Core i9 14900HX, RTX 4090 16GB, 64GB RAM, 4TB SSD)",,not_found
208,Laptops,MSI,"Katana 15 (Intel Core i7 13620H, RTX 4060 8GB, 16GB RAM, 1TB SSD)","MSI Katana 15 (Intel Core i7 13620H, RTX 4060 8GB, 16GB RAM, 1TB SSD)",,not_found
209,Laptops,MSI,"Thin 15 (Intel Core i5 12450H, RTX 2050 4GB, 16GB RAM, 512GB SSD)","MSI Thin 15 (Intel Core i5 12450H, RTX 2050 4GB, 16GB RAM, 512GB SSD)",,not_found
210,Laptops,MSI,"Prestige 16 AI Studio (Intel Core Ultra 7 155H, RTX 4060, 32GB RAM, 1TB SSD)","MSI Prestige 16 AI Studio (Intel Core Ultra 7 155H, RTX 4060, 32GB RAM, 1TB SSD)",,not_found
211,Headphones,Apple,AirPods Max (USB-C) Space Orange,Apple AirPods Max (USB-C) Space Orange,Headphones\211_Apple_AirPods_Max_(USB-C)_Space_Orange.jpg,downloaded
212,Headphones,Apple,AirPods Max (USB-C) Midnight,Apple AirPods Max (USB-C) Midnight,Headphones\212_Apple_AirPods_Max_(USB-C)_Midnight.jpg,downloaded
213,Headphones,Apple,AirPods Max (USB-C) Starlight,Apple AirPods Max (USB-C) Starlight,Headphones\213_Apple_AirPods_Max_(USB-C)_Starlight.jpg,downloaded
214,Headphones,Apple,AirPods Pro (2nd Gen) with MagSafe Case (USB-C),Apple AirPods Pro (2nd Gen) with MagSafe Case (USB-C),Headphones\214_Apple_AirPods_Pro_(2nd_Gen)_with_MagSafe_Case_(USB-C).jpg,downloaded
215,Headphones,Apple,AirPods 4 with Active Noise Cancellation,Apple AirPods 4 with Active Noise Cancellation,Headphones\215_Apple_AirPods_4_with_Active_Noise_Cancellation.jpg,downloaded
216,Headphones,Apple,AirPods 4 Standard Edition,Apple AirPods 4 Standard Edition,Headphones\216_Apple_AirPods_4_Standard_Edition.jpg,downloaded
217,Headphones,Apple,"AirPods Max (USB-C) Space Orange (Midnight Navy, Travel Pack Edition)","Apple AirPods Max (USB-C) Space Orange (Midnight Navy, Travel Pack Edition)","Headphones\217_Apple_AirPods_Max_(USB-C)_Space_Orange_(Midnight_Navy,_Travel_Pack_Edition).jpg",downloaded
218,Headphones,Apple,"AirPods Max (USB-C) Midnight (Smoky White, Audiophile Edition)","Apple AirPods Max (USB-C) Midnight (Smoky White, Audiophile Edition)","Headphones\218_Apple_AirPods_Max_(USB-C)_Midnight_(Smoky_White,_Audiophile_Edition).jpg",downloaded
219,Headphones,Apple,"AirPods Max (USB-C) Starlight (Champagne Gold, Travel Pack Edition)","Apple AirPods Max (USB-C) Starlight (Champagne Gold, Travel Pack Edition)","Headphones\219_Apple_AirPods_Max_(USB-C)_Starlight_(Champagne_Gold,_Travel_Pack_Edition).jpg",downloaded
220,Headphones,Apple,"AirPods Pro (2nd Gen) with MagSafe Case (USB-C) (Olive Green, Audiophile Edition)","Apple AirPods Pro (2nd Gen) with MagSafe Case (USB-C) (Olive Green, Audiophile Edition)","Headphones\220_Apple_AirPods_Pro_(2nd_Gen)_with_MagSafe_Case_(USB-C)_(Olive_Green,_Audiophile_Edition).jpg",downloaded
221,Headphones,Apple,"AirPods 4 with Active Noise Cancellation (Matte Black, Travel Pack Edition)","Apple AirPods 4 with Active Noise Cancellation (Matte Black, Travel Pack Edition)","Headphones\221_Apple_AirPods_4_with_Active_Noise_Cancellation_(Matte_Black,_Travel_Pack_Edition).jpg",downloaded
222,Headphones,Apple,"AirPods 4 Standard Edition (Glacier Silver, Audiophile Edition)","Apple AirPods 4 Standard Edition (Glacier Silver, Audiophile Edition)","Headphones\222_Apple_AirPods_4_Standard_Edition_(Glacier_Silver,_Audiophile_Edition).jpg",downloaded
223,Headphones,Apple,"AirPods Max (USB-C) Space Orange (Smoky White, Audiophile Edition)","Apple AirPods Max (USB-C) Space Orange (Smoky White, Audiophile Edition)","Headphones\223_Apple_AirPods_Max_(USB-C)_Space_Orange_(Smoky_White,_Audiophile_Edition).jpg",downloaded
224,Headphones,Apple,"AirPods Max (USB-C) Midnight (Champagne Gold, Travel Pack Edition)","Apple AirPods Max (USB-C) Midnight (Champagne Gold, Travel Pack Edition)","Headphones\224_Apple_AirPods_Max_(USB-C)_Midnight_(Champagne_Gold,_Travel_Pack_Edition).jpg",downloaded
225,Headphones,Apple,"AirPods Max (USB-C) Starlight (Olive Green, Audiophile Edition)","Apple AirPods Max (USB-C) Starlight (Olive Green, Audiophile Edition)","Headphones\225_Apple_AirPods_Max_(USB-C)_Starlight_(Olive_Green,_Audiophile_Edition).jpg",downloaded
226,Headphones,Apple,"AirPods Pro (2nd Gen) with MagSafe Case (USB-C) (Matte Black, Travel Pack Edition)","Apple AirPods Pro (2nd Gen) with MagSafe Case (USB-C) (Matte Black, Travel Pack Edition)","Headphones\226_Apple_AirPods_Pro_(2nd_Gen)_with_MagSafe_Case_(USB-C)_(Matte_Black,_Travel_Pack_Edition).jpg",downloaded
227,Headphones,Apple,"AirPods 4 with Active Noise Cancellation (Glacier Silver, Audiophile Edition)","Apple AirPods 4 with Active Noise Cancellation (Glacier Silver, Audiophile Edition)","Headphones\227_Apple_AirPods_4_with_Active_Noise_Cancellation_(Glacier_Silver,_Audiophile_Edition).jpg",downloaded
228,Headphones,Apple,"AirPods 4 Standard Edition (Midnight Navy, Travel Pack Edition)","Apple AirPods 4 Standard Edition (Midnight Navy, Travel Pack Edition)","Headphones\228_Apple_AirPods_4_Standard_Edition_(Midnight_Navy,_Travel_Pack_Edition).jpg",downloaded
229,Headphones,Audio-Technica,ATH-M50x Professional Studio Monitor Headphones,Audio-Technica ATH-M50x Professional Studio Monitor Headphones,,not_found
230,Headphones,Audio-Technica,ATH-M50xBT2 Wireless Over-Ear Headphones,Audio-Technica ATH-M50xBT2 Wireless Over-Ear Headphones,,not_found
231,Headphones,Audio-Technica,"ATH-M50x Professional Studio Monitor Headphones (Olive Green, Audiophile Edition)","Audio-Technica ATH-M50x Professional Studio Monitor Headphones (Olive Green, Audiophile Edition)",,not_found
232,Headphones,Audio-Technica,"ATH-M50xBT2 Wireless Over-Ear Headphones (Matte Black, Travel Pack Edition)","Audio-Technica ATH-M50xBT2 Wireless Over-Ear Headphones (Matte Black, Travel Pack Edition)",,not_found
233,Headphones,Audio-Technica,"ATH-M50x Professional Studio Monitor Headphones (Matte Black, Travel Pack Edition)","Audio-Technica ATH-M50x Professional Studio Monitor Headphones (Matte Black, Travel Pack Edition)",,not_found
234,Headphones,Audio-Technica,"ATH-M50xBT2 Wireless Over-Ear Headphones (Glacier Silver, Audiophile Edition)","Audio-Technica ATH-M50xBT2 Wireless Over-Ear Headphones (Glacier Silver, Audiophile Edition)",,not_found
235,Headphones,Beats,Studio Pro Wireless Headphones,Beats Studio Pro Wireless Headphones,,not_found
236,Headphones,Beats,Solo 4 Wireless On-Ear Headphones,Beats Solo 4 Wireless On-Ear Headphones,,not_found
237,Headphones,Beats,"Studio Pro Wireless Headphones (Smoky White, Audiophile Edition)","Beats Studio Pro Wireless Headphones (Smoky White, Audiophile Edition)",,not_found
238,Headphones,Beats,"Solo 4 Wireless On-Ear Headphones (Champagne Gold, Travel Pack Edition)","Beats Solo 4 Wireless On-Ear Headphones (Champagne Gold, Travel Pack Edition)",,not_found
239,Headphones,Beyerdynamic,DT 990 Pro Over-Ear Studio Headphones 250 Ohm,Beyerdynamic DT 990 Pro Over-Ear Studio Headphones 250 Ohm,,not_found
240,Headphones,Beyerdynamic,DT 770 Pro Closed Studio Headphones 80 Ohm,Beyerdynamic DT 770 Pro Closed Studio Headphones 80 Ohm,,not_found
241,Headphones,Beyerdynamic,"DT 990 Pro Over-Ear Studio Headphones 250 Ohm (Olive Green, Audiophile Edition)","Beyerdynamic DT 990 Pro Over-Ear Studio Headphones 250 Ohm (Olive Green, Audiophile Edition)",,not_found
242,Headphones,Beyerdynamic,"DT 770 Pro Closed Studio Headphones 80 Ohm (Matte Black, Travel Pack Edition)","Beyerdynamic DT 770 Pro Closed Studio Headphones 80 Ohm (Matte Black, Travel Pack Edition)",,not_found
243,Headphones,Bose,QuietComfort Ultra Wireless Headphones,Bose QuietComfort Ultra Wireless Headphones,Headphones\243_Bose_QuietComfort_Ultra_Wireless_Headphones.jpg,downloaded
244,Headphones,Bose,QuietComfort Ultra Wireless Headphones (White Smoke),Bose QuietComfort Ultra Wireless Headphones (White Smoke),Headphones\244_Bose_QuietComfort_Ultra_Wireless_Headphones_(White_Smoke).jpg,downloaded
245,Headphones,Bose,QuietComfort Wireless Headphones,Bose QuietComfort Wireless Headphones,Headphones\245_Bose_QuietComfort_Wireless_Headphones.jpg,downloaded
246,Headphones,Bose,QuietComfort Ultra True Wireless Earbuds,Bose QuietComfort Ultra True Wireless Earbuds,Headphones\246_Bose_QuietComfort_Ultra_True_Wireless_Earbuds.jpg,downloaded
247,Headphones,Bose,SoundLink Max Portable Bluetooth Speaker,Bose SoundLink Max Portable Bluetooth Speaker,Headphones\247_Bose_SoundLink_Max_Portable_Bluetooth_Speaker.jpg,downloaded
248,Headphones,Bose,SoundLink Flex Bluetooth Speaker (2nd Gen),Bose SoundLink Flex Bluetooth Speaker (2nd Gen),Headphones\248_Bose_SoundLink_Flex_Bluetooth_Speaker_(2nd_Gen).jpg,downloaded
249,Headphones,Bose,"QuietComfort Ultra Wireless Headphones (Midnight Navy, Travel Pack Edition)","Bose QuietComfort Ultra Wireless Headphones (Midnight Navy, Travel Pack Edition)","Headphones\249_Bose_QuietComfort_Ultra_Wireless_Headphones_(Midnight_Navy,_Travel_Pack_Edition).jpg",downloaded
250,Headphones,Bose,"QuietComfort Ultra Wireless Headphones (White Smoke) (Smoky White, Audiophile Edition)","Bose QuietComfort Ultra Wireless Headphones (White Smoke) (Smoky White, Audiophile Edition)","Headphones\250_Bose_QuietComfort_Ultra_Wireless_Headphones_(White_Smoke)_(Smoky_White,_Audiophile_Edition).jpg",downloaded
251,Headphones,Bose,"QuietComfort Wireless Headphones (Champagne Gold, Travel Pack Edition)","Bose QuietComfort Wireless Headphones (Champagne Gold, Travel Pack Edition)","Headphones\251_Bose_QuietComfort_Wireless_Headphones_(Champagne_Gold,_Travel_Pack_Edition).jpg",downloaded
252,Headphones,Bose,"QuietComfort Ultra True Wireless Earbuds (Olive Green, Audiophile Edition)","Bose QuietComfort Ultra True Wireless Earbuds (Olive Green, Audiophile Edition)","Headphones\252_Bose_QuietComfort_Ultra_True_Wireless_Earbuds_(Olive_Green,_Audiophile_Edition).jpg",downloaded
253,Headphones,Bose,"SoundLink Max Portable Bluetooth Speaker (Matte Black, Travel Pack Edition)","Bose SoundLink Max Portable Bluetooth Speaker (Matte Black, Travel Pack Edition)","Headphones\253_Bose_SoundLink_Max_Portable_Bluetooth_Speaker_(Matte_Black,_Travel_Pack_Edition).jpg",downloaded
254,Headphones,Bose,"SoundLink Flex Bluetooth Speaker (2nd Gen) (Glacier Silver, Audiophile Edition)","Bose SoundLink Flex Bluetooth Speaker (2nd Gen) (Glacier Silver, Audiophile Edition)","Headphones\254_Bose_SoundLink_Flex_Bluetooth_Speaker_(2nd_Gen)_(Glacier_Silver,_Audiophile_Edition).jpg",downloaded
255,Headphones,Bose,"QuietComfort Ultra Wireless Headphones (Smoky White, Audiophile Edition)","Bose QuietComfort Ultra Wireless Headphones (Smoky White, Audiophile Edition)","Headphones\255_Bose_QuietComfort_Ultra_Wireless_Headphones_(Smoky_White,_Audiophile_Edition).jpg",downloaded
256,Headphones,Bose,"QuietComfort Ultra Wireless Headphones (White Smoke) (Champagne Gold, Travel Pack Edition)","Bose QuietComfort Ultra Wireless Headphones (White Smoke) (Champagne Gold, Travel Pack Edition)","Headphones\256_Bose_QuietComfort_Ultra_Wireless_Headphones_(White_Smoke)_(Champagne_Gold,_Travel_Pack_Edition).jpg",downloaded
257,Headphones,Bose,"QuietComfort Wireless Headphones (Olive Green, Audiophile Edition)","Bose QuietComfort Wireless Headphones (Olive Green, Audiophile Edition)","Headphones\257_Bose_QuietComfort_Wireless_Headphones_(Olive_Green,_Audiophile_Edition).jpg",downloaded
258,Headphones,Bose,"QuietComfort Ultra True Wireless Earbuds (Matte Black, Travel Pack Edition)","Bose QuietComfort Ultra True Wireless Earbuds (Matte Black, Travel Pack Edition)","Headphones\258_Bose_QuietComfort_Ultra_True_Wireless_Earbuds_(Matte_Black,_Travel_Pack_Edition).jpg",downloaded
259,Headphones,Bose,"SoundLink Max Portable Bluetooth Speaker (Glacier Silver, Audiophile Edition)","Bose SoundLink Max Portable Bluetooth Speaker (Glacier Silver, Audiophile Edition)","Headphones\259_Bose_SoundLink_Max_Portable_Bluetooth_Speaker_(Glacier_Silver,_Audiophile_Edition).jpg",downloaded
260,Headphones,Bose,"SoundLink Flex Bluetooth Speaker (2nd Gen) (Midnight Navy, Travel Pack Edition)","Bose SoundLink Flex Bluetooth Speaker (2nd Gen) (Midnight Navy, Travel Pack Edition)","Headphones\260_Bose_SoundLink_Flex_Bluetooth_Speaker_(2nd_Gen)_(Midnight_Navy,_Travel_Pack_Edition).jpg",downloaded
261,Headphones,JBL,Tour ONE M2 Wireless Noise Cancelling Headphones,JBL Tour ONE M2 Wireless Noise Cancelling Headphones,,not_found
262,Headphones,JBL,Live 770NC Wireless Over-Ear ANC Headphones,JBL Live 770NC Wireless Over-Ear ANC Headphones,,not_found
263,Headphones,JBL,Tune 770NC Wireless Over-Ear Headphones,JBL Tune 770NC Wireless Over-Ear Headphones,,not_found
264,Headphones,JBL,Tune 520BT Wireless On-Ear Headphones,JBL Tune 520BT Wireless On-Ear Headphones,,not_found
265,Headphones,JBL,Boombox 3 Wi-Fi & Bluetooth Speaker,JBL Boombox 3 Wi-Fi & Bluetooth Speaker,,not_found
266,Headphones,JBL,"Tour ONE M2 Wireless Noise Cancelling Headphones (Matte Black, Travel Pack Edition)","JBL Tour ONE M2 Wireless Noise Cancelling Headphones (Matte Black, Travel Pack Edition)",,not_found
267,Headphones,JBL,"Live 770NC Wireless Over-Ear ANC Headphones (Glacier Silver, Audiophile Edition)","JBL Live 770NC Wireless Over-Ear ANC Headphones (Glacier Silver, Audiophile Edition)",,not_found
268,Headphones,JBL,"Tune 770NC Wireless Over-Ear Headphones (Midnight Navy, Travel Pack Edition)","JBL Tune 770NC Wireless Over-Ear Headphones (Midnight Navy, Travel Pack Edition)",,not_found
269,Headphones,JBL,"Tune 520BT Wireless On-Ear Headphones (Smoky White, Audiophile Edition)","JBL Tune 520BT Wireless On-Ear Headphones (Smoky White, Audiophile Edition)",,not_found
270,Headphones,JBL,"Boombox 3 Wi-Fi & Bluetooth Speaker (Champagne Gold, Travel Pack Edition)","JBL Boombox 3 Wi-Fi & Bluetooth Speaker (Champagne Gold, Travel Pack Edition)",,not_found
271,Headphones,JBL,"Tour ONE M2 Wireless Noise Cancelling Headphones (Glacier Silver, Audiophile Edition)","JBL Tour ONE M2 Wireless Noise Cancelling Headphones (Glacier Silver, Audiophile Edition)",,not_found
272,Headphones,JBL,"Live 770NC Wireless Over-Ear ANC Headphones (Midnight Navy, Travel Pack Edition)","JBL Live 770NC Wireless Over-Ear ANC Headphones (Midnight Navy, Travel Pack Edition)",,not_found
273,Headphones,JBL,"Tune 770NC Wireless Over-Ear Headphones (Smoky White, Audiophile Edition)","JBL Tune 770NC Wireless Over-Ear Headphones (Smoky White, Audiophile Edition)",,not_found
274,Headphones,JBL,"Tune 520BT Wireless On-Ear Headphones (Champagne Gold, Travel Pack Edition)","JBL Tune 520BT Wireless On-Ear Headphones (Champagne Gold, Travel Pack Edition)",,not_found
275,Headphones,JBL,"Boombox 3 Wi-Fi & Bluetooth Speaker (Olive Green, Audiophile Edition)","JBL Boombox 3 Wi-Fi & Bluetooth Speaker (Olive Green, Audiophile Edition)",,not_found
276,Headphones,Marshall,Major IV Wireless On-Ear Headphones,Marshall Major IV Wireless On-Ear Headphones,,not_found
277,Headphones,Marshall,Monitor II A.N.C. Wireless Headphones,Marshall Monitor II A.N.C. Wireless Headphones,,not_found
278,Headphones,Marshall,"Major IV Wireless On-Ear Headphones (Glacier Silver, Audiophile Edition)","Marshall Major IV Wireless On-Ear Headphones (Glacier Silver, Audiophile Edition)",,not_found
279,Headphones,Marshall,"Monitor II A.N.C. Wireless Headphones (Midnight Navy, Travel Pack Edition)","Marshall Monitor II A.N.C. Wireless Headphones (Midnight Navy, Travel Pack Edition)",,not_found
280,Headphones,Marshall,"Major IV Wireless On-Ear Headphones (Midnight Navy, Travel Pack Edition)","Marshall Major IV Wireless On-Ear Headphones (Midnight Navy, Travel Pack Edition)",,not_found
281,Headphones,Sennheiser,Momentum 4 Wireless Noise Cancelling Headphones,Sennheiser Momentum 4 Wireless Noise Cancelling Headphones,,not_found
282,Headphones,Sennheiser,Accentum Plus Wireless Headphones,Sennheiser Accentum Plus Wireless Headphones,,not_found
283,Headphones,Sennheiser,HD 660S2 Audiophile Open-Back Headphones,Sennheiser HD 660S2 Audiophile Open-Back Headphones,,not_found
284,Headphones,Sennheiser,HD 560S Reference Audio Headphones,Sennheiser HD 560S Reference Audio Headphones,,not_found
285,Headphones,Sennheiser,"Momentum 4 Wireless Noise Cancelling Headphones (Midnight Navy, Travel Pack Edition)","Sennheiser Momentum 4 Wireless Noise Cancelling Headphones (Midnight Navy, Travel Pack Edition)",,not_found
286,Headphones,Sennheiser,"Accentum Plus Wireless Headphones (Smoky White, Audiophile Edition)","Sennheiser Accentum Plus Wireless Headphones (Smoky White, Audiophile Edition)",,not_found
287,Headphones,Sennheiser,"HD 660S2 Audiophile Open-Back Headphones (Champagne Gold, Travel Pack Edition)","Sennheiser HD 660S2 Audiophile Open-Back Headphones (Champagne Gold, Travel Pack Edition)",,not_found
288,Headphones,Sennheiser,"HD 560S Reference Audio Headphones (Olive Green, Audiophile Edition)","Sennheiser HD 560S Reference Audio Headphones (Olive Green, Audiophile Edition)",,not_found
289,Headphones,Sennheiser,"Momentum 4 Wireless Noise Cancelling Headphones (Smoky White, Audiophile Edition)","Sennheiser Momentum 4 Wireless Noise Cancelling Headphones (Smoky White, Audiophile Edition)",,not_found
290,Headphones,Sennheiser,"Accentum Plus Wireless Headphones (Champagne Gold, Travel Pack Edition)","Sennheiser Accentum Plus Wireless Headphones (Champagne Gold, Travel Pack Edition)",,not_found
291,Headphones,Sennheiser,"HD 660S2 Audiophile Open-Back Headphones (Olive Green, Audiophile Edition)","Sennheiser HD 660S2 Audiophile Open-Back Headphones (Olive Green, Audiophile Edition)",,not_found
292,Headphones,Sennheiser,"HD 560S Reference Audio Headphones (Matte Black, Travel Pack Edition)","Sennheiser HD 560S Reference Audio Headphones (Matte Black, Travel Pack Edition)",,not_found
293,Headphones,Sony,WH-1000XM5 Wireless Noise Cancelling Headphones,Sony WH-1000XM5 Wireless Noise Cancelling Headphones,Headphones\293_Sony_WH-1000XM5_Wireless_Noise_Cancelling_Headphones.jpg,downloaded
294,Headphones,Sony,WH-1000XM5 Wireless Headphones (Silver),Sony WH-1000XM5 Wireless Headphones (Silver),Headphones\294_Sony_WH-1000XM5_Wireless_Headphones_(Silver).jpg,downloaded
295,Headphones,Sony,WH-1000XM4 Wireless Noise Cancelling Headphones,Sony WH-1000XM4 Wireless Noise Cancelling Headphones,Headphones\295_Sony_WH-1000XM4_Wireless_Noise_Cancelling_Headphones.jpg,downloaded
296,Headphones,Sony,WF-1000XM5 True Wireless Earbuds,Sony WF-1000XM5 True Wireless Earbuds,Headphones\296_Sony_WF-1000XM5_True_Wireless_Earbuds.jpg,downloaded
297,Headphones,Sony,WH-CH720N Wireless Over-Ear Headphones,Sony WH-CH720N Wireless Over-Ear Headphones,Headphones\297_Sony_WH-CH720N_Wireless_Over-Ear_Headphones.jpg,downloaded
298,Headphones,Sony,WH-ULT900N ULT WEAR Wireless Bass Headphones,Sony WH-ULT900N ULT WEAR Wireless Bass Headphones,Headphones\298_Sony_WH-ULT900N_ULT_WEAR_Wireless_Bass_Headphones.jpg,downloaded
299,Headphones,Sony,LinkBuds S Truly Wireless Earbuds,Sony LinkBuds S Truly Wireless Earbuds,Headphones\299_Sony_LinkBuds_S_Truly_Wireless_Earbuds.jpg,downloaded
300,Headphones,Sony,MDR-7506 Professional Studio Monitor Headphones,Sony MDR-7506 Professional Studio Monitor Headphones,Headphones\300_Sony_MDR-7506_Professional_Studio_Monitor_Headphones.jpg,downloaded
301,Headphones,Sony,"WH-1000XM5 Wireless Headphones (Silver) (Glacier Silver, Audiophile Edition)","Sony WH-1000XM5 Wireless Headphones (Silver) (Glacier Silver, Audiophile Edition)","Headphones\301_Sony_WH-1000XM5_Wireless_Headphones_(Silver)_(Glacier_Silver,_Audiophile_Edition).jpg",downloaded
302,Headphones,Sony,"WH-1000XM4 Wireless Noise Cancelling Headphones (Midnight Navy, Travel Pack Edition)","Sony WH-1000XM4 Wireless Noise Cancelling Headphones (Midnight Navy, Travel Pack Edition)","Headphones\302_Sony_WH-1000XM4_Wireless_Noise_Cancelling_Headphones_(Midnight_Navy,_Travel_Pack_Edition).jpg",downloaded
303,Headphones,Sony,"WF-1000XM5 True Wireless Earbuds (Smoky White, Audiophile Edition)","Sony WF-1000XM5 True Wireless Earbuds (Smoky White, Audiophile Edition)","Headphones\303_Sony_WF-1000XM5_True_Wireless_Earbuds_(Smoky_White,_Audiophile_Edition).jpg",downloaded
304,Headphones,Sony,"WH-CH720N Wireless Over-Ear Headphones (Champagne Gold, Travel Pack Edition)","Sony WH-CH720N Wireless Over-Ear Headphones (Champagne Gold, Travel Pack Edition)","Headphones\304_Sony_WH-CH720N_Wireless_Over-Ear_Headphones_(Champagne_Gold,_Travel_Pack_Edition).jpg",downloaded
305,Headphones,Sony,"WH-ULT900N ULT WEAR Wireless Bass Headphones (Olive Green, Audiophile Edition)","Sony WH-ULT900N ULT WEAR Wireless Bass Headphones (Olive Green, Audiophile Edition)","Headphones\305_Sony_WH-ULT900N_ULT_WEAR_Wireless_Bass_Headphones_(Olive_Green,_Audiophile_Edition).jpg",downloaded
306,Headphones,Sony,"LinkBuds S Truly Wireless Earbuds (Matte Black, Travel Pack Edition)","Sony LinkBuds S Truly Wireless Earbuds (Matte Black, Travel Pack Edition)","Headphones\306_Sony_LinkBuds_S_Truly_Wireless_Earbuds_(Matte_Black,_Travel_Pack_Edition).jpg",downloaded
307,Headphones,Sony,"MDR-7506 Professional Studio Monitor Headphones (Glacier Silver, Audiophile Edition)","Sony MDR-7506 Professional Studio Monitor Headphones (Glacier Silver, Audiophile Edition)","Headphones\307_Sony_MDR-7506_Professional_Studio_Monitor_Headphones_(Glacier_Silver,_Audiophile_Edition).jpg",downloaded
308,Headphones,Sony,"WH-1000XM5 Wireless Noise Cancelling Headphones (Glacier Silver, Audiophile Edition)","Sony WH-1000XM5 Wireless Noise Cancelling Headphones (Glacier Silver, Audiophile Edition)","Headphones\308_Sony_WH-1000XM5_Wireless_Noise_Cancelling_Headphones_(Glacier_Silver,_Audiophile_Edition).jpg",downloaded
309,Headphones,Sony,"WH-1000XM5 Wireless Headphones (Silver) (Midnight Navy, Travel Pack Edition)","Sony WH-1000XM5 Wireless Headphones (Silver) (Midnight Navy, Travel Pack Edition)","Headphones\309_Sony_WH-1000XM5_Wireless_Headphones_(Silver)_(Midnight_Navy,_Travel_Pack_Edition).jpg",downloaded
310,Headphones,Sony,"WH-1000XM4 Wireless Noise Cancelling Headphones (Smoky White, Audiophile Edition)","Sony WH-1000XM4 Wireless Noise Cancelling Headphones (Smoky White, Audiophile Edition)","Headphones\310_Sony_WH-1000XM4_Wireless_Noise_Cancelling_Headphones_(Smoky_White,_Audiophile_Edition).jpg",downloaded
311,Headphones,Sony,"WF-1000XM5 True Wireless Earbuds (Champagne Gold, Travel Pack Edition)","Sony WF-1000XM5 True Wireless Earbuds (Champagne Gold, Travel Pack Edition)","Headphones\311_Sony_WF-1000XM5_True_Wireless_Earbuds_(Champagne_Gold,_Travel_Pack_Edition).jpg",downloaded
312,Headphones,Sony,"WH-CH720N Wireless Over-Ear Headphones (Olive Green, Audiophile Edition)","Sony WH-CH720N Wireless Over-Ear Headphones (Olive Green, Audiophile Edition)","Headphones\312_Sony_WH-CH720N_Wireless_Over-Ear_Headphones_(Olive_Green,_Audiophile_Edition).jpg",downloaded
313,Headphones,Sony,"WH-ULT900N ULT WEAR Wireless Bass Headphones (Matte Black, Travel Pack Edition)","Sony WH-ULT900N ULT WEAR Wireless Bass Headphones (Matte Black, Travel Pack Edition)","Headphones\313_Sony_WH-ULT900N_ULT_WEAR_Wireless_Bass_Headphones_(Matte_Black,_Travel_Pack_Edition).jpg",downloaded
314,Headphones,Sony,"LinkBuds S Truly Wireless Earbuds (Glacier Silver, Audiophile Edition)","Sony LinkBuds S Truly Wireless Earbuds (Glacier Silver, Audiophile Edition)","Headphones\314_Sony_LinkBuds_S_Truly_Wireless_Earbuds_(Glacier_Silver,_Audiophile_Edition).jpg",downloaded
315,Headphones,Sony,"MDR-7506 Professional Studio Monitor Headphones (Midnight Navy, Travel Pack Edition)","Sony MDR-7506 Professional Studio Monitor Headphones (Midnight Navy, Travel Pack Edition)","Headphones\315_Sony_MDR-7506_Professional_Studio_Monitor_Headphones_(Midnight_Navy,_Travel_Pack_Edition).jpg",downloaded
316,Smartwatches,Amazfit,Balance Smartwatch with AI Sleep & Fitness Coach,Amazfit Balance Smartwatch with AI Sleep & Fitness Coach,,not_found
317,Smartwatches,Amazfit,Cheetah Pro Premium GPS Running Watch,Amazfit Cheetah Pro Premium GPS Running Watch,,not_found
318,Smartwatches,Amazfit,T-Rex 2 Rugged Outdoor Watch 15 Military Certifications,Amazfit T-Rex 2 Rugged Outdoor Watch 15 Military Certifications,,not_found
319,Smartwatches,Amazfit,Balance Smartwatch with AI Sleep & Fitness Coach (Ocean Diver Strap),Amazfit Balance Smartwatch with AI Sleep & Fitness Coach (Ocean Diver Strap),,not_found
320,Smartwatches,Amazfit,Cheetah Pro Premium GPS Running Watch (Silicone Rugged Strap),Amazfit Cheetah Pro Premium GPS Running Watch (Silicone Rugged Strap),,not_found
321,Smartwatches,Amazfit,T-Rex 2 Rugged Outdoor Watch 15 Military Certifications (Sport Loop Band),Amazfit T-Rex 2 Rugged Outdoor Watch 15 Military Certifications (Sport Loop Band),,not_found
322,Smartwatches,Amazfit,Balance Smartwatch with AI Sleep & Fitness Coach (Silicone Rugged Strap),Amazfit Balance Smartwatch with AI Sleep & Fitness Coach (Silicone Rugged Strap),,not_found
323,Smartwatches,Amazfit,Cheetah Pro Premium GPS Running Watch (Sport Loop Band),Amazfit Cheetah Pro Premium GPS Running Watch (Sport Loop Band),,not_found
324,Smartwatches,Amazfit,T-Rex 2 Rugged Outdoor Watch 15 Military Certifications (Alpine Trail Loop),Amazfit T-Rex 2 Rugged Outdoor Watch 15 Military Certifications (Alpine Trail Loop),,not_found
325,Smartwatches,Apple,Apple Watch Ultra 2 GPS + Cellular 49mm Titanium,Apple Apple Watch Ultra 2 GPS + Cellular 49mm Titanium,Smartwatches\325_Apple_Apple_Watch_Ultra_2_GPS_+_Cellular_49mm_Titanium.jpg,downloaded
326,Smartwatches,Apple,Apple Watch Ultra 2 with Black Titanium Milanese Loop,Apple Apple Watch Ultra 2 with Black Titanium Milanese Loop,Smartwatches\326_Apple_Apple_Watch_Ultra_2_with_Black_Titanium_Milanese_Loop.jpg,downloaded
327,Smartwatches,Apple,Apple Watch Series 9 GPS 45mm Midnight Aluminum,Apple Apple Watch Series 9 GPS 45mm Midnight Aluminum,Smartwatches\327_Apple_Apple_Watch_Series_9_GPS_45mm_Midnight_Aluminum.jpg,downloaded
328,Smartwatches,Apple,Apple Watch Series 9 GPS + Cellular 45mm Stainless Steel,Apple Apple Watch Series 9 GPS + Cellular 45mm Stainless Steel,Smartwatches\328_Apple_Apple_Watch_Series_9_GPS_+_Cellular_45mm_Stainless_Steel.jpg,downloaded
329,Smartwatches,Apple,Apple Watch Series 9 GPS 41mm Starlight,Apple Apple Watch Series 9 GPS 41mm Starlight,Smartwatches\329_Apple_Apple_Watch_Series_9_GPS_41mm_Starlight.jpg,downloaded
330,Smartwatches,Apple,Apple Watch Series 9 GPS 45mm (PRODUCT)RED,Apple Apple Watch Series 9 GPS 45mm (PRODUCT)RED,Smartwatches\330_Apple_Apple_Watch_Series_9_GPS_45mm_(PRODUCT)RED.jpg,downloaded
331,Smartwatches,Apple,Apple Watch SE (2nd Gen) GPS 44mm Midnight,Apple Apple Watch SE (2nd Gen) GPS 44mm Midnight,Smartwatches\331_Apple_Apple_Watch_SE_(2nd_Gen)_GPS_44mm_Midnight.jpg,downloaded
332,Smartwatches,Apple,Apple Watch SE (2nd Gen) GPS 40mm Starlight,Apple Apple Watch SE (2nd Gen) GPS 40mm Starlight,Smartwatches\332_Apple_Apple_Watch_SE_(2nd_Gen)_GPS_40mm_Starlight.jpg,downloaded
333,Smartwatches,Apple,Apple Watch Ultra 2 with Black Titanium Milanese Loop (Alpine Trail Loop),Apple Apple Watch Ultra 2 with Black Titanium Milanese Loop (Alpine Trail Loop),Smartwatches\333_Apple_Apple_Watch_Ultra_2_with_Black_Titanium_Milanese_Loop_(Alpine_Trail_Loop).jpg,downloaded
334,Smartwatches,Apple,Apple Watch Series 9 GPS 45mm Midnight Aluminum (Leather Link Edition),Apple Apple Watch Series 9 GPS 45mm Midnight Aluminum (Leather Link Edition),Smartwatches\334_Apple_Apple_Watch_Series_9_GPS_45mm_Midnight_Aluminum_(Leather_Link_Edition).jpg,downloaded
335,Smartwatches,Apple,Apple Watch Series 9 GPS + Cellular 45mm Stainless Steel (Titanium Bracelet Edition),Apple Apple Watch Series 9 GPS + Cellular 45mm Stainless Steel (Titanium Bracelet Edition),Smartwatches\335_Apple_Apple_Watch_Series_9_GPS_+_Cellular_45mm_Stainless_Steel_(Titanium_Bracelet_Edition).jpg,downloaded
336,Smartwatches,Apple,Apple Watch Series 9 GPS 41mm Starlight (Ocean Diver Strap),Apple Apple Watch Series 9 GPS 41mm Starlight (Ocean Diver Strap),Smartwatches\336_Apple_Apple_Watch_Series_9_GPS_41mm_Starlight_(Ocean_Diver_Strap).jpg,downloaded
337,Smartwatches,Apple,Apple Watch Series 9 GPS 45mm (PRODUCT)RED (Silicone Rugged Strap),Apple Apple Watch Series 9 GPS 45mm (PRODUCT)RED (Silicone Rugged Strap),Smartwatches\337_Apple_Apple_Watch_Series_9_GPS_45mm_(PRODUCT)RED_(Silicone_Rugged_Strap).jpg,downloaded
338,Smartwatches,Apple,Apple Watch SE (2nd Gen) GPS 44mm Midnight (Sport Loop Band),Apple Apple Watch SE (2nd Gen) GPS 44mm Midnight (Sport Loop Band),Smartwatches\338_Apple_Apple_Watch_SE_(2nd_Gen)_GPS_44mm_Midnight_(Sport_Loop_Band).jpg,downloaded
339,Smartwatches,Apple,Apple Watch SE (2nd Gen) GPS 40mm Starlight (Alpine Trail Loop),Apple Apple Watch SE (2nd Gen) GPS 40mm Starlight (Alpine Trail Loop),Smartwatches\339_Apple_Apple_Watch_SE_(2nd_Gen)_GPS_40mm_Starlight_(Alpine_Trail_Loop).jpg,downloaded
340,Smartwatches,Apple,Apple Watch Ultra 2 GPS + Cellular 49mm Titanium (Alpine Trail Loop),Apple Apple Watch Ultra 2 GPS + Cellular 49mm Titanium (Alpine Trail Loop),Smartwatches\340_Apple_Apple_Watch_Ultra_2_GPS_+_Cellular_49mm_Titanium_(Alpine_Trail_Loop).jpg,downloaded
341,Smartwatches,Apple,Apple Watch Ultra 2 with Black Titanium Milanese Loop (Leather Link Edition),Apple Apple Watch Ultra 2 with Black Titanium Milanese Loop (Leather Link Edition),Smartwatches\341_Apple_Apple_Watch_Ultra_2_with_Black_Titanium_Milanese_Loop_(Leather_Link_Edition).jpg,downloaded
342,Smartwatches,Apple,Apple Watch Series 9 GPS 45mm Midnight Aluminum (Titanium Bracelet Edition),Apple Apple Watch Series 9 GPS 45mm Midnight Aluminum (Titanium Bracelet Edition),Smartwatches\342_Apple_Apple_Watch_Series_9_GPS_45mm_Midnight_Aluminum_(Titanium_Bracelet_Edition).jpg,downloaded
343,Smartwatches,Apple,Apple Watch Series 9 GPS + Cellular 45mm Stainless Steel (Ocean Diver Strap),Apple Apple Watch Series 9 GPS + Cellular 45mm Stainless Steel (Ocean Diver Strap),Smartwatches\343_Apple_Apple_Watch_Series_9_GPS_+_Cellular_45mm_Stainless_Steel_(Ocean_Diver_Strap).jpg,downloaded
344,Smartwatches,Apple,Apple Watch Series 9 GPS 41mm Starlight (Silicone Rugged Strap),Apple Apple Watch Series 9 GPS 41mm Starlight (Silicone Rugged Strap),Smartwatches\344_Apple_Apple_Watch_Series_9_GPS_41mm_Starlight_(Silicone_Rugged_Strap).jpg,downloaded
345,Smartwatches,Apple,Apple Watch Series 9 GPS 45mm (PRODUCT)RED (Sport Loop Band),Apple Apple Watch Series 9 GPS 45mm (PRODUCT)RED (Sport Loop Band),Smartwatches\345_Apple_Apple_Watch_Series_9_GPS_45mm_(PRODUCT)RED_(Sport_Loop_Band).jpg,downloaded
346,Smartwatches,Apple,Apple Watch SE (2nd Gen) GPS 44mm Midnight (Alpine Trail Loop),Apple Apple Watch SE (2nd Gen) GPS 44mm Midnight (Alpine Trail Loop),Smartwatches\346_Apple_Apple_Watch_SE_(2nd_Gen)_GPS_44mm_Midnight_(Alpine_Trail_Loop).jpg,downloaded
347,Smartwatches,Apple,Apple Watch SE (2nd Gen) GPS 40mm Starlight (Leather Link Edition),Apple Apple Watch SE (2nd Gen) GPS 40mm Starlight (Leather Link Edition),Smartwatches\347_Apple_Apple_Watch_SE_(2nd_Gen)_GPS_40mm_Starlight_(Leather_Link_Edition).jpg,downloaded
348,Smartwatches,Apple,Apple Watch Ultra 2 GPS + Cellular 49mm Titanium (Leather Link Edition),Apple Apple Watch Ultra 2 GPS + Cellular 49mm Titanium (Leather Link Edition),Smartwatches\348_Apple_Apple_Watch_Ultra_2_GPS_+_Cellular_49mm_Titanium_(Leather_Link_Edition).jpg,downloaded
349,Smartwatches,Apple,Apple Watch Ultra 2 with Black Titanium Milanese Loop (Titanium Bracelet Edition),Apple Apple Watch Ultra 2 with Black Titanium Milanese Loop (Titanium Bracelet Edition),Smartwatches\349_Apple_Apple_Watch_Ultra_2_with_Black_Titanium_Milanese_Loop_(Titanium_Bracelet_Edition).jpg,downloaded
350,Smartwatches,Apple,Apple Watch Series 9 GPS 45mm Midnight Aluminum (Ocean Diver Strap),Apple Apple Watch Series 9 GPS 45mm Midnight Aluminum (Ocean Diver Strap),Smartwatches\350_Apple_Apple_Watch_Series_9_GPS_45mm_Midnight_Aluminum_(Ocean_Diver_Strap).jpg,downloaded
351,Smartwatches,Apple,Apple Watch Series 9 GPS + Cellular 45mm Stainless Steel (Silicone Rugged Strap),Apple Apple Watch Series 9 GPS + Cellular 45mm Stainless Steel (Silicone Rugged Strap),Smartwatches\351_Apple_Apple_Watch_Series_9_GPS_+_Cellular_45mm_Stainless_Steel_(Silicone_Rugged_Strap).jpg,downloaded
352,Smartwatches,Apple,Apple Watch Series 9 GPS 41mm Starlight (Sport Loop Band),Apple Apple Watch Series 9 GPS 41mm Starlight (Sport Loop Band),Smartwatches\352_Apple_Apple_Watch_Series_9_GPS_41mm_Starlight_(Sport_Loop_Band).jpg,downloaded
353,Smartwatches,Apple,Apple Watch Series 9 GPS 45mm (PRODUCT)RED (Alpine Trail Loop),Apple Apple Watch Series 9 GPS 45mm (PRODUCT)RED (Alpine Trail Loop),Smartwatches\353_Apple_Apple_Watch_Series_9_GPS_45mm_(PRODUCT)RED_(Alpine_Trail_Loop).jpg,downloaded
354,Smartwatches,Apple,Apple Watch SE (2nd Gen) GPS 44mm Midnight (Leather Link Edition),Apple Apple Watch SE (2nd Gen) GPS 44mm Midnight (Leather Link Edition),Smartwatches\354_Apple_Apple_Watch_SE_(2nd_Gen)_GPS_44mm_Midnight_(Leather_Link_Edition).jpg,downloaded
355,Smartwatches,Apple,Apple Watch SE (2nd Gen) GPS 40mm Starlight (Titanium Bracelet Edition),Apple Apple Watch SE (2nd Gen) GPS 40mm Starlight (Titanium Bracelet Edition),Smartwatches\355_Apple_Apple_Watch_SE_(2nd_Gen)_GPS_40mm_Starlight_(Titanium_Bracelet_Edition).jpg,downloaded
356,Smartwatches,Garmin,Epix Pro (Gen 2) 51mm Sapphire Edition Titanium,Garmin Epix Pro (Gen 2) 51mm Sapphire Edition Titanium,Smartwatches\356_Garmin_Epix_Pro_(Gen_2)_51mm_Sapphire_Edition_Titanium.jpg,downloaded
357,Smartwatches,Garmin,Fenix 7 Pro Solar Sapphire Edition 47mm,Garmin Fenix 7 Pro Solar Sapphire Edition 47mm,,not_found
358,Smartwatches,Garmin,Forerunner 965 Premium GPS Running Watch,Garmin Forerunner 965 Premium GPS Running Watch,Smartwatches\358_Garmin_Forerunner_965_Premium_GPS_Running_Watch.jpg,downloaded
359,Smartwatches,Garmin,Forerunner 265 GPS Running Smartwatch 46mm,Garmin Forerunner 265 GPS Running Smartwatch 46mm,Smartwatches\359_Garmin_Forerunner_265_GPS_Running_Smartwatch_46mm.jpg,downloaded
360,Smartwatches,Garmin,Venu 3 GPS Smartwatch Slate Stainless Steel,Garmin Venu 3 GPS Smartwatch Slate Stainless Steel,Smartwatches\360_Garmin_Venu_3_GPS_Smartwatch_Slate_Stainless_Steel.jpg,downloaded
361,Smartwatches,Garmin,Instinct 2X Solar Rugged GPS Watch 50mm,Garmin Instinct 2X Solar Rugged GPS Watch 50mm,Smartwatches\361_Garmin_Instinct_2X_Solar_Rugged_GPS_Watch_50mm.jpg,downloaded
362,Smartwatches,Garmin,Epix Pro (Gen 2) 51mm Sapphire Edition Titanium (Silicone Rugged Strap),Garmin Epix Pro (Gen 2) 51mm Sapphire Edition Titanium (Silicone Rugged Strap),Smartwatches\362_Garmin_Epix_Pro_(Gen_2)_51mm_Sapphire_Edition_Titanium_(Silicone_Rugged_Strap).jpg,downloaded
363,Smartwatches,Garmin,Fenix 7 Pro Solar Sapphire Edition 47mm (Sport Loop Band),Garmin Fenix 7 Pro Solar Sapphire Edition 47mm (Sport Loop Band),Smartwatches\363_Garmin_Fenix_7_Pro_Solar_Sapphire_Edition_47mm_(Sport_Loop_Band).jpg,downloaded
364,Smartwatches,Garmin,Forerunner 965 Premium GPS Running Watch (Alpine Trail Loop),Garmin Forerunner 965 Premium GPS Running Watch (Alpine Trail Loop),Smartwatches\364_Garmin_Forerunner_965_Premium_GPS_Running_Watch_(Alpine_Trail_Loop).jpg,downloaded
365,Smartwatches,Garmin,Forerunner 265 GPS Running Smartwatch 46mm (Leather Link Edition),Garmin Forerunner 265 GPS Running Smartwatch 46mm (Leather Link Edition),Smartwatches\365_Garmin_Forerunner_265_GPS_Running_Smartwatch_46mm_(Leather_Link_Edition).jpg,downloaded
366,Smartwatches,Garmin,Venu 3 GPS Smartwatch Slate Stainless Steel (Titanium Bracelet Edition),Garmin Venu 3 GPS Smartwatch Slate Stainless Steel (Titanium Bracelet Edition),Smartwatches\366_Garmin_Venu_3_GPS_Smartwatch_Slate_Stainless_Steel_(Titanium_Bracelet_Edition).jpg,downloaded
367,Smartwatches,Garmin,Instinct 2X Solar Rugged GPS Watch 50mm (Ocean Diver Strap),Garmin Instinct 2X Solar Rugged GPS Watch 50mm (Ocean Diver Strap),Smartwatches\367_Garmin_Instinct_2X_Solar_Rugged_GPS_Watch_50mm_(Ocean_Diver_Strap).jpg,downloaded
368,Smartwatches,Garmin,Epix Pro (Gen 2) 51mm Sapphire Edition Titanium (Sport Loop Band),Garmin Epix Pro (Gen 2) 51mm Sapphire Edition Titanium (Sport Loop Band),Smartwatches\368_Garmin_Epix_Pro_(Gen_2)_51mm_Sapphire_Edition_Titanium_(Sport_Loop_Band).jpg,downloaded
369,Smartwatches,Garmin,Fenix 7 Pro Solar Sapphire Edition 47mm (Alpine Trail Loop),Garmin Fenix 7 Pro Solar Sapphire Edition 47mm (Alpine Trail Loop),Smartwatches\369_Garmin_Fenix_7_Pro_Solar_Sapphire_Edition_47mm_(Alpine_Trail_Loop).jpg,downloaded
370,Smartwatches,Garmin,Forerunner 965 Premium GPS Running Watch (Leather Link Edition),Garmin Forerunner 965 Premium GPS Running Watch (Leather Link Edition),Smartwatches\370_Garmin_Forerunner_965_Premium_GPS_Running_Watch_(Leather_Link_Edition).jpg,downloaded
371,Smartwatches,Garmin,Forerunner 265 GPS Running Smartwatch 46mm (Titanium Bracelet Edition),Garmin Forerunner 265 GPS Running Smartwatch 46mm (Titanium Bracelet Edition),Smartwatches\371_Garmin_Forerunner_265_GPS_Running_Smartwatch_46mm_(Titanium_Bracelet_Edition).jpg,downloaded
372,Smartwatches,Garmin,Venu 3 GPS Smartwatch Slate Stainless Steel (Ocean Diver Strap),Garmin Venu 3 GPS Smartwatch Slate Stainless Steel (Ocean Diver Strap),Smartwatches\372_Garmin_Venu_3_GPS_Smartwatch_Slate_Stainless_Steel_(Ocean_Diver_Strap).jpg,downloaded
373,Smartwatches,Garmin,Instinct 2X Solar Rugged GPS Watch 50mm (Silicone Rugged Strap),Garmin Instinct 2X Solar Rugged GPS Watch 50mm (Silicone Rugged Strap),Smartwatches\373_Garmin_Instinct_2X_Solar_Rugged_GPS_Watch_50mm_(Silicone_Rugged_Strap).jpg,downloaded
374,Smartwatches,Google,Pixel Watch 3 45mm Matte Black with Obsidian Active Band,Google Pixel Watch 3 45mm Matte Black with Obsidian Active Band,Smartwatches\374_Google_Pixel_Watch_3_45mm_Matte_Black_with_Obsidian_Active_Band.jpg,downloaded
375,Smartwatches,Google,Pixel Watch 3 41mm Polished Silver with Porcelain Band,Google Pixel Watch 3 41mm Polished Silver with Porcelain Band,Smartwatches\375_Google_Pixel_Watch_3_41mm_Polished_Silver_with_Porcelain_Band.jpg,downloaded
376,Smartwatches,Google,Pixel Watch 2 Matte Black Aluminum Case,Google Pixel Watch 2 Matte Black Aluminum Case,Smartwatches\376_Google_Pixel_Watch_2_Matte_Black_Aluminum_Case.jpg,downloaded
377,Smartwatches,Google,Pixel Watch 3 45mm Matte Black with Obsidian Active Band (Silicone Rugged Strap),Google Pixel Watch 3 45mm Matte Black with Obsidian Active Band (Silicone Rugged Strap),Smartwatches\377_Google_Pixel_Watch_3_45mm_Matte_Black_with_Obsidian_Active_Band_(Silicone_Rugged_Strap).jpg,downloaded
378,Smartwatches,Google,Pixel Watch 3 41mm Polished Silver with Porcelain Band (Sport Loop Band),Google Pixel Watch 3 41mm Polished Silver with Porcelain Band (Sport Loop Band),Smartwatches\378_Google_Pixel_Watch_3_41mm_Polished_Silver_with_Porcelain_Band_(Sport_Loop_Band).jpg,downloaded
379,Smartwatches,Google,Pixel Watch 2 Matte Black Aluminum Case (Alpine Trail Loop),Google Pixel Watch 2 Matte Black Aluminum Case (Alpine Trail Loop),Smartwatches\379_Google_Pixel_Watch_2_Matte_Black_Aluminum_Case_(Alpine_Trail_Loop).jpg,downloaded
380,Smartwatches,Google,Pixel Watch 3 45mm Matte Black with Obsidian Active Band (Sport Loop Band),Google Pixel Watch 3 45mm Matte Black with Obsidian Active Band (Sport Loop Band),Smartwatches\380_Google_Pixel_Watch_3_45mm_Matte_Black_with_Obsidian_Active_Band_(Sport_Loop_Band).jpg,downloaded
381,Smartwatches,Google,Pixel Watch 3 41mm Polished Silver with Porcelain Band (Alpine Trail Loop),Google Pixel Watch 3 41mm Polished Silver with Porcelain Band (Alpine Trail Loop),Smartwatches\381_Google_Pixel_Watch_3_41mm_Polished_Silver_with_Porcelain_Band_(Alpine_Trail_Loop).jpg,downloaded
382,Smartwatches,Google,Pixel Watch 2 Matte Black Aluminum Case (Leather Link Edition),Google Pixel Watch 2 Matte Black Aluminum Case (Leather Link Edition),Smartwatches\382_Google_Pixel_Watch_2_Matte_Black_Aluminum_Case_(Leather_Link_Edition).jpg,downloaded
383,Smartwatches,OnePlus,OnePlus Watch 2 (Qualcomm Snapdragon W5 + BES2700),OnePlus OnePlus Watch 2 (Qualcomm Snapdragon W5 + BES2700),Smartwatches\383_OnePlus_OnePlus_Watch_2_(Qualcomm_Snapdragon_W5_+_BES2700).jpg,downloaded
384,Smartwatches,OnePlus,OnePlus Watch 2R Forest Green,OnePlus OnePlus Watch 2R Forest Green,Smartwatches\384_OnePlus_OnePlus_Watch_2R_Forest_Green.jpg,downloaded
385,Smartwatches,OnePlus,OnePlus Watch 2 (Qualcomm Snapdragon W5 + BES2700) (Leather Link Edition),OnePlus OnePlus Watch 2 (Qualcomm Snapdragon W5 + BES2700) (Leather Link Edition),Smartwatches\385_OnePlus_OnePlus_Watch_2_(Qualcomm_Snapdragon_W5_+_BES2700)_(Leather_Link_Edition).jpg,downloaded
386,Smartwatches,OnePlus,OnePlus Watch 2R Forest Green (Titanium Bracelet Edition),OnePlus OnePlus Watch 2R Forest Green (Titanium Bracelet Edition),Smartwatches\386_OnePlus_OnePlus_Watch_2R_Forest_Green_(Titanium_Bracelet_Edition).jpg,downloaded
387,Smartwatches,OnePlus,OnePlus Watch 2 (Qualcomm Snapdragon W5 + BES2700) (Titanium Bracelet Edition),OnePlus OnePlus Watch 2 (Qualcomm Snapdragon W5 + BES2700) (Titanium Bracelet Edition),Smartwatches\387_OnePlus_OnePlus_Watch_2_(Qualcomm_Snapdragon_W5_+_BES2700)_(Titanium_Bracelet_Edition).jpg,downloaded
388,Smartwatches,OnePlus,OnePlus Watch 2R Forest Green (Ocean Diver Strap),OnePlus OnePlus Watch 2R Forest Green (Ocean Diver Strap),Smartwatches\388_OnePlus_OnePlus_Watch_2R_Forest_Green_(Ocean_Diver_Strap).jpg,downloaded
389,Smartwatches,Samsung,Galaxy Watch Ultra 47mm LTE Titanium Gray,Samsung Galaxy Watch Ultra 47mm LTE Titanium Gray,,not_found
390,Smartwatches,Samsung,Galaxy Watch Ultra 47mm LTE Titanium White,Samsung Galaxy Watch Ultra 47mm LTE Titanium White,,not_found
391,Smartwatches,Samsung,Galaxy Watch 7 44mm Bluetooth Green,Samsung Galaxy Watch 7 44mm Bluetooth Green,,not_found
392,Smartwatches,Samsung,Galaxy Watch 7 44mm LTE Silver,Samsung Galaxy Watch 7 44mm LTE Silver,,not_found
393,Smartwatches,Samsung,Galaxy Watch 7 40mm Bluetooth Cream,Samsung Galaxy Watch 7 40mm Bluetooth Cream,,not_found
394,Smartwatches,Samsung,Galaxy Watch 6 Classic 47mm BT Black,Samsung Galaxy Watch 6 Classic 47mm BT Black,,not_found
395,Smartwatches,Samsung,Galaxy Watch 6 Classic 43mm Silver,Samsung Galaxy Watch 6 Classic 43mm Silver,,not_found
396,Smartwatches,Samsung,Galaxy Watch 6 44mm Graphite,Samsung Galaxy Watch 6 44mm Graphite,,not_found
397,Smartwatches,Samsung,Galaxy Watch 4 44mm Bluetooth,Samsung Galaxy Watch 4 44mm Bluetooth,,not_found
398,Smartwatches,Samsung,Galaxy Watch Ultra 47mm LTE Titanium Gray (Leather Link Edition),Samsung Galaxy Watch Ultra 47mm LTE Titanium Gray (Leather Link Edition),,not_found
399,Smartwatches,Samsung,Galaxy Watch Ultra 47mm LTE Titanium White (Titanium Bracelet Edition),Samsung Galaxy Watch Ultra 47mm LTE Titanium White (Titanium Bracelet Edition),,not_found
400,Smartwatches,Samsung,Galaxy Watch 7 44mm Bluetooth Green (Ocean Diver Strap),Samsung Galaxy Watch 7 44mm Bluetooth Green (Ocean Diver Strap),,not_found
401,Smartwatches,Samsung,Galaxy Watch 7 44mm LTE Silver (Silicone Rugged Strap),Samsung Galaxy Watch 7 44mm LTE Silver (Silicone Rugged Strap),,not_found
402,Smartwatches,Samsung,Galaxy Watch 7 40mm Bluetooth Cream (Sport Loop Band),Samsung Galaxy Watch 7 40mm Bluetooth Cream (Sport Loop Band),,not_found
403,Smartwatches,Samsung,Galaxy Watch 6 Classic 47mm BT Black (Alpine Trail Loop),Samsung Galaxy Watch 6 Classic 47mm BT Black (Alpine Trail Loop),,not_found
404,Smartwatches,Samsung,Galaxy Watch 6 Classic 43mm Silver (Leather Link Edition),Samsung Galaxy Watch 6 Classic 43mm Silver (Leather Link Edition),,not_found
405,Smartwatches,Samsung,Galaxy Watch 6 44mm Graphite (Titanium Bracelet Edition),Samsung Galaxy Watch 6 44mm Graphite (Titanium Bracelet Edition),,not_found
406,Smartwatches,Samsung,Galaxy Watch 4 44mm Bluetooth (Ocean Diver Strap),Samsung Galaxy Watch 4 44mm Bluetooth (Ocean Diver Strap),,not_found
407,Smartwatches,Samsung,Galaxy Watch Ultra 47mm LTE Titanium Gray (Titanium Bracelet Edition),Samsung Galaxy Watch Ultra 47mm LTE Titanium Gray (Titanium Bracelet Edition),,not_found
408,Smartwatches,Samsung,Galaxy Watch Ultra 47mm LTE Titanium White (Ocean Diver Strap),Samsung Galaxy Watch Ultra 47mm LTE Titanium White (Ocean Diver Strap),,not_found
409,Smartwatches,Samsung,Galaxy Watch 7 44mm Bluetooth Green (Silicone Rugged Strap),Samsung Galaxy Watch 7 44mm Bluetooth Green (Silicone Rugged Strap),,not_found
410,Smartwatches,Samsung,Galaxy Watch 7 44mm LTE Silver (Sport Loop Band),Samsung Galaxy Watch 7 44mm LTE Silver (Sport Loop Band),,not_found
411,Smartwatches,Samsung,Galaxy Watch 7 40mm Bluetooth Cream (Alpine Trail Loop),Samsung Galaxy Watch 7 40mm Bluetooth Cream (Alpine Trail Loop),,not_found
412,Smartwatches,Samsung,Galaxy Watch 6 Classic 47mm BT Black (Leather Link Edition),Samsung Galaxy Watch 6 Classic 47mm BT Black (Leather Link Edition),,not_found
413,Smartwatches,Samsung,Galaxy Watch 6 Classic 43mm Silver (Titanium Bracelet Edition),Samsung Galaxy Watch 6 Classic 43mm Silver (Titanium Bracelet Edition),,not_found
414,Smartwatches,Samsung,Galaxy Watch 6 44mm Graphite (Ocean Diver Strap),Samsung Galaxy Watch 6 44mm Graphite (Ocean Diver Strap),,not_found
415,Smartwatches,Samsung,Galaxy Watch 4 44mm Bluetooth (Silicone Rugged Strap),Samsung Galaxy Watch 4 44mm Bluetooth (Silicone Rugged Strap),,not_found
416,Smartwatches,Samsung,Galaxy Watch Ultra 47mm LTE Titanium Gray (Ocean Diver Strap),Samsung Galaxy Watch Ultra 47mm LTE Titanium Gray (Ocean Diver Strap),,not_found
417,Smartwatches,Samsung,Galaxy Watch Ultra 47mm LTE Titanium White (Silicone Rugged Strap),Samsung Galaxy Watch Ultra 47mm LTE Titanium White (Silicone Rugged Strap),,not_found
418,Smartwatches,Samsung,Galaxy Watch 7 44mm Bluetooth Green (Sport Loop Band),Samsung Galaxy Watch 7 44mm Bluetooth Green (Sport Loop Band),,not_found
419,Smartwatches,Samsung,Galaxy Watch 7 44mm LTE Silver (Alpine Trail Loop),Samsung Galaxy Watch 7 44mm LTE Silver (Alpine Trail Loop),,not_found
420,Smartwatches,Samsung,Galaxy Watch 7 40mm Bluetooth Cream (Leather Link Edition),Samsung Galaxy Watch 7 40mm Bluetooth Cream (Leather Link Edition),,not_found
421,Monitors,ASUS,"ROG Swift OLED PG32UCDM 32"" 4K 240Hz QD-OLED Gaming Monitor","ASUS ROG Swift OLED PG32UCDM 32"" 4K 240Hz QD-OLED Gaming Monitor",Monitors\421_ASUS_ROG_Swift_OLED_PG32UCDM_32_4K_240Hz_QD-OLED_Gaming_Monitor.jpg,downloaded
422,Monitors,ASUS,"ROG Swift PG27AQDM 27"" QHD 240Hz OLED Gaming Monitor","ASUS ROG Swift PG27AQDM 27"" QHD 240Hz OLED Gaming Monitor",Monitors\422_ASUS_ROG_Swift_PG27AQDM_27_QHD_240Hz_OLED_Gaming_Monitor.jpg,downloaded
423,Monitors,ASUS,"TUF Gaming VG27AQ 27"" QHD 165Hz IPS Gaming Monitor","ASUS TUF Gaming VG27AQ 27"" QHD 165Hz IPS Gaming Monitor",Monitors\423_ASUS_TUF_Gaming_VG27AQ_27_QHD_165Hz_IPS_Gaming_Monitor.jpg,downloaded
424,Monitors,ASUS,"ROG Swift OLED PG32UCDM 32"" 4K 240Hz QD-OLED Gaming Monitor (Factory Calibrated Color Profile)","ASUS ROG Swift OLED PG32UCDM 32"" 4K 240Hz QD-OLED Gaming Monitor (Factory Calibrated Color Profile)",Monitors\424_ASUS_ROG_Swift_OLED_PG32UCDM_32_4K_240Hz_QD-OLED_Gaming_Monitor_(Factory_Calibrated_Color_Profile).jpg,downloaded
425,Monitors,ASUS,"ROG Swift PG27AQDM 27"" QHD 240Hz OLED Gaming Monitor (Dual HDMI 2.1 Console Pack)","ASUS ROG Swift PG27AQDM 27"" QHD 240Hz OLED Gaming Monitor (Dual HDMI 2.1 Console Pack)",Monitors\425_ASUS_ROG_Swift_PG27AQDM_27_QHD_240Hz_OLED_Gaming_Monitor_(Dual_HDMI_2.1_Console_Pack).jpg,downloaded
426,Monitors,ASUS,"TUF Gaming VG27AQ 27"" QHD 165Hz IPS Gaming Monitor (Anti-Glare Pro Shield Edition)","ASUS TUF Gaming VG27AQ 27"" QHD 165Hz IPS Gaming Monitor (Anti-Glare Pro Shield Edition)",Monitors\426_ASUS_TUF_Gaming_VG27AQ_27_QHD_165Hz_IPS_Gaming_Monitor_(Anti-Glare_Pro_Shield_Edition).jpg,downloaded
427,Monitors,ASUS,"ROG Swift OLED PG32UCDM 32"" 4K 240Hz QD-OLED Gaming Monitor (Anti-Glare Pro Shield Edition)","ASUS ROG Swift OLED PG32UCDM 32"" 4K 240Hz QD-OLED Gaming Monitor (Anti-Glare Pro Shield Edition)",Monitors\427_ASUS_ROG_Swift_OLED_PG32UCDM_32_4K_240Hz_QD-OLED_Gaming_Monitor_(Anti-Glare_Pro_Shield_Edition).jpg,downloaded
428,Monitors,ASUS,"ROG Swift PG27AQDM 27"" QHD 240Hz OLED Gaming Monitor (Zero-Dead-Pixel Guarantee Edition)","ASUS ROG Swift PG27AQDM 27"" QHD 240Hz OLED Gaming Monitor (Zero-Dead-Pixel Guarantee Edition)",Monitors\428_ASUS_ROG_Swift_PG27AQDM_27_QHD_240Hz_OLED_Gaming_Monitor_(Zero-Dead-Pixel_Guarantee_Edition).jpg,downloaded
429,Monitors,ASUS,"TUF Gaming VG27AQ 27"" QHD 165Hz IPS Gaming Monitor (Ergonomic Arm Mount Included)","ASUS TUF Gaming VG27AQ 27"" QHD 165Hz IPS Gaming Monitor (Ergonomic Arm Mount Included)",Monitors\429_ASUS_TUF_Gaming_VG27AQ_27_QHD_165Hz_IPS_Gaming_Monitor_(Ergonomic_Arm_Mount_Included).jpg,downloaded
430,Monitors,ASUS,"ROG Swift OLED PG32UCDM 32"" 4K 240Hz QD-OLED Gaming Monitor (Ergonomic Arm Mount Included)","ASUS ROG Swift OLED PG32UCDM 32"" 4K 240Hz QD-OLED Gaming Monitor (Ergonomic Arm Mount Included)",Monitors\430_ASUS_ROG_Swift_OLED_PG32UCDM_32_4K_240Hz_QD-OLED_Gaming_Monitor_(Ergonomic_Arm_Mount_Included).jpg,downloaded
431,Monitors,ASUS,"ROG Swift PG27AQDM 27"" QHD 240Hz OLED Gaming Monitor (Factory Calibrated Color Profile)","ASUS ROG Swift PG27AQDM 27"" QHD 240Hz OLED Gaming Monitor (Factory Calibrated Color Profile)",Monitors\431_ASUS_ROG_Swift_PG27AQDM_27_QHD_240Hz_OLED_Gaming_Monitor_(Factory_Calibrated_Color_Profile).jpg,downloaded
432,Monitors,ASUS,"TUF Gaming VG27AQ 27"" QHD 165Hz IPS Gaming Monitor (Dual HDMI 2.1 Console Pack)","ASUS TUF Gaming VG27AQ 27"" QHD 165Hz IPS Gaming Monitor (Dual HDMI 2.1 Console Pack)",Monitors\432_ASUS_TUF_Gaming_VG27AQ_27_QHD_165Hz_IPS_Gaming_Monitor_(Dual_HDMI_2.1_Console_Pack).jpg,downloaded
433,Monitors,BenQ,"PD3205U 32"" 4K UHD Designer Monitor with USB-C","BenQ PD3205U 32"" 4K UHD Designer Monitor with USB-C",,not_found
434,Monitors,BenQ,"ZOWIE XL2546K 24.5"" 240Hz Esports Gaming Monitor","BenQ ZOWIE XL2546K 24.5"" 240Hz Esports Gaming Monitor",,not_found
435,Monitors,BenQ,"PD3205U 32"" 4K UHD Designer Monitor with USB-C (Zero-Dead-Pixel Guarantee Edition)","BenQ PD3205U 32"" 4K UHD Designer Monitor with USB-C (Zero-Dead-Pixel Guarantee Edition)",,not_found
436,Monitors,BenQ,"ZOWIE XL2546K 24.5"" 240Hz Esports Gaming Monitor (Ergonomic Arm Mount Included)","BenQ ZOWIE XL2546K 24.5"" 240Hz Esports Gaming Monitor (Ergonomic Arm Mount Included)",,not_found
437,Monitors,BenQ,"PD3205U 32"" 4K UHD Designer Monitor with USB-C (Factory Calibrated Color Profile)","BenQ PD3205U 32"" 4K UHD Designer Monitor with USB-C (Factory Calibrated Color Profile)",,not_found
438,Monitors,BenQ,"ZOWIE XL2546K 24.5"" 240Hz Esports Gaming Monitor (Dual HDMI 2.1 Console Pack)","BenQ ZOWIE XL2546K 24.5"" 240Hz Esports Gaming Monitor (Dual HDMI 2.1 Console Pack)",,not_found
439,Monitors,BenQ,"PD3205U 32"" 4K UHD Designer Monitor with USB-C (Anti-Glare Pro Shield Edition)","BenQ PD3205U 32"" 4K UHD Designer Monitor with USB-C (Anti-Glare Pro Shield Edition)",,not_found
440,Monitors,Dell,"Alienware AW3423DWF 34"" Curved QD-OLED 165Hz Gaming Monitor","Dell Alienware AW3423DWF 34"" Curved QD-OLED 165Hz Gaming Monitor",,not_found
441,Monitors,Dell,"Alienware AW3225QF 32"" 4K QD-OLED 240Hz Curved Gaming Monitor","Dell Alienware AW3225QF 32"" 4K QD-OLED 240Hz Curved Gaming Monitor",,not_found
442,Monitors,Dell,"Alienware AW2725DF 27"" 360Hz QD-OLED QHD Esports Monitor","Dell Alienware AW2725DF 27"" 360Hz QD-OLED QHD Esports Monitor",,not_found
443,Monitors,Dell,"UltraSharp U2724D 27"" QHD IPS Black 120Hz Monitor","Dell UltraSharp U2724D 27"" QHD IPS Black 120Hz Monitor",,not_found
444,Monitors,Dell,"UltraSharp U3224KB 32"" 6K UHD IPS Black Monitor with 4K Webcam","Dell UltraSharp U3224KB 32"" 6K UHD IPS Black Monitor with 4K Webcam",,not_found
445,Monitors,Dell,"S2722QC 27"" 4K UHD USB-C Lifestyle Monitor","Dell S2722QC 27"" 4K UHD USB-C Lifestyle Monitor",,not_found
446,Monitors,Dell,"Alienware AW3423DWF 34"" Curved QD-OLED 165Hz Gaming Monitor (Ergonomic Arm Mount Included)","Dell Alienware AW3423DWF 34"" Curved QD-OLED 165Hz Gaming Monitor (Ergonomic Arm Mount Included)",,not_found
447,Monitors,Dell,"Alienware AW3225QF 32"" 4K QD-OLED 240Hz Curved Gaming Monitor (Factory Calibrated Color Profile)","Dell Alienware AW3225QF 32"" 4K QD-OLED 240Hz Curved Gaming Monitor (Factory Calibrated Color Profile)",,not_found
448,Monitors,Dell,"Alienware AW2725DF 27"" 360Hz QD-OLED QHD Esports Monitor (Dual HDMI 2.1 Console Pack)","Dell Alienware AW2725DF 27"" 360Hz QD-OLED QHD Esports Monitor (Dual HDMI 2.1 Console Pack)",,not_found
449,Monitors,Dell,"UltraSharp U2724D 27"" QHD IPS Black 120Hz Monitor (Anti-Glare Pro Shield Edition)","Dell UltraSharp U2724D 27"" QHD IPS Black 120Hz Monitor (Anti-Glare Pro Shield Edition)",,not_found
450,Monitors,Dell,"UltraSharp U3224KB 32"" 6K UHD IPS Black Monitor with 4K Webcam (Zero-Dead-Pixel Guarantee Edition)","Dell UltraSharp U3224KB 32"" 6K UHD IPS Black Monitor with 4K Webcam (Zero-Dead-Pixel Guarantee Edition)",,not_found
451,Monitors,Dell,"S2722QC 27"" 4K UHD USB-C Lifestyle Monitor (Ergonomic Arm Mount Included)","Dell S2722QC 27"" 4K UHD USB-C Lifestyle Monitor (Ergonomic Arm Mount Included)",,not_found
452,Monitors,Dell,"Alienware AW3423DWF 34"" Curved QD-OLED 165Hz Gaming Monitor (Dual HDMI 2.1 Console Pack)","Dell Alienware AW3423DWF 34"" Curved QD-OLED 165Hz Gaming Monitor (Dual HDMI 2.1 Console Pack)",,not_found
453,Monitors,Dell,"Alienware AW3225QF 32"" 4K QD-OLED 240Hz Curved Gaming Monitor (Anti-Glare Pro Shield Edition)","Dell Alienware AW3225QF 32"" 4K QD-OLED 240Hz Curved Gaming Monitor (Anti-Glare Pro Shield Edition)",,not_found
454,Monitors,Dell,"Alienware AW2725DF 27"" 360Hz QD-OLED QHD Esports Monitor (Zero-Dead-Pixel Guarantee Edition)","Dell Alienware AW2725DF 27"" 360Hz QD-OLED QHD Esports Monitor (Zero-Dead-Pixel Guarantee Edition)",,not_found
455,Monitors,Dell,"UltraSharp U2724D 27"" QHD IPS Black 120Hz Monitor (Ergonomic Arm Mount Included)","Dell UltraSharp U2724D 27"" QHD IPS Black 120Hz Monitor (Ergonomic Arm Mount Included)",,not_found
456,Monitors,Dell,"UltraSharp U3224KB 32"" 6K UHD IPS Black Monitor with 4K Webcam (Factory Calibrated Color Profile)","Dell UltraSharp U3224KB 32"" 6K UHD IPS Black Monitor with 4K Webcam (Factory Calibrated Color Profile)",,not_found
457,Monitors,Dell,"S2722QC 27"" 4K UHD USB-C Lifestyle Monitor (Dual HDMI 2.1 Console Pack)","Dell S2722QC 27"" 4K UHD USB-C Lifestyle Monitor (Dual HDMI 2.1 Console Pack)",,not_found
458,Monitors,Dell,"Alienware AW3423DWF 34"" Curved QD-OLED 165Hz Gaming Monitor (Zero-Dead-Pixel Guarantee Edition)","Dell Alienware AW3423DWF 34"" Curved QD-OLED 165Hz Gaming Monitor (Zero-Dead-Pixel Guarantee Edition)",,not_found
459,Monitors,Dell,"Alienware AW3225QF 32"" 4K QD-OLED 240Hz Curved Gaming Monitor (Ergonomic Arm Mount Included)","Dell Alienware AW3225QF 32"" 4K QD-OLED 240Hz Curved Gaming Monitor (Ergonomic Arm Mount Included)",,not_found
460,Monitors,Dell,"Alienware AW2725DF 27"" 360Hz QD-OLED QHD Esports Monitor (Factory Calibrated Color Profile)","Dell Alienware AW2725DF 27"" 360Hz QD-OLED QHD Esports Monitor (Factory Calibrated Color Profile)",,not_found
461,Monitors,Dell,"UltraSharp U2724D 27"" QHD IPS Black 120Hz Monitor (Dual HDMI 2.1 Console Pack)","Dell UltraSharp U2724D 27"" QHD IPS Black 120Hz Monitor (Dual HDMI 2.1 Console Pack)",,not_found
462,Monitors,Dell,"UltraSharp U3224KB 32"" 6K UHD IPS Black Monitor with 4K Webcam (Anti-Glare Pro Shield Edition)","Dell UltraSharp U3224KB 32"" 6K UHD IPS Black Monitor with 4K Webcam (Anti-Glare Pro Shield Edition)",,not_found
463,Monitors,Dell,"S2722QC 27"" 4K UHD USB-C Lifestyle Monitor (Zero-Dead-Pixel Guarantee Edition)","Dell S2722QC 27"" 4K UHD USB-C Lifestyle Monitor (Zero-Dead-Pixel Guarantee Edition)",,not_found
464,Monitors,Gigabyte,"M27Q 27"" 170Hz 1440P KVM Gaming Monitor","Gigabyte M27Q 27"" 170Hz 1440P KVM Gaming Monitor",,not_found
465,Monitors,Gigabyte,"M27Q 27"" 170Hz 1440P KVM Gaming Monitor (Factory Calibrated Color Profile)","Gigabyte M27Q 27"" 170Hz 1440P KVM Gaming Monitor (Factory Calibrated Color Profile)",,not_found
466,Monitors,Gigabyte,"M27Q 27"" 170Hz 1440P KVM Gaming Monitor (Anti-Glare Pro Shield Edition)","Gigabyte M27Q 27"" 170Hz 1440P KVM Gaming Monitor (Anti-Glare Pro Shield Edition)",,not_found
467,Monitors,LG,"UltraGear 27GR95QE-B 27"" QHD OLED 240Hz Gaming Monitor","LG UltraGear 27GR95QE-B 27"" QHD OLED 240Hz Gaming Monitor",Monitors\467_LG_UltraGear_27GR95QE-B_27_QHD_OLED_240Hz_Gaming_Monitor.jpg,downloaded
468,Monitors,LG,"UltraGear 34GS95QE 34"" 800R Curved OLED 240Hz Ultrawide","LG UltraGear 34GS95QE 34"" 800R Curved OLED 240Hz Ultrawide",Monitors\468_LG_UltraGear_34GS95QE_34_800R_Curved_OLED_240Hz_Ultrawide.jpg,downloaded
469,Monitors,LG,"UltraGear 45GR95QE-B 45"" Curved OLED 240Hz Ultrawide","LG UltraGear 45GR95QE-B 45"" Curved OLED 240Hz Ultrawide",Monitors\469_LG_UltraGear_45GR95QE-B_45_Curved_OLED_240Hz_Ultrawide.jpg,downloaded
470,Monitors,LG,"UltraGear 32GS95UE 32"" Dual-Mode OLED (4K 240Hz / FHD 480Hz)","LG UltraGear 32GS95UE 32"" Dual-Mode OLED (4K 240Hz / FHD 480Hz)",Monitors\470_LG_UltraGear_32GS95UE_32_Dual-Mode_OLED_(4K_240Hz_FHD_480Hz).jpg,downloaded
471,Monitors,LG,"UltraGear 27GP850-B 27"" QHD Nano IPS 165Hz (O/C 180Hz)","LG UltraGear 27GP850-B 27"" QHD Nano IPS 165Hz (O/C 180Hz)",Monitors\471_LG_UltraGear_27GP850-B_27_QHD_Nano_IPS_165Hz_(OC_180Hz).jpg,downloaded
472,Monitors,LG,"UltraFine 32UN880-B 32"" 4K UHD Ergo IPS Monitor","LG UltraFine 32UN880-B 32"" 4K UHD Ergo IPS Monitor",Monitors\472_LG_UltraFine_32UN880-B_32_4K_UHD_Ergo_IPS_Monitor.jpg,downloaded
473,Monitors,LG,"DualUp 28MQ780-B 28"" 16:18 SDQHD Ergo Monitor","LG DualUp 28MQ780-B 28"" 16:18 SDQHD Ergo Monitor",Monitors\473_LG_DualUp_28MQ780-B_28_1618_SDQHD_Ergo_Monitor.jpg,downloaded
474,Monitors,LG,"27UL500-W 27"" 4K UHD IPS Monitor with HDR10","LG 27UL500-W 27"" 4K UHD IPS Monitor with HDR10",Monitors\474_LG_27UL500-W_27_4K_UHD_IPS_Monitor_with_HDR10.jpg,downloaded
475,Monitors,LG,"UltraGear 34GS95QE 34"" 800R Curved OLED 240Hz Ultrawide (Factory Calibrated Color Profile)","LG UltraGear 34GS95QE 34"" 800R Curved OLED 240Hz Ultrawide (Factory Calibrated Color Profile)",Monitors\475_LG_UltraGear_34GS95QE_34_800R_Curved_OLED_240Hz_Ultrawide_(Factory_Calibrated_Color_Profile).jpg,downloaded
476,Monitors,LG,"UltraGear 45GR95QE-B 45"" Curved OLED 240Hz Ultrawide (Dual HDMI 2.1 Console Pack)","LG UltraGear 45GR95QE-B 45"" Curved OLED 240Hz Ultrawide (Dual HDMI 2.1 Console Pack)",Monitors\476_LG_UltraGear_45GR95QE-B_45_Curved_OLED_240Hz_Ultrawide_(Dual_HDMI_2.1_Console_Pack).jpg,downloaded
477,Monitors,LG,"UltraGear 32GS95UE 32"" Dual-Mode OLED (4K 240Hz / FHD 480Hz) (Anti-Glare Pro Shield Edition)","LG UltraGear 32GS95UE 32"" Dual-Mode OLED (4K 240Hz / FHD 480Hz) (Anti-Glare Pro Shield Edition)",Monitors\477_LG_UltraGear_32GS95UE_32_Dual-Mode_OLED_(4K_240Hz_FHD_480Hz)_(Anti-Glare_Pro_Shield_Edition).jpg,downloaded
478,Monitors,LG,"UltraGear 27GP850-B 27"" QHD Nano IPS 165Hz (O/C 180Hz) (Zero-Dead-Pixel Guarantee Edition)","LG UltraGear 27GP850-B 27"" QHD Nano IPS 165Hz (O/C 180Hz) (Zero-Dead-Pixel Guarantee Edition)",Monitors\478_LG_UltraGear_27GP850-B_27_QHD_Nano_IPS_165Hz_(OC_180Hz)_(Zero-Dead-Pixel_Guarantee_Edition).jpg,downloaded
479,Monitors,LG,"UltraFine 32UN880-B 32"" 4K UHD Ergo IPS Monitor (Ergonomic Arm Mount Included)","LG UltraFine 32UN880-B 32"" 4K UHD Ergo IPS Monitor (Ergonomic Arm Mount Included)",Monitors\479_LG_UltraFine_32UN880-B_32_4K_UHD_Ergo_IPS_Monitor_(Ergonomic_Arm_Mount_Included).jpg,downloaded
480,Monitors,LG,"DualUp 28MQ780-B 28"" 16:18 SDQHD Ergo Monitor (Factory Calibrated Color Profile)","LG DualUp 28MQ780-B 28"" 16:18 SDQHD Ergo Monitor (Factory Calibrated Color Profile)",Monitors\480_LG_DualUp_28MQ780-B_28_1618_SDQHD_Ergo_Monitor_(Factory_Calibrated_Color_Profile).jpg,downloaded
481,Monitors,LG,"27UL500-W 27"" 4K UHD IPS Monitor with HDR10 (Dual HDMI 2.1 Console Pack)","LG 27UL500-W 27"" 4K UHD IPS Monitor with HDR10 (Dual HDMI 2.1 Console Pack)",Monitors\481_LG_27UL500-W_27_4K_UHD_IPS_Monitor_with_HDR10_(Dual_HDMI_2.1_Console_Pack).jpg,downloaded
482,Monitors,LG,"UltraGear 27GR95QE-B 27"" QHD OLED 240Hz Gaming Monitor (Dual HDMI 2.1 Console Pack)","LG UltraGear 27GR95QE-B 27"" QHD OLED 240Hz Gaming Monitor (Dual HDMI 2.1 Console Pack)",Monitors\482_LG_UltraGear_27GR95QE-B_27_QHD_OLED_240Hz_Gaming_Monitor_(Dual_HDMI_2.1_Console_Pack).jpg,downloaded
483,Monitors,LG,"UltraGear 34GS95QE 34"" 800R Curved OLED 240Hz Ultrawide (Anti-Glare Pro Shield Edition)","LG UltraGear 34GS95QE 34"" 800R Curved OLED 240Hz Ultrawide (Anti-Glare Pro Shield Edition)",Monitors\483_LG_UltraGear_34GS95QE_34_800R_Curved_OLED_240Hz_Ultrawide_(Anti-Glare_Pro_Shield_Edition).jpg,downloaded
484,Monitors,LG,"UltraGear 45GR95QE-B 45"" Curved OLED 240Hz Ultrawide (Zero-Dead-Pixel Guarantee Edition)","LG UltraGear 45GR95QE-B 45"" Curved OLED 240Hz Ultrawide (Zero-Dead-Pixel Guarantee Edition)",Monitors\484_LG_UltraGear_45GR95QE-B_45_Curved_OLED_240Hz_Ultrawide_(Zero-Dead-Pixel_Guarantee_Edition).jpg,downloaded
485,Monitors,LG,"UltraGear 32GS95UE 32"" Dual-Mode OLED (4K 240Hz / FHD 480Hz) (Ergonomic Arm Mount Included)","LG UltraGear 32GS95UE 32"" Dual-Mode OLED (4K 240Hz / FHD 480Hz) (Ergonomic Arm Mount Included)",Monitors\485_LG_UltraGear_32GS95UE_32_Dual-Mode_OLED_(4K_240Hz_FHD_480Hz)_(Ergonomic_Arm_Mount_Included).jpg,downloaded
486,Monitors,LG,"UltraGear 27GP850-B 27"" QHD Nano IPS 165Hz (O/C 180Hz) (Factory Calibrated Color Profile)","LG UltraGear 27GP850-B 27"" QHD Nano IPS 165Hz (O/C 180Hz) (Factory Calibrated Color Profile)",Monitors\486_LG_UltraGear_27GP850-B_27_QHD_Nano_IPS_165Hz_(OC_180Hz)_(Factory_Calibrated_Color_Profile).jpg,downloaded
487,Monitors,LG,"UltraFine 32UN880-B 32"" 4K UHD Ergo IPS Monitor (Dual HDMI 2.1 Console Pack)","LG UltraFine 32UN880-B 32"" 4K UHD Ergo IPS Monitor (Dual HDMI 2.1 Console Pack)",Monitors\487_LG_UltraFine_32UN880-B_32_4K_UHD_Ergo_IPS_Monitor_(Dual_HDMI_2.1_Console_Pack).jpg,downloaded
488,Monitors,LG,"DualUp 28MQ780-B 28"" 16:18 SDQHD Ergo Monitor (Anti-Glare Pro Shield Edition)","LG DualUp 28MQ780-B 28"" 16:18 SDQHD Ergo Monitor (Anti-Glare Pro Shield Edition)",Monitors\488_LG_DualUp_28MQ780-B_28_1618_SDQHD_Ergo_Monitor_(Anti-Glare_Pro_Shield_Edition).jpg,downloaded
489,Monitors,LG,"27UL500-W 27"" 4K UHD IPS Monitor with HDR10 (Zero-Dead-Pixel Guarantee Edition)","LG 27UL500-W 27"" 4K UHD IPS Monitor with HDR10 (Zero-Dead-Pixel Guarantee Edition)",Monitors\489_LG_27UL500-W_27_4K_UHD_IPS_Monitor_with_HDR10_(Zero-Dead-Pixel_Guarantee_Edition).jpg,downloaded
490,Monitors,LG,"UltraGear 27GR95QE-B 27"" QHD OLED 240Hz Gaming Monitor (Zero-Dead-Pixel Guarantee Edition)","LG UltraGear 27GR95QE-B 27"" QHD OLED 240Hz Gaming Monitor (Zero-Dead-Pixel Guarantee Edition)",Monitors\490_LG_UltraGear_27GR95QE-B_27_QHD_OLED_240Hz_Gaming_Monitor_(Zero-Dead-Pixel_Guarantee_Edition).jpg,downloaded
491,Monitors,LG,"UltraGear 34GS95QE 34"" 800R Curved OLED 240Hz Ultrawide (Ergonomic Arm Mount Included)","LG UltraGear 34GS95QE 34"" 800R Curved OLED 240Hz Ultrawide (Ergonomic Arm Mount Included)",Monitors\491_LG_UltraGear_34GS95QE_34_800R_Curved_OLED_240Hz_Ultrawide_(Ergonomic_Arm_Mount_Included).jpg,downloaded
492,Monitors,LG,"UltraGear 45GR95QE-B 45"" Curved OLED 240Hz Ultrawide (Factory Calibrated Color Profile)","LG UltraGear 45GR95QE-B 45"" Curved OLED 240Hz Ultrawide (Factory Calibrated Color Profile)",Monitors\492_LG_UltraGear_45GR95QE-B_45_Curved_OLED_240Hz_Ultrawide_(Factory_Calibrated_Color_Profile).jpg,downloaded
493,Monitors,LG,"UltraGear 32GS95UE 32"" Dual-Mode OLED (4K 240Hz / FHD 480Hz) (Dual HDMI 2.1 Console Pack)","LG UltraGear 32GS95UE 32"" Dual-Mode OLED (4K 240Hz / FHD 480Hz) (Dual HDMI 2.1 Console Pack)",,not_found
494,Monitors,LG,"UltraGear 27GP850-B 27"" QHD Nano IPS 165Hz (O/C 180Hz) (Anti-Glare Pro Shield Edition)","LG UltraGear 27GP850-B 27"" QHD Nano IPS 165Hz (O/C 180Hz) (Anti-Glare Pro Shield Edition)",,not_found
495,Monitors,LG,"UltraFine 32UN880-B 32"" 4K UHD Ergo IPS Monitor (Zero-Dead-Pixel Guarantee Edition)","LG UltraFine 32UN880-B 32"" 4K UHD Ergo IPS Monitor (Zero-Dead-Pixel Guarantee Edition)",Monitors\495_LG_UltraFine_32UN880-B_32_4K_UHD_Ergo_IPS_Monitor_(Zero-Dead-Pixel_Guarantee_Edition).jpg,downloaded
496,Monitors,LG,"DualUp 28MQ780-B 28"" 16:18 SDQHD Ergo Monitor (Ergonomic Arm Mount Included)","LG DualUp 28MQ780-B 28"" 16:18 SDQHD Ergo Monitor (Ergonomic Arm Mount Included)",Monitors\496_LG_DualUp_28MQ780-B_28_1618_SDQHD_Ergo_Monitor_(Ergonomic_Arm_Mount_Included).jpg,downloaded
497,Monitors,LG,"27UL500-W 27"" 4K UHD IPS Monitor with HDR10 (Factory Calibrated Color Profile)","LG 27UL500-W 27"" 4K UHD IPS Monitor with HDR10 (Factory Calibrated Color Profile)",Monitors\497_LG_27UL500-W_27_4K_UHD_IPS_Monitor_with_HDR10_(Factory_Calibrated_Color_Profile).jpg,downloaded
498,Monitors,Samsung,"Odyssey OLED G9 49"" Curved Dual QHD 240Hz Gaming Monitor","Samsung Odyssey OLED G9 49"" Curved Dual QHD 240Hz Gaming Monitor",Monitors\498_Samsung_Odyssey_OLED_G9_49_Curved_Dual_QHD_240Hz_Gaming_Monitor.jpg,downloaded
499,Monitors,Samsung,"Odyssey OLED G8 32"" 4K UHD 240Hz Gaming Monitor (G80SD)","Samsung Odyssey OLED G8 32"" 4K UHD 240Hz Gaming Monitor (G80SD)",Monitors\499_Samsung_Odyssey_OLED_G8_32_4K_UHD_240Hz_Gaming_Monitor_(G80SD).jpg,downloaded
500,Monitors,Samsung,"Odyssey Neo G8 32"" 4K UHD 240Hz 1000R Curved Quantum Mini-LED","Samsung Odyssey Neo G8 32"" 4K UHD 240Hz 1000R Curved Quantum Mini-LED",Monitors\500_Samsung_Odyssey_Neo_G8_32_4K_UHD_240Hz_1000R_Curved_Quantum_Mini-LED.jpg,downloaded
501,Monitors,Samsung,"Odyssey G7 28"" 4K UHD 144Hz IPS Gaming Monitor (G70B)","Samsung Odyssey G7 28"" 4K UHD 144Hz IPS Gaming Monitor (G70B)",Monitors\501_Samsung_Odyssey_G7_28_4K_UHD_144Hz_IPS_Gaming_Monitor_(G70B).jpg,downloaded
502,Monitors,Samsung,"Odyssey G5 27"" QHD 165Hz 1000R Curved Gaming Monitor","Samsung Odyssey G5 27"" QHD 165Hz 1000R Curved Gaming Monitor",Monitors\502_Samsung_Odyssey_G5_27_QHD_165Hz_1000R_Curved_Gaming_Monitor.jpg,downloaded
503,Monitors,Samsung,"Smart Monitor M8 32"" 4K UHD with SlimFit Magnetic Camera","Samsung Smart Monitor M8 32"" 4K UHD with SlimFit Magnetic Camera",Monitors\503_Samsung_Smart_Monitor_M8_32_4K_UHD_with_SlimFit_Magnetic_Camera.jpg,downloaded
504,Monitors,Samsung,"ViewFinity S9 27"" 5K Studio Display with Matte Screen","Samsung ViewFinity S9 27"" 5K Studio Display with Matte Screen",Monitors\504_Samsung_ViewFinity_S9_27_5K_Studio_Display_with_Matte_Screen.jpg,downloaded
505,Monitors,Samsung,"Odyssey OLED G9 49"" Curved Dual QHD 240Hz Gaming Monitor (Anti-Glare Pro Shield Edition)","Samsung Odyssey OLED G9 49"" Curved Dual QHD 240Hz Gaming Monitor (Anti-Glare Pro Shield Edition)",Monitors\505_Samsung_Odyssey_OLED_G9_49_Curved_Dual_QHD_240Hz_Gaming_Monitor_(Anti-Glare_Pro_Shield_Edition).jpg,downloaded
506,Monitors,Samsung,"Odyssey OLED G8 32"" 4K UHD 240Hz Gaming Monitor (G80SD) (Zero-Dead-Pixel Guarantee Edition)","Samsung Odyssey OLED G8 32"" 4K UHD 240Hz Gaming Monitor (G80SD) (Zero-Dead-Pixel Guarantee Edition)",Monitors\506_Samsung_Odyssey_OLED_G8_32_4K_UHD_240Hz_Gaming_Monitor_(G80SD)_(Zero-Dead-Pixel_Guarantee_Edition).jpg,downloaded
507,Monitors,Samsung,"Odyssey Neo G8 32"" 4K UHD 240Hz 1000R Curved Quantum Mini-LED (Ergonomic Arm Mount Included)","Samsung Odyssey Neo G8 32"" 4K UHD 240Hz 1000R Curved Quantum Mini-LED (Ergonomic Arm Mount Included)",Monitors\507_Samsung_Odyssey_Neo_G8_32_4K_UHD_240Hz_1000R_Curved_Quantum_Mini-LED_(Ergonomic_Arm_Mount_Included).jpg,downloaded
508,Monitors,Samsung,"Odyssey G7 28"" 4K UHD 144Hz IPS Gaming Monitor (G70B) (Factory Calibrated Color Profile)","Samsung Odyssey G7 28"" 4K UHD 144Hz IPS Gaming Monitor (G70B) (Factory Calibrated Color Profile)",Monitors\508_Samsung_Odyssey_G7_28_4K_UHD_144Hz_IPS_Gaming_Monitor_(G70B)_(Factory_Calibrated_Color_Profile).jpg,downloaded
509,Monitors,Samsung,"Odyssey G5 27"" QHD 165Hz 1000R Curved Gaming Monitor (Dual HDMI 2.1 Console Pack)","Samsung Odyssey G5 27"" QHD 165Hz 1000R Curved Gaming Monitor (Dual HDMI 2.1 Console Pack)",Monitors\509_Samsung_Odyssey_G5_27_QHD_165Hz_1000R_Curved_Gaming_Monitor_(Dual_HDMI_2.1_Console_Pack).jpg,downloaded
510,Monitors,Samsung,"Smart Monitor M8 32"" 4K UHD with SlimFit Magnetic Camera (Anti-Glare Pro Shield Edition)","Samsung Smart Monitor M8 32"" 4K UHD with SlimFit Magnetic Camera (Anti-Glare Pro Shield Edition)",Monitors\510_Samsung_Smart_Monitor_M8_32_4K_UHD_with_SlimFit_Magnetic_Camera_(Anti-Glare_Pro_Shield_Edition).jpg,downloaded
511,Monitors,Samsung,"ViewFinity S9 27"" 5K Studio Display with Matte Screen (Zero-Dead-Pixel Guarantee Edition)","Samsung ViewFinity S9 27"" 5K Studio Display with Matte Screen (Zero-Dead-Pixel Guarantee Edition)",Monitors\511_Samsung_ViewFinity_S9_27_5K_Studio_Display_with_Matte_Screen_(Zero-Dead-Pixel_Guarantee_Edition).jpg,downloaded
512,Monitors,Samsung,"Odyssey OLED G9 49"" Curved Dual QHD 240Hz Gaming Monitor (Ergonomic Arm Mount Included)","Samsung Odyssey OLED G9 49"" Curved Dual QHD 240Hz Gaming Monitor (Ergonomic Arm Mount Included)",Monitors\512_Samsung_Odyssey_OLED_G9_49_Curved_Dual_QHD_240Hz_Gaming_Monitor_(Ergonomic_Arm_Mount_Included).jpg,downloaded
513,Monitors,Samsung,"Odyssey OLED G8 32"" 4K UHD 240Hz Gaming Monitor (G80SD) (Factory Calibrated Color Profile)","Samsung Odyssey OLED G8 32"" 4K UHD 240Hz Gaming Monitor (G80SD) (Factory Calibrated Color Profile)",Monitors\513_Samsung_Odyssey_OLED_G8_32_4K_UHD_240Hz_Gaming_Monitor_(G80SD)_(Factory_Calibrated_Color_Profile).jpg,downloaded
514,Monitors,Samsung,"Odyssey Neo G8 32"" 4K UHD 240Hz 1000R Curved Quantum Mini-LED (Dual HDMI 2.1 Console Pack)","Samsung Odyssey Neo G8 32"" 4K UHD 240Hz 1000R Curved Quantum Mini-LED (Dual HDMI 2.1 Console Pack)",,not_found
515,Monitors,Samsung,"Odyssey G7 28"" 4K UHD 144Hz IPS Gaming Monitor (G70B) (Anti-Glare Pro Shield Edition)","Samsung Odyssey G7 28"" 4K UHD 144Hz IPS Gaming Monitor (G70B) (Anti-Glare Pro Shield Edition)",,not_found
516,Monitors,Samsung,"Odyssey G5 27"" QHD 165Hz 1000R Curved Gaming Monitor (Zero-Dead-Pixel Guarantee Edition)","Samsung Odyssey G5 27"" QHD 165Hz 1000R Curved Gaming Monitor (Zero-Dead-Pixel Guarantee Edition)",Monitors\516_Samsung_Odyssey_G5_27_QHD_165Hz_1000R_Curved_Gaming_Monitor_(Zero-Dead-Pixel_Guarantee_Edition).jpg,downloaded
517,Monitors,Samsung,"Smart Monitor M8 32"" 4K UHD with SlimFit Magnetic Camera (Ergonomic Arm Mount Included)","Samsung Smart Monitor M8 32"" 4K UHD with SlimFit Magnetic Camera (Ergonomic Arm Mount Included)",,not_found
518,Monitors,Samsung,"ViewFinity S9 27"" 5K Studio Display with Matte Screen (Factory Calibrated Color Profile)","Samsung ViewFinity S9 27"" 5K Studio Display with Matte Screen (Factory Calibrated Color Profile)",Monitors\518_Samsung_ViewFinity_S9_27_5K_Studio_Display_with_Matte_Screen_(Factory_Calibrated_Color_Profile).jpg,downloaded
519,Monitors,Samsung,"Odyssey OLED G9 49"" Curved Dual QHD 240Hz Gaming Monitor (Dual HDMI 2.1 Console Pack)","Samsung Odyssey OLED G9 49"" Curved Dual QHD 240Hz Gaming Monitor (Dual HDMI 2.1 Console Pack)",Monitors\519_Samsung_Odyssey_OLED_G9_49_Curved_Dual_QHD_240Hz_Gaming_Monitor_(Dual_HDMI_2.1_Console_Pack).jpg,downloaded
520,Monitors,Samsung,"Odyssey OLED G8 32"" 4K UHD 240Hz Gaming Monitor (G80SD) (Anti-Glare Pro Shield Edition)","Samsung Odyssey OLED G8 32"" 4K UHD 240Hz Gaming Monitor (G80SD) (Anti-Glare Pro Shield Edition)",Monitors\520_Samsung_Odyssey_OLED_G8_32_4K_UHD_240Hz_Gaming_Monitor_(G80SD)_(Anti-Glare_Pro_Shield_Edition).jpg,downloaded
521,Monitors,Samsung,"Odyssey Neo G8 32"" 4K UHD 240Hz 1000R Curved Quantum Mini-LED (Zero-Dead-Pixel Guarantee Edition)","Samsung Odyssey Neo G8 32"" 4K UHD 240Hz 1000R Curved Quantum Mini-LED (Zero-Dead-Pixel Guarantee Edition)",Monitors\521_Samsung_Odyssey_Neo_G8_32_4K_UHD_240Hz_1000R_Curved_Quantum_Mini-LED_(Zero-Dead-Pixel_Guarantee_Edition).jpg,downloaded
522,Monitors,Samsung,"Odyssey G7 28"" 4K UHD 144Hz IPS Gaming Monitor (G70B) (Ergonomic Arm Mount Included)","Samsung Odyssey G7 28"" 4K UHD 144Hz IPS Gaming Monitor (G70B) (Ergonomic Arm Mount Included)",Monitors\522_Samsung_Odyssey_G7_28_4K_UHD_144Hz_IPS_Gaming_Monitor_(G70B)_(Ergonomic_Arm_Mount_Included).jpg,downloaded
523,Monitors,Samsung,"Odyssey G5 27"" QHD 165Hz 1000R Curved Gaming Monitor (Factory Calibrated Color Profile)","Samsung Odyssey G5 27"" QHD 165Hz 1000R Curved Gaming Monitor (Factory Calibrated Color Profile)",Monitors\523_Samsung_Odyssey_G5_27_QHD_165Hz_1000R_Curved_Gaming_Monitor_(Factory_Calibrated_Color_Profile).jpg,downloaded
524,Monitors,Samsung,"Smart Monitor M8 32"" 4K UHD with SlimFit Magnetic Camera (Dual HDMI 2.1 Console Pack)","Samsung Smart Monitor M8 32"" 4K UHD with SlimFit Magnetic Camera (Dual HDMI 2.1 Console Pack)",Monitors\524_Samsung_Smart_Monitor_M8_32_4K_UHD_with_SlimFit_Magnetic_Camera_(Dual_HDMI_2.1_Console_Pack).jpg,downloaded
525,Monitors,Samsung,"ViewFinity S9 27"" 5K Studio Display with Matte Screen (Anti-Glare Pro Shield Edition)","Samsung ViewFinity S9 27"" 5K Studio Display with Matte Screen (Anti-Glare Pro Shield Edition)",Monitors\525_Samsung_ViewFinity_S9_27_5K_Studio_Display_with_Matte_Screen_(Anti-Glare_Pro_Shield_Edition).jpg,downloaded
526,Gaming,ASUS,"ROG Ally X Handheld Gaming Console (AMD Z1 Extreme, 24GB RAM, 1TB SSD)","ASUS ROG Ally X Handheld Gaming Console (AMD Z1 Extreme, 24GB RAM, 1TB SSD)",,not_found
527,Gaming,ASUS,ROG Strix GeForce RTX 4090 OC Edition 24GB GDDR6X,ASUS ROG Strix GeForce RTX 4090 OC Edition 24GB GDDR6X,Gaming\527_ASUS_ROG_Strix_GeForce_RTX_4090_OC_Edition_24GB_GDDR6X.jpg,downloaded
528,Gaming,ASUS,Dual GeForce RTX 4070 Super EVO OC Edition 12GB GDDR6X,ASUS Dual GeForce RTX 4070 Super EVO OC Edition 12GB GDDR6X,Gaming\528_ASUS_Dual_GeForce_RTX_4070_Super_EVO_OC_Edition_12GB_GDDR6X.jpg,downloaded
529,Gaming,ASUS,"ROG Ally X Handheld Gaming Console (AMD Z1 Extreme, 24GB RAM, 1TB SSD) (Overclocked Performance Pack)","ASUS ROG Ally X Handheld Gaming Console (AMD Z1 Extreme, 24GB RAM, 1TB SSD) (Overclocked Performance Pack)","Gaming\529_ASUS_ROG_Ally_X_Handheld_Gaming_Console_(AMD_Z1_Extreme,_24GB_RAM,_1TB_SSD)_(Overclocked_Performance_Pack).jpg",downloaded
530,Gaming,ASUS,ROG Strix GeForce RTX 4090 OC Edition 24GB GDDR6X (Streamer Pro Kit with Mat),ASUS ROG Strix GeForce RTX 4090 OC Edition 24GB GDDR6X (Streamer Pro Kit with Mat),Gaming\530_ASUS_ROG_Strix_GeForce_RTX_4090_OC_Edition_24GB_GDDR6X_(Streamer_Pro_Kit_with_Mat).jpg,downloaded
531,Gaming,ASUS,Dual GeForce RTX 4070 Super EVO OC Edition 12GB GDDR6X (RGB Battlestation Bundle),ASUS Dual GeForce RTX 4070 Super EVO OC Edition 12GB GDDR6X (RGB Battlestation Bundle),Gaming\531_ASUS_Dual_GeForce_RTX_4070_Super_EVO_OC_Edition_12GB_GDDR6X_(RGB_Battlestation_Bundle).jpg,downloaded
532,Gaming,ASUS,"ROG Ally X Handheld Gaming Console (AMD Z1 Extreme, 24GB RAM, 1TB SSD) (Streamer Pro Kit with Mat)","ASUS ROG Ally X Handheld Gaming Console (AMD Z1 Extreme, 24GB RAM, 1TB SSD) (Streamer Pro Kit with Mat)","Gaming\532_ASUS_ROG_Ally_X_Handheld_Gaming_Console_(AMD_Z1_Extreme,_24GB_RAM,_1TB_SSD)_(Streamer_Pro_Kit_with_Mat).jpg",downloaded
533,Gaming,ASUS,ROG Strix GeForce RTX 4090 OC Edition 24GB GDDR6X (RGB Battlestation Bundle),ASUS ROG Strix GeForce RTX 4090 OC Edition 24GB GDDR6X (RGB Battlestation Bundle),Gaming\533_ASUS_ROG_Strix_GeForce_RTX_4090_OC_Edition_24GB_GDDR6X_(RGB_Battlestation_Bundle).jpg,downloaded
534,Gaming,ASUS,Dual GeForce RTX 4070 Super EVO OC Edition 12GB GDDR6X (Limited Stealth Edition),ASUS Dual GeForce RTX 4070 Super EVO OC Edition 12GB GDDR6X (Limited Stealth Edition),Gaming\534_ASUS_Dual_GeForce_RTX_4070_Super_EVO_OC_Edition_12GB_GDDR6X_(Limited_Stealth_Edition).jpg,downloaded
535,Gaming,ASUS,"ROG Ally X Handheld Gaming Console (AMD Z1 Extreme, 24GB RAM, 1TB SSD) (RGB Battlestation Bundle)","ASUS ROG Ally X Handheld Gaming Console (AMD Z1 Extreme, 24GB RAM, 1TB SSD) (RGB Battlestation Bundle)","Gaming\535_ASUS_ROG_Ally_X_Handheld_Gaming_Console_(AMD_Z1_Extreme,_24GB_RAM,_1TB_SSD)_(RGB_Battlestation_Bundle).jpg",downloaded
536,Gaming,ASUS,ROG Strix GeForce RTX 4090 OC Edition 24GB GDDR6X (Limited Stealth Edition),ASUS ROG Strix GeForce RTX 4090 OC Edition 24GB GDDR6X (Limited Stealth Edition),Gaming\536_ASUS_ROG_Strix_GeForce_RTX_4090_OC_Edition_24GB_GDDR6X_(Limited_Stealth_Edition).jpg,downloaded
537,Gaming,ASUS,Dual GeForce RTX 4070 Super EVO OC Edition 12GB GDDR6X (Competitive Tournament Edition),ASUS Dual GeForce RTX 4070 Super EVO OC Edition 12GB GDDR6X (Competitive Tournament Edition),Gaming\537_ASUS_Dual_GeForce_RTX_4070_Super_EVO_OC_Edition_12GB_GDDR6X_(Competitive_Tournament_Edition).jpg,downloaded
538,Gaming,Lenovo,"Legion Go 8.8"" QHD Handheld (AMD Z1 Extreme, 16GB RAM, 512GB SSD)","Lenovo Legion Go 8.8"" QHD Handheld (AMD Z1 Extreme, 16GB RAM, 512GB SSD)","Gaming\538_Lenovo_Legion_Go_8.8_QHD_Handheld_(AMD_Z1_Extreme,_16GB_RAM,_512GB_SSD).jpg",downloaded
539,Gaming,Lenovo,"Legion Go 8.8"" QHD Handheld (AMD Z1 Extreme, 16GB RAM, 512GB SSD) (RGB Battlestation Bundle)","Lenovo Legion Go 8.8"" QHD Handheld (AMD Z1 Extreme, 16GB RAM, 512GB SSD) (RGB Battlestation Bundle)","Gaming\539_Lenovo_Legion_Go_8.8_QHD_Handheld_(AMD_Z1_Extreme,_16GB_RAM,_512GB_SSD)_(RGB_Battlestation_Bundle).jpg",downloaded
540,Gaming,Lenovo,"Legion Go 8.8"" QHD Handheld (AMD Z1 Extreme, 16GB RAM, 512GB SSD) (Limited Stealth Edition)","Lenovo Legion Go 8.8"" QHD Handheld (AMD Z1 Extreme, 16GB RAM, 512GB SSD) (Limited Stealth Edition)","Gaming\540_Lenovo_Legion_Go_8.8_QHD_Handheld_(AMD_Z1_Extreme,_16GB_RAM,_512GB_SSD)_(Limited_Stealth_Edition).jpg",downloaded
541,Gaming,Lenovo,"Legion Go 8.8"" QHD Handheld (AMD Z1 Extreme, 16GB RAM, 512GB SSD) (Competitive Tournament Edition)","Lenovo Legion Go 8.8"" QHD Handheld (AMD Z1 Extreme, 16GB RAM, 512GB SSD) (Competitive Tournament Edition)","Gaming\541_Lenovo_Legion_Go_8.8_QHD_Handheld_(AMD_Z1_Extreme,_16GB_RAM,_512GB_SSD)_(Competitive_Tournament_Edition).jpg",downloaded
542,Gaming,Logitech,G PRO X SUPERLIGHT 2 Wireless Gaming Mouse (White),Logitech G PRO X SUPERLIGHT 2 Wireless Gaming Mouse (White),,not_found
543,Gaming,Logitech,G502 X PLUS Wireless RGB Gaming Mouse,Logitech G502 X PLUS Wireless RGB Gaming Mouse,,not_found
544,Gaming,Logitech,G PRO X SUPERLIGHT 2 Wireless Gaming Mouse (White) (Competitive Tournament Edition),Logitech G PRO X SUPERLIGHT 2 Wireless Gaming Mouse (White) (Competitive Tournament Edition),,not_found
545,Gaming,Logitech,G502 X PLUS Wireless RGB Gaming Mouse (Streamer Pro Kit with Mat),Logitech G502 X PLUS Wireless RGB Gaming Mouse (Streamer Pro Kit with Mat),,not_found
546,Gaming,Logitech,G PRO X SUPERLIGHT 2 Wireless Gaming Mouse (White) (Overclocked Performance Pack),Logitech G PRO X SUPERLIGHT 2 Wireless Gaming Mouse (White) (Overclocked Performance Pack),,not_found
547,Gaming,Logitech,G502 X PLUS Wireless RGB Gaming Mouse (RGB Battlestation Bundle),Logitech G502 X PLUS Wireless RGB Gaming Mouse (RGB Battlestation Bundle),,not_found
548,Gaming,Logitech,G PRO X SUPERLIGHT 2 Wireless Gaming Mouse (White) (Streamer Pro Kit with Mat),Logitech G PRO X SUPERLIGHT 2 Wireless Gaming Mouse (White) (Streamer Pro Kit with Mat),,not_found
549,Gaming,Microsoft,Xbox Series X 1TB Console,Microsoft Xbox Series X 1TB Console,Gaming\549_Microsoft_Xbox_Series_X_1TB_Console.jpg,downloaded
550,Gaming,Microsoft,Xbox Series S 512GB All-Digital Console,Microsoft Xbox Series S 512GB All-Digital Console,Gaming\550_Microsoft_Xbox_Series_S_512GB_All-Digital_Console.jpg,downloaded
551,Gaming,Microsoft,Xbox Elite Wireless Controller Series 2,Microsoft Xbox Elite Wireless Controller Series 2,Gaming\551_Microsoft_Xbox_Elite_Wireless_Controller_Series_2.jpg,downloaded
552,Gaming,Microsoft,Xbox Series X 1TB Console (Limited Stealth Edition),Microsoft Xbox Series X 1TB Console (Limited Stealth Edition),Gaming\552_Microsoft_Xbox_Series_X_1TB_Console_(Limited_Stealth_Edition).jpg,downloaded
553,Gaming,Microsoft,Xbox Series S 512GB All-Digital Console (Overclocked Performance Pack),Microsoft Xbox Series S 512GB All-Digital Console (Overclocked Performance Pack),Gaming\553_Microsoft_Xbox_Series_S_512GB_All-Digital_Console_(Overclocked_Performance_Pack).jpg,downloaded
554,Gaming,Microsoft,Xbox Elite Wireless Controller Series 2 (RGB Battlestation Bundle),Microsoft Xbox Elite Wireless Controller Series 2 (RGB Battlestation Bundle),Gaming\554_Microsoft_Xbox_Elite_Wireless_Controller_Series_2_(RGB_Battlestation_Bundle).jpg,downloaded
555,Gaming,Microsoft,Xbox Series X 1TB Console (Competitive Tournament Edition),Microsoft Xbox Series X 1TB Console (Competitive Tournament Edition),Gaming\555_Microsoft_Xbox_Series_X_1TB_Console_(Competitive_Tournament_Edition).jpg,downloaded
556,Gaming,Microsoft,Xbox Series S 512GB All-Digital Console (Streamer Pro Kit with Mat),Microsoft Xbox Series S 512GB All-Digital Console (Streamer Pro Kit with Mat),Gaming\556_Microsoft_Xbox_Series_S_512GB_All-Digital_Console_(Streamer_Pro_Kit_with_Mat).jpg,downloaded
557,Gaming,Microsoft,Xbox Elite Wireless Controller Series 2 (Limited Stealth Edition),Microsoft Xbox Elite Wireless Controller Series 2 (Limited Stealth Edition),Gaming\557_Microsoft_Xbox_Elite_Wireless_Controller_Series_2_(Limited_Stealth_Edition).jpg,downloaded
558,Gaming,Microsoft,Xbox Series X 1TB Console (Overclocked Performance Pack),Microsoft Xbox Series X 1TB Console (Overclocked Performance Pack),Gaming\558_Microsoft_Xbox_Series_X_1TB_Console_(Overclocked_Performance_Pack).jpg,downloaded
559,Gaming,Microsoft,Xbox Series S 512GB All-Digital Console (RGB Battlestation Bundle),Microsoft Xbox Series S 512GB All-Digital Console (RGB Battlestation Bundle),Gaming\559_Microsoft_Xbox_Series_S_512GB_All-Digital_Console_(RGB_Battlestation_Bundle).jpg,downloaded
560,Gaming,Microsoft,Xbox Elite Wireless Controller Series 2 (Competitive Tournament Edition),Microsoft Xbox Elite Wireless Controller Series 2 (Competitive Tournament Edition),Gaming\560_Microsoft_Xbox_Elite_Wireless_Controller_Series_2_(Competitive_Tournament_Edition).jpg,downloaded
561,Gaming,MSI,GeForce RTX 4070 Ti Super 16G Gaming X Slim White,MSI GeForce RTX 4070 Ti Super 16G Gaming X Slim White,,not_found
562,Gaming,MSI,GeForce RTX 4060 Ventus 2X Black 8G OC,MSI GeForce RTX 4060 Ventus 2X Black 8G OC,,not_found
563,Gaming,MSI,GeForce RTX 4070 Ti Super 16G Gaming X Slim White (Overclocked Performance Pack),MSI GeForce RTX 4070 Ti Super 16G Gaming X Slim White (Overclocked Performance Pack),,not_found
564,Gaming,MSI,GeForce RTX 4060 Ventus 2X Black 8G OC (Streamer Pro Kit with Mat),MSI GeForce RTX 4060 Ventus 2X Black 8G OC (Streamer Pro Kit with Mat),,not_found
565,Gaming,MSI,GeForce RTX 4070 Ti Super 16G Gaming X Slim White (Streamer Pro Kit with Mat),MSI GeForce RTX 4070 Ti Super 16G Gaming X Slim White (Streamer Pro Kit with Mat),,not_found
566,Gaming,MSI,GeForce RTX 4060 Ventus 2X Black 8G OC (RGB Battlestation Bundle),MSI GeForce RTX 4060 Ventus 2X Black 8G OC (RGB Battlestation Bundle),,not_found
567,Gaming,MSI,GeForce RTX 4070 Ti Super 16G Gaming X Slim White (RGB Battlestation Bundle),MSI GeForce RTX 4070 Ti Super 16G Gaming X Slim White (RGB Battlestation Bundle),,not_found
568,Gaming,MSI,GeForce RTX 4060 Ventus 2X Black 8G OC (Limited Stealth Edition),MSI GeForce RTX 4060 Ventus 2X Black 8G OC (Limited Stealth Edition),,not_found
569,Gaming,Nintendo,Nintendo Switch OLED Model White Set,Nintendo Nintendo Switch OLED Model White Set,Gaming\569_Nintendo_Nintendo_Switch_OLED_Model_White_Set.jpg,downloaded
570,Gaming,Nintendo,Nintendo Switch OLED Mario Red Edition,Nintendo Nintendo Switch OLED Mario Red Edition,Gaming\570_Nintendo_Nintendo_Switch_OLED_Mario_Red_Edition.jpg,downloaded
571,Gaming,Nintendo,Nintendo Switch OLED Model White Set (RGB Battlestation Bundle),Nintendo Nintendo Switch OLED Model White Set (RGB Battlestation Bundle),Gaming\571_Nintendo_Nintendo_Switch_OLED_Model_White_Set_(RGB_Battlestation_Bundle).jpg,downloaded
572,Gaming,Nintendo,Nintendo Switch OLED Mario Red Edition (Competitive Tournament Edition),Nintendo Nintendo Switch OLED Mario Red Edition (Competitive Tournament Edition),Gaming\572_Nintendo_Nintendo_Switch_OLED_Mario_Red_Edition_(Competitive_Tournament_Edition).jpg,downloaded
573,Gaming,Nintendo,Nintendo Switch OLED Model White Set (Limited Stealth Edition),Nintendo Nintendo Switch OLED Model White Set (Limited Stealth Edition),Gaming\573_Nintendo_Nintendo_Switch_OLED_Model_White_Set_(Limited_Stealth_Edition).jpg,downloaded
574,Gaming,Nintendo,Nintendo Switch OLED Mario Red Edition (Overclocked Performance Pack),Nintendo Nintendo Switch OLED Mario Red Edition (Overclocked Performance Pack),Gaming\574_Nintendo_Nintendo_Switch_OLED_Mario_Red_Edition_(Overclocked_Performance_Pack).jpg,downloaded
575,Gaming,Nintendo,Nintendo Switch OLED Model White Set (Competitive Tournament Edition),Nintendo Nintendo Switch OLED Model White Set (Competitive Tournament Edition),Gaming\575_Nintendo_Nintendo_Switch_OLED_Model_White_Set_(Competitive_Tournament_Edition).jpg,downloaded
576,Gaming,Nintendo,Nintendo Switch OLED Mario Red Edition (Streamer Pro Kit with Mat),Nintendo Nintendo Switch OLED Mario Red Edition (Streamer Pro Kit with Mat),Gaming\576_Nintendo_Nintendo_Switch_OLED_Mario_Red_Edition_(Streamer_Pro_Kit_with_Mat).jpg,downloaded
577,Gaming,Razer,DeathAdder V3 Pro Wireless Gaming Mouse,Razer DeathAdder V3 Pro Wireless Gaming Mouse,,not_found
578,Gaming,Razer,Viper V3 Pro Wireless Esports Gaming Mouse,Razer Viper V3 Pro Wireless Esports Gaming Mouse,,not_found
579,Gaming,Razer,Huntsman V3 Pro TKL Esports Optical Gaming Keyboard,Razer Huntsman V3 Pro TKL Esports Optical Gaming Keyboard,,not_found
580,Gaming,Razer,DeathAdder V3 Pro Wireless Gaming Mouse (Limited Stealth Edition),Razer DeathAdder V3 Pro Wireless Gaming Mouse (Limited Stealth Edition),,not_found
581,Gaming,Razer,Viper V3 Pro Wireless Esports Gaming Mouse (Overclocked Performance Pack),Razer Viper V3 Pro Wireless Esports Gaming Mouse (Overclocked Performance Pack),,not_found
582,Gaming,Razer,Huntsman V3 Pro TKL Esports Optical Gaming Keyboard (Competitive Tournament Edition),Razer Huntsman V3 Pro TKL Esports Optical Gaming Keyboard (Competitive Tournament Edition),,not_found
583,Gaming,Razer,DeathAdder V3 Pro Wireless Gaming Mouse (Competitive Tournament Edition),Razer DeathAdder V3 Pro Wireless Gaming Mouse (Competitive Tournament Edition),,not_found
584,Gaming,Razer,Viper V3 Pro Wireless Esports Gaming Mouse (Streamer Pro Kit with Mat),Razer Viper V3 Pro Wireless Esports Gaming Mouse (Streamer Pro Kit with Mat),,not_found
585,Gaming,Razer,Huntsman V3 Pro TKL Esports Optical Gaming Keyboard (Overclocked Performance Pack),Razer Huntsman V3 Pro TKL Esports Optical Gaming Keyboard (Overclocked Performance Pack),,not_found
586,Gaming,Sapphire,Pulse AMD Radeon RX 7800 XT Gaming 16GB GDDR6,Sapphire Pulse AMD Radeon RX 7800 XT Gaming 16GB GDDR6,,not_found
587,Gaming,Sapphire,Pulse AMD Radeon RX 7800 XT Gaming 16GB GDDR6 (Limited Stealth Edition),Sapphire Pulse AMD Radeon RX 7800 XT Gaming 16GB GDDR6 (Limited Stealth Edition),,not_found
588,Gaming,Sapphire,Pulse AMD Radeon RX 7800 XT Gaming 16GB GDDR6 (Competitive Tournament Edition),Sapphire Pulse AMD Radeon RX 7800 XT Gaming 16GB GDDR6 (Competitive Tournament Edition),,not_found
589,Gaming,Sapphire,Pulse AMD Radeon RX 7800 XT Gaming 16GB GDDR6 (Overclocked Performance Pack),Sapphire Pulse AMD Radeon RX 7800 XT Gaming 16GB GDDR6 (Overclocked Performance Pack),,not_found
590,Gaming,Sony,PlayStation 5 Slim Console (Disc Edition) 1TB,Sony PlayStation 5 Slim Console (Disc Edition) 1TB,Gaming\590_Sony_PlayStation_5_Slim_Console_(Disc_Edition)_1TB.jpg,downloaded
591,Gaming,Sony,PlayStation 5 Slim Digital Edition 1TB,Sony PlayStation 5 Slim Digital Edition 1TB,Gaming\591_Sony_PlayStation_5_Slim_Digital_Edition_1TB.jpg,downloaded
592,Gaming,Sony,PlayStation Portal Remote Player for PS5 Console,Sony PlayStation Portal Remote Player for PS5 Console,Gaming\592_Sony_PlayStation_Portal_Remote_Player_for_PS5_Console.jpg,downloaded
593,Gaming,Sony,DualSense Edge Wireless Controller for PS5,Sony DualSense Edge Wireless Controller for PS5,Gaming\593_Sony_DualSense_Edge_Wireless_Controller_for_PS5.jpg,downloaded
594,Gaming,Sony,PlayStation 5 Slim Digital Edition 1TB (Competitive Tournament Edition),Sony PlayStation 5 Slim Digital Edition 1TB (Competitive Tournament Edition),Gaming\594_Sony_PlayStation_5_Slim_Digital_Edition_1TB_(Competitive_Tournament_Edition).jpg,downloaded
595,Gaming,Sony,PlayStation Portal Remote Player for PS5 Console (Streamer Pro Kit with Mat),Sony PlayStation Portal Remote Player for PS5 Console (Streamer Pro Kit with Mat),Gaming\595_Sony_PlayStation_Portal_Remote_Player_for_PS5_Console_(Streamer_Pro_Kit_with_Mat).jpg,downloaded
596,Gaming,Sony,DualSense Edge Wireless Controller for PS5 (Overclocked Performance Pack),Sony DualSense Edge Wireless Controller for PS5 (Overclocked Performance Pack),Gaming\596_Sony_DualSense_Edge_Wireless_Controller_for_PS5_(Overclocked_Performance_Pack).jpg,downloaded
597,Gaming,Sony,PlayStation 5 Slim Console (Disc Edition) 1TB (Limited Stealth Edition),Sony PlayStation 5 Slim Console (Disc Edition) 1TB (Limited Stealth Edition),Gaming\597_Sony_PlayStation_5_Slim_Console_(Disc_Edition)_1TB_(Limited_Stealth_Edition).jpg,downloaded
598,Gaming,Sony,PlayStation 5 Slim Digital Edition 1TB (Overclocked Performance Pack),Sony PlayStation 5 Slim Digital Edition 1TB (Overclocked Performance Pack),Gaming\598_Sony_PlayStation_5_Slim_Digital_Edition_1TB_(Overclocked_Performance_Pack).jpg,downloaded
599,Gaming,Sony,PlayStation Portal Remote Player for PS5 Console (RGB Battlestation Bundle),Sony PlayStation Portal Remote Player for PS5 Console (RGB Battlestation Bundle),Gaming\599_Sony_PlayStation_Portal_Remote_Player_for_PS5_Console_(RGB_Battlestation_Bundle).jpg,downloaded
600,Gaming,Sony,DualSense Edge Wireless Controller for PS5 (Streamer Pro Kit with Mat),Sony DualSense Edge Wireless Controller for PS5 (Streamer Pro Kit with Mat),Gaming\600_Sony_DualSense_Edge_Wireless_Controller_for_PS5_(Streamer_Pro_Kit_with_Mat).jpg,downloaded
601,Gaming,Sony,PlayStation 5 Slim Console (Disc Edition) 1TB (Competitive Tournament Edition),Sony PlayStation 5 Slim Console (Disc Edition) 1TB (Competitive Tournament Edition),Gaming\601_Sony_PlayStation_5_Slim_Console_(Disc_Edition)_1TB_(Competitive_Tournament_Edition).jpg,downloaded
602,Gaming,Sony,PlayStation 5 Slim Digital Edition 1TB (Streamer Pro Kit with Mat),Sony PlayStation 5 Slim Digital Edition 1TB (Streamer Pro Kit with Mat),Gaming\602_Sony_PlayStation_5_Slim_Digital_Edition_1TB_(Streamer_Pro_Kit_with_Mat).jpg,downloaded
603,Gaming,Sony,PlayStation Portal Remote Player for PS5 Console (Limited Stealth Edition),Sony PlayStation Portal Remote Player for PS5 Console (Limited Stealth Edition),Gaming\603_Sony_PlayStation_Portal_Remote_Player_for_PS5_Console_(Limited_Stealth_Edition).jpg,downloaded
604,Gaming,Sony,DualSense Edge Wireless Controller for PS5 (RGB Battlestation Bundle),Sony DualSense Edge Wireless Controller for PS5 (RGB Battlestation Bundle),Gaming\604_Sony_DualSense_Edge_Wireless_Controller_for_PS5_(RGB_Battlestation_Bundle).jpg,downloaded
605,Gaming,SteelSeries,Apex Pro TKL Wireless Mechanical Gaming Keyboard,SteelSeries Apex Pro TKL Wireless Mechanical Gaming Keyboard,,not_found
606,Gaming,SteelSeries,Arctis Nova Pro Wireless Multi-System Gaming Headset,SteelSeries Arctis Nova Pro Wireless Multi-System Gaming Headset,,not_found
607,Gaming,SteelSeries,Apex Pro TKL Wireless Mechanical Gaming Keyboard (RGB Battlestation Bundle),SteelSeries Apex Pro TKL Wireless Mechanical Gaming Keyboard (RGB Battlestation Bundle),,not_found
608,Gaming,SteelSeries,Arctis Nova Pro Wireless Multi-System Gaming Headset (Streamer Pro Kit with Mat),SteelSeries Arctis Nova Pro Wireless Multi-System Gaming Headset (Streamer Pro Kit with Mat),,not_found
609,Gaming,SteelSeries,Apex Pro TKL Wireless Mechanical Gaming Keyboard (Limited Stealth Edition),SteelSeries Apex Pro TKL Wireless Mechanical Gaming Keyboard (Limited Stealth Edition),,not_found
610,Gaming,SteelSeries,Arctis Nova Pro Wireless Multi-System Gaming Headset (RGB Battlestation Bundle),SteelSeries Arctis Nova Pro Wireless Multi-System Gaming Headset (RGB Battlestation Bundle),,not_found
611,Gaming,Valve,Steam Deck OLED 512GB Handheld Gaming PC,Valve Steam Deck OLED 512GB Handheld Gaming PC,Gaming\611_Valve_Steam_Deck_OLED_512GB_Handheld_Gaming_PC.jpg,downloaded
612,Gaming,Valve,Steam Deck OLED 1TB with Anti-Glare Etched Glass,Valve Steam Deck OLED 1TB with Anti-Glare Etched Glass,Gaming\612_Valve_Steam_Deck_OLED_1TB_with_Anti-Glare_Etched_Glass.jpg,downloaded
613,Gaming,Valve,Steam Deck OLED 512GB Handheld Gaming PC (Streamer Pro Kit with Mat),Valve Steam Deck OLED 512GB Handheld Gaming PC (Streamer Pro Kit with Mat),Gaming\613_Valve_Steam_Deck_OLED_512GB_Handheld_Gaming_PC_(Streamer_Pro_Kit_with_Mat).jpg,downloaded
614,Gaming,Valve,Steam Deck OLED 1TB with Anti-Glare Etched Glass (Limited Stealth Edition),Valve Steam Deck OLED 1TB with Anti-Glare Etched Glass (Limited Stealth Edition),Gaming\614_Valve_Steam_Deck_OLED_1TB_with_Anti-Glare_Etched_Glass_(Limited_Stealth_Edition).jpg,downloaded
615,Gaming,Valve,Steam Deck OLED 512GB Handheld Gaming PC (RGB Battlestation Bundle),Valve Steam Deck OLED 512GB Handheld Gaming PC (RGB Battlestation Bundle),Gaming\615_Valve_Steam_Deck_OLED_512GB_Handheld_Gaming_PC_(RGB_Battlestation_Bundle).jpg,downloaded
616,Gaming,Valve,Steam Deck OLED 1TB with Anti-Glare Etched Glass (Competitive Tournament Edition),Valve Steam Deck OLED 1TB with Anti-Glare Etched Glass (Competitive Tournament Edition),Gaming\616_Valve_Steam_Deck_OLED_1TB_with_Anti-Glare_Etched_Glass_(Competitive_Tournament_Edition).jpg,downloaded
617,Gaming,Valve,Steam Deck OLED 512GB Handheld Gaming PC (Limited Stealth Edition),Valve Steam Deck OLED 512GB Handheld Gaming PC (Limited Stealth Edition),Gaming\617_Valve_Steam_Deck_OLED_512GB_Handheld_Gaming_PC_(Limited_Stealth_Edition).jpg,downloaded
618,Gaming,Valve,Steam Deck OLED 1TB with Anti-Glare Etched Glass (Overclocked Performance Pack),Valve Steam Deck OLED 1TB with Anti-Glare Etched Glass (Overclocked Performance Pack),Gaming\618_Valve_Steam_Deck_OLED_1TB_with_Anti-Glare_Etched_Glass_(Overclocked_Performance_Pack).jpg,downloaded
619,Gaming,ZOTAC,Gaming GeForce RTX 4090 Trinity OC White Edition 24GB,ZOTAC Gaming GeForce RTX 4090 Trinity OC White Edition 24GB,,not_found
620,Gaming,ZOTAC,Gaming GeForce RTX 4080 Super Trinity Black Edition 16GB,ZOTAC Gaming GeForce RTX 4080 Super Trinity Black Edition 16GB,,not_found
621,Gaming,ZOTAC,Gaming GeForce RTX 4060 8GB Twin Edge OC,ZOTAC Gaming GeForce RTX 4060 8GB Twin Edge OC,,not_found
622,Gaming,ZOTAC,Gaming GeForce RTX 4090 Trinity OC White Edition 24GB (Competitive Tournament Edition),ZOTAC Gaming GeForce RTX 4090 Trinity OC White Edition 24GB (Competitive Tournament Edition),,not_found
623,Gaming,ZOTAC,Gaming GeForce RTX 4080 Super Trinity Black Edition 16GB (Limited Stealth Edition),ZOTAC Gaming GeForce RTX 4080 Super Trinity Black Edition 16GB (Limited Stealth Edition),,not_found
624,Gaming,ZOTAC,Gaming GeForce RTX 4060 8GB Twin Edge OC (Competitive Tournament Edition),ZOTAC Gaming GeForce RTX 4060 8GB Twin Edge OC (Competitive Tournament Edition),,not_found
625,Gaming,ZOTAC,Gaming GeForce RTX 4090 Trinity OC White Edition 24GB (Overclocked Performance Pack),ZOTAC Gaming GeForce RTX 4090 Trinity OC White Edition 24GB (Overclocked Performance Pack),,not_found
626,Gaming,ZOTAC,Gaming GeForce RTX 4080 Super Trinity Black Edition 16GB (Competitive Tournament Edition),ZOTAC Gaming GeForce RTX 4080 Super Trinity Black Edition 16GB (Competitive Tournament Edition),,not_found
627,Gaming,ZOTAC,Gaming GeForce RTX 4060 8GB Twin Edge OC (Overclocked Performance Pack),ZOTAC Gaming GeForce RTX 4060 8GB Twin Edge OC (Overclocked Performance Pack),,not_found
628,Gaming,ZOTAC,Gaming GeForce RTX 4090 Trinity OC White Edition 24GB (Streamer Pro Kit with Mat),ZOTAC Gaming GeForce RTX 4090 Trinity OC White Edition 24GB (Streamer Pro Kit with Mat),,not_found
629,Gaming,ZOTAC,Gaming GeForce RTX 4080 Super Trinity Black Edition 16GB (Overclocked Performance Pack),ZOTAC Gaming GeForce RTX 4080 Super Trinity Black Edition 16GB (Overclocked Performance Pack),,not_found
630,Gaming,ZOTAC,Gaming GeForce RTX 4060 8GB Twin Edge OC (Streamer Pro Kit with Mat),ZOTAC Gaming GeForce RTX 4060 8GB Twin Edge OC (Streamer Pro Kit with Mat),,not_found
631,Cameras,Canon,EOS R5 Mark II Full-Frame Mirrorless Camera Body,Canon EOS R5 Mark II Full-Frame Mirrorless Camera Body,,not_found
632,Cameras,Canon,EOS R6 Mark II Full-Frame Mirrorless Camera Body,Canon EOS R6 Mark II Full-Frame Mirrorless Camera Body,,not_found
633,Cameras,Canon,EOS R8 Full-Frame Mirrorless Camera with 24-50mm Lens,Canon EOS R8 Full-Frame Mirrorless Camera with 24-50mm Lens,,not_found
634,Cameras,Canon,EOS R50 APS-C Mirrorless Content Creator Kit,Canon EOS R50 APS-C Mirrorless Content Creator Kit,,not_found
635,Cameras,Canon,EOS R10 with RF-S 18-150mm IS STM Lens,Canon EOS R10 with RF-S 18-150mm IS STM Lens,,not_found
636,Cameras,Canon,EOS R5 Mark II Full-Frame Mirrorless Camera Body (Extra High-Capacity Battery Pack),Canon EOS R5 Mark II Full-Frame Mirrorless Camera Body (Extra High-Capacity Battery Pack),,not_found
637,Cameras,Canon,EOS R6 Mark II Full-Frame Mirrorless Camera Body (Studio Lighting & SD Card Bundle),Canon EOS R6 Mark II Full-Frame Mirrorless Camera Body (Studio Lighting & SD Card Bundle),,not_found
638,Cameras,Canon,EOS R8 Full-Frame Mirrorless Camera with 24-50mm Lens (Pro Filmmaker Kit with Cage),Canon EOS R8 Full-Frame Mirrorless Camera with 24-50mm Lens (Pro Filmmaker Kit with Cage),,not_found
639,Cameras,Canon,EOS R50 APS-C Mirrorless Content Creator Kit (Vlogger Bundle with Dual Mics),Canon EOS R50 APS-C Mirrorless Content Creator Kit (Vlogger Bundle with Dual Mics),,not_found
640,Cameras,Canon,EOS R10 with RF-S 18-150mm IS STM Lens (Landscape Explorer with Carbon Tripod),Canon EOS R10 with RF-S 18-150mm IS STM Lens (Landscape Explorer with Carbon Tripod),,not_found
641,Cameras,Canon,EOS R5 Mark II Full-Frame Mirrorless Camera Body (Vlogger Bundle with Dual Mics),Canon EOS R5 Mark II Full-Frame Mirrorless Camera Body (Vlogger Bundle with Dual Mics),,not_found
642,Cameras,Canon,EOS R6 Mark II Full-Frame Mirrorless Camera Body (Landscape Explorer with Carbon Tripod),Canon EOS R6 Mark II Full-Frame Mirrorless Camera Body (Landscape Explorer with Carbon Tripod),,not_found
643,Cameras,Canon,EOS R8 Full-Frame Mirrorless Camera with 24-50mm Lens (Extra High-Capacity Battery Pack),Canon EOS R8 Full-Frame Mirrorless Camera with 24-50mm Lens (Extra High-Capacity Battery Pack),,not_found
644,Cameras,Canon,EOS R50 APS-C Mirrorless Content Creator Kit (Studio Lighting & SD Card Bundle),Canon EOS R50 APS-C Mirrorless Content Creator Kit (Studio Lighting & SD Card Bundle),,not_found
645,Cameras,Canon,EOS R10 with RF-S 18-150mm IS STM Lens (Pro Filmmaker Kit with Cage),Canon EOS R10 with RF-S 18-150mm IS STM Lens (Pro Filmmaker Kit with Cage),,not_found
646,Cameras,Canon,EOS R5 Mark II Full-Frame Mirrorless Camera Body (Studio Lighting & SD Card Bundle),Canon EOS R5 Mark II Full-Frame Mirrorless Camera Body (Studio Lighting & SD Card Bundle),,not_found
647,Cameras,Canon,EOS R6 Mark II Full-Frame Mirrorless Camera Body (Pro Filmmaker Kit with Cage),Canon EOS R6 Mark II Full-Frame Mirrorless Camera Body (Pro Filmmaker Kit with Cage),,not_found
648,Cameras,Canon,EOS R8 Full-Frame Mirrorless Camera with 24-50mm Lens (Vlogger Bundle with Dual Mics),Canon EOS R8 Full-Frame Mirrorless Camera with 24-50mm Lens (Vlogger Bundle with Dual Mics),,not_found
649,Cameras,Canon,EOS R50 APS-C Mirrorless Content Creator Kit (Landscape Explorer with Carbon Tripod),Canon EOS R50 APS-C Mirrorless Content Creator Kit (Landscape Explorer with Carbon Tripod),,not_found
650,Cameras,Canon,EOS R10 with RF-S 18-150mm IS STM Lens (Extra High-Capacity Battery Pack),Canon EOS R10 with RF-S 18-150mm IS STM Lens (Extra High-Capacity Battery Pack),,not_found
651,Cameras,DJI,Osmo Pocket 3 Creator Combo Handheld Gimbal Camera,DJI Osmo Pocket 3 Creator Combo Handheld Gimbal Camera,,not_found
652,Cameras,DJI,Osmo Action 4 Adventure Combo Waterproof Camera,DJI Osmo Action 4 Adventure Combo Waterproof Camera,,not_found
653,Cameras,DJI,Mini 4 Pro Fly More Combo Plus (DJI RC 2),DJI Mini 4 Pro Fly More Combo Plus (DJI RC 2),,not_found
654,Cameras,DJI,Osmo Pocket 3 Creator Combo Handheld Gimbal Camera (Pro Filmmaker Kit with Cage),DJI Osmo Pocket 3 Creator Combo Handheld Gimbal Camera (Pro Filmmaker Kit with Cage),,not_found
655,Cameras,DJI,Osmo Action 4 Adventure Combo Waterproof Camera (Vlogger Bundle with Dual Mics),DJI Osmo Action 4 Adventure Combo Waterproof Camera (Vlogger Bundle with Dual Mics),,not_found
656,Cameras,DJI,Mini 4 Pro Fly More Combo Plus (DJI RC 2) (Landscape Explorer with Carbon Tripod),DJI Mini 4 Pro Fly More Combo Plus (DJI RC 2) (Landscape Explorer with Carbon Tripod),,not_found
657,Cameras,DJI,Osmo Pocket 3 Creator Combo Handheld Gimbal Camera (Extra High-Capacity Battery Pack),DJI Osmo Pocket 3 Creator Combo Handheld Gimbal Camera (Extra High-Capacity Battery Pack),,not_found
658,Cameras,DJI,Osmo Action 4 Adventure Combo Waterproof Camera (Studio Lighting & SD Card Bundle),DJI Osmo Action 4 Adventure Combo Waterproof Camera (Studio Lighting & SD Card Bundle),,not_found
659,Cameras,DJI,Mini 4 Pro Fly More Combo Plus (DJI RC 2) (Pro Filmmaker Kit with Cage),DJI Mini 4 Pro Fly More Combo Plus (DJI RC 2) (Pro Filmmaker Kit with Cage),,not_found
660,Cameras,DJI,Osmo Pocket 3 Creator Combo Handheld Gimbal Camera (Vlogger Bundle with Dual Mics),DJI Osmo Pocket 3 Creator Combo Handheld Gimbal Camera (Vlogger Bundle with Dual Mics),,not_found
661,Cameras,DJI,Osmo Action 4 Adventure Combo Waterproof Camera (Landscape Explorer with Carbon Tripod),DJI Osmo Action 4 Adventure Combo Waterproof Camera (Landscape Explorer with Carbon Tripod),,not_found
662,Cameras,Fujifilm,X-T5 Mirrorless Camera with XF 16-80mm f/4 Lens,Fujifilm X-T5 Mirrorless Camera with XF 16-80mm f/4 Lens,,not_found
663,Cameras,Fujifilm,X100VI Premium Compact Fixed Lens Camera (Silver),Fujifilm X100VI Premium Compact Fixed Lens Camera (Silver),,not_found
664,Cameras,Fujifilm,X-S20 Mirrorless Camera with XC 15-45mm Lens Kit,Fujifilm X-S20 Mirrorless Camera with XC 15-45mm Lens Kit,,not_found
665,Cameras,Fujifilm,X-T5 Mirrorless Camera with XF 16-80mm f/4 Lens (Landscape Explorer with Carbon Tripod),Fujifilm X-T5 Mirrorless Camera with XF 16-80mm f/4 Lens (Landscape Explorer with Carbon Tripod),,not_found
666,Cameras,Fujifilm,X100VI Premium Compact Fixed Lens Camera (Silver) (Extra High-Capacity Battery Pack),Fujifilm X100VI Premium Compact Fixed Lens Camera (Silver) (Extra High-Capacity Battery Pack),,not_found
667,Cameras,Fujifilm,X-S20 Mirrorless Camera with XC 15-45mm Lens Kit (Studio Lighting & SD Card Bundle),Fujifilm X-S20 Mirrorless Camera with XC 15-45mm Lens Kit (Studio Lighting & SD Card Bundle),,not_found
668,Cameras,Fujifilm,X-T5 Mirrorless Camera with XF 16-80mm f/4 Lens (Pro Filmmaker Kit with Cage),Fujifilm X-T5 Mirrorless Camera with XF 16-80mm f/4 Lens (Pro Filmmaker Kit with Cage),,not_found
669,Cameras,Fujifilm,X100VI Premium Compact Fixed Lens Camera (Silver) (Vlogger Bundle with Dual Mics),Fujifilm X100VI Premium Compact Fixed Lens Camera (Silver) (Vlogger Bundle with Dual Mics),,not_found
670,Cameras,Fujifilm,X-S20 Mirrorless Camera with XC 15-45mm Lens Kit (Landscape Explorer with Carbon Tripod),Fujifilm X-S20 Mirrorless Camera with XC 15-45mm Lens Kit (Landscape Explorer with Carbon Tripod),,not_found
671,Cameras,Fujifilm,X-T5 Mirrorless Camera with XF 16-80mm f/4 Lens (Extra High-Capacity Battery Pack),Fujifilm X-T5 Mirrorless Camera with XF 16-80mm f/4 Lens (Extra High-Capacity Battery Pack),,not_found
672,Cameras,Fujifilm,X100VI Premium Compact Fixed Lens Camera (Silver) (Studio Lighting & SD Card Bundle),Fujifilm X100VI Premium Compact Fixed Lens Camera (Silver) (Studio Lighting & SD Card Bundle),,not_found
673,Cameras,Fujifilm,X-S20 Mirrorless Camera with XC 15-45mm Lens Kit (Pro Filmmaker Kit with Cage),Fujifilm X-S20 Mirrorless Camera with XC 15-45mm Lens Kit (Pro Filmmaker Kit with Cage),,not_found
674,Cameras,GoPro,HERO12 Black Creator Edition Waterproof Action Camera,GoPro HERO12 Black Creator Edition Waterproof Action Camera,,not_found
675,Cameras,GoPro,HERO12 Black Action Camera,GoPro HERO12 Black Action Camera,,not_found
676,Cameras,GoPro,HERO12 Black Creator Edition Waterproof Action Camera (Extra High-Capacity Battery Pack),GoPro HERO12 Black Creator Edition Waterproof Action Camera (Extra High-Capacity Battery Pack),,not_found
677,Cameras,GoPro,HERO12 Black Action Camera (Studio Lighting & SD Card Bundle),GoPro HERO12 Black Action Camera (Studio Lighting & SD Card Bundle),,not_found
678,Cameras,GoPro,HERO12 Black Creator Edition Waterproof Action Camera (Vlogger Bundle with Dual Mics),GoPro HERO12 Black Creator Edition Waterproof Action Camera (Vlogger Bundle with Dual Mics),,not_found
679,Cameras,GoPro,HERO12 Black Action Camera (Landscape Explorer with Carbon Tripod),GoPro HERO12 Black Action Camera (Landscape Explorer with Carbon Tripod),,not_found
680,Cameras,Insta360,X4 8K 360 Degree Waterproof Action Camera,Insta360 X4 8K 360 Degree Waterproof Action Camera,Cameras\680_Insta360_X4_8K_360_Degree_Waterproof_Action_Camera.jpg,downloaded
681,Cameras,Insta360,Ace Pro 8K Action Camera Co-Engineered with Leica,Insta360 Ace Pro 8K Action Camera Co-Engineered with Leica,Cameras\681_Insta360_Ace_Pro_8K_Action_Camera_Co-Engineered_with_Leica.jpg,downloaded
682,Cameras,Insta360,GO 3S Tiny Action Camera 128GB (White),Insta360 GO 3S Tiny Action Camera 128GB (White),Cameras\682_Insta360_GO_3S_Tiny_Action_Camera_128GB_(White).jpg,downloaded
683,Cameras,Insta360,X4 8K 360 Degree Waterproof Action Camera (Pro Filmmaker Kit with Cage),Insta360 X4 8K 360 Degree Waterproof Action Camera (Pro Filmmaker Kit with Cage),Cameras\683_Insta360_X4_8K_360_Degree_Waterproof_Action_Camera_(Pro_Filmmaker_Kit_with_Cage).jpg,downloaded
684,Cameras,Insta360,Ace Pro 8K Action Camera Co-Engineered with Leica (Vlogger Bundle with Dual Mics),Insta360 Ace Pro 8K Action Camera Co-Engineered with Leica (Vlogger Bundle with Dual Mics),Cameras\684_Insta360_Ace_Pro_8K_Action_Camera_Co-Engineered_with_Leica_(Vlogger_Bundle_with_Dual_Mics).jpg,downloaded
685,Cameras,Insta360,GO 3S Tiny Action Camera 128GB (White) (Landscape Explorer with Carbon Tripod),Insta360 GO 3S Tiny Action Camera 128GB (White) (Landscape Explorer with Carbon Tripod),Cameras\685_Insta360_GO_3S_Tiny_Action_Camera_128GB_(White)_(Landscape_Explorer_with_Carbon_Tripod).jpg,downloaded
686,Cameras,Insta360,X4 8K 360 Degree Waterproof Action Camera (Extra High-Capacity Battery Pack),Insta360 X4 8K 360 Degree Waterproof Action Camera (Extra High-Capacity Battery Pack),Cameras\686_Insta360_X4_8K_360_Degree_Waterproof_Action_Camera_(Extra_High-Capacity_Battery_Pack).jpg,downloaded
687,Cameras,Insta360,Ace Pro 8K Action Camera Co-Engineered with Leica (Studio Lighting & SD Card Bundle),Insta360 Ace Pro 8K Action Camera Co-Engineered with Leica (Studio Lighting & SD Card Bundle),Cameras\687_Insta360_Ace_Pro_8K_Action_Camera_Co-Engineered_with_Leica_(Studio_Lighting_&_SD_Card_Bundle).jpg,downloaded
688,Cameras,Insta360,GO 3S Tiny Action Camera 128GB (White) (Pro Filmmaker Kit with Cage),Insta360 GO 3S Tiny Action Camera 128GB (White) (Pro Filmmaker Kit with Cage),Cameras\688_Insta360_GO_3S_Tiny_Action_Camera_128GB_(White)_(Pro_Filmmaker_Kit_with_Cage).jpg,downloaded
689,Cameras,Nikon,Z8 Full-Frame Professional Mirrorless Camera Body,Nikon Z8 Full-Frame Professional Mirrorless Camera Body,,not_found
690,Cameras,Nikon,Z6 III Full-Frame Mirrorless Camera with 24-70mm f/4 S Lens,Nikon Z6 III Full-Frame Mirrorless Camera with 24-70mm f/4 S Lens,,not_found
691,Cameras,Nikon,Zf Vintage Design Full-Frame Mirrorless Camera (Black),Nikon Zf Vintage Design Full-Frame Mirrorless Camera (Black),,not_found
692,Cameras,Nikon,Z50 APS-C Mirrorless with Dual Lens Kit (16-50mm + 50-250mm),Nikon Z50 APS-C Mirrorless with Dual Lens Kit (16-50mm + 50-250mm),,not_found
693,Cameras,Nikon,Z8 Full-Frame Professional Mirrorless Camera Body (Extra High-Capacity Battery Pack),Nikon Z8 Full-Frame Professional Mirrorless Camera Body (Extra High-Capacity Battery Pack),,not_found
694,Cameras,Nikon,Z6 III Full-Frame Mirrorless Camera with 24-70mm f/4 S Lens (Studio Lighting & SD Card Bundle),Nikon Z6 III Full-Frame Mirrorless Camera with 24-70mm f/4 S Lens (Studio Lighting & SD Card Bundle),,not_found
695,Cameras,Nikon,Zf Vintage Design Full-Frame Mirrorless Camera (Black) (Pro Filmmaker Kit with Cage),Nikon Zf Vintage Design Full-Frame Mirrorless Camera (Black) (Pro Filmmaker Kit with Cage),,not_found
696,Cameras,Nikon,Z50 APS-C Mirrorless with Dual Lens Kit (16-50mm + 50-250mm) (Vlogger Bundle with Dual Mics),Nikon Z50 APS-C Mirrorless with Dual Lens Kit (16-50mm + 50-250mm) (Vlogger Bundle with Dual Mics),,not_found
697,Cameras,Nikon,Z8 Full-Frame Professional Mirrorless Camera Body (Vlogger Bundle with Dual Mics),Nikon Z8 Full-Frame Professional Mirrorless Camera Body (Vlogger Bundle with Dual Mics),,not_found
698,Cameras,Nikon,Z6 III Full-Frame Mirrorless Camera with 24-70mm f/4 S Lens (Landscape Explorer with Carbon Tripod),Nikon Z6 III Full-Frame Mirrorless Camera with 24-70mm f/4 S Lens (Landscape Explorer with Carbon Tripod),,not_found
699,Cameras,Nikon,Zf Vintage Design Full-Frame Mirrorless Camera (Black) (Extra High-Capacity Battery Pack),Nikon Zf Vintage Design Full-Frame Mirrorless Camera (Black) (Extra High-Capacity Battery Pack),,not_found
700,Cameras,Nikon,Z50 APS-C Mirrorless with Dual Lens Kit (16-50mm + 50-250mm) (Studio Lighting & SD Card Bundle),Nikon Z50 APS-C Mirrorless with Dual Lens Kit (16-50mm + 50-250mm) (Studio Lighting & SD Card Bundle),,not_found
701,Cameras,Nikon,Z8 Full-Frame Professional Mirrorless Camera Body (Studio Lighting & SD Card Bundle),Nikon Z8 Full-Frame Professional Mirrorless Camera Body (Studio Lighting & SD Card Bundle),,not_found
702,Cameras,Nikon,Z6 III Full-Frame Mirrorless Camera with 24-70mm f/4 S Lens (Pro Filmmaker Kit with Cage),Nikon Z6 III Full-Frame Mirrorless Camera with 24-70mm f/4 S Lens (Pro Filmmaker Kit with Cage),,not_found
703,Cameras,Nikon,Zf Vintage Design Full-Frame Mirrorless Camera (Black) (Vlogger Bundle with Dual Mics),Nikon Zf Vintage Design Full-Frame Mirrorless Camera (Black) (Vlogger Bundle with Dual Mics),,not_found
704,Cameras,Nikon,Z50 APS-C Mirrorless with Dual Lens Kit (16-50mm + 50-250mm) (Landscape Explorer with Carbon Tripod),Nikon Z50 APS-C Mirrorless with Dual Lens Kit (16-50mm + 50-250mm) (Landscape Explorer with Carbon Tripod),,not_found
705,Cameras,Sony,Alpha 7 IV Full-Frame Mirrorless Camera (Body Only),Sony Alpha 7 IV Full-Frame Mirrorless Camera (Body Only),Cameras\705_Sony_Alpha_7_IV_Full-Frame_Mirrorless_Camera_(Body_Only).jpg,downloaded
706,Cameras,Sony,Alpha 7 IV with 28-70mm Zoom Lens Kit,Sony Alpha 7 IV with 28-70mm Zoom Lens Kit,Cameras\706_Sony_Alpha_7_IV_with_28-70mm_Zoom_Lens_Kit.jpg,downloaded
707,Cameras,Sony,Alpha 7R V High-Resolution Full-Frame Camera,Sony Alpha 7R V High-Resolution Full-Frame Camera,Cameras\707_Sony_Alpha_7R_V_High-Resolution_Full-Frame_Camera.jpg,downloaded
708,Cameras,Sony,Alpha 7C II Compact Full-Frame Mirrorless Camera,Sony Alpha 7C II Compact Full-Frame Mirrorless Camera,Cameras\708_Sony_Alpha_7C_II_Compact_Full-Frame_Mirrorless_Camera.jpg,downloaded
709,Cameras,Sony,FX3 Cinema Line Full-Frame Camera,Sony FX3 Cinema Line Full-Frame Camera,Cameras\709_Sony_FX3_Cinema_Line_Full-Frame_Camera.jpg,downloaded
710,Cameras,Sony,ZV-E1 Full-Frame Vlogging Camera,Sony ZV-E1 Full-Frame Vlogging Camera,Cameras\710_Sony_ZV-E1_Full-Frame_Vlogging_Camera.jpg,downloaded
711,Cameras,Sony,Alpha 6700 APS-C Flagship Mirrorless Camera,Sony Alpha 6700 APS-C Flagship Mirrorless Camera,Cameras\711_Sony_Alpha_6700_APS-C_Flagship_Mirrorless_Camera.jpg,downloaded
712,Cameras,Sony,ZV-1 II Pocket Vlogging Camera with 18-50mm Wide Lens,Sony ZV-1 II Pocket Vlogging Camera with 18-50mm Wide Lens,Cameras\712_Sony_ZV-1_II_Pocket_Vlogging_Camera_with_18-50mm_Wide_Lens.jpg,downloaded
713,Cameras,Sony,Alpha 7 IV with 28-70mm Zoom Lens Kit (Vlogger Bundle with Dual Mics),Sony Alpha 7 IV with 28-70mm Zoom Lens Kit (Vlogger Bundle with Dual Mics),Cameras\713_Sony_Alpha_7_IV_with_28-70mm_Zoom_Lens_Kit_(Vlogger_Bundle_with_Dual_Mics).jpg,downloaded
714,Cameras,Sony,Alpha 7R V High-Resolution Full-Frame Camera (Landscape Explorer with Carbon Tripod),Sony Alpha 7R V High-Resolution Full-Frame Camera (Landscape Explorer with Carbon Tripod),Cameras\714_Sony_Alpha_7R_V_High-Resolution_Full-Frame_Camera_(Landscape_Explorer_with_Carbon_Tripod).jpg,downloaded
715,Cameras,Sony,Alpha 7C II Compact Full-Frame Mirrorless Camera (Extra High-Capacity Battery Pack),Sony Alpha 7C II Compact Full-Frame Mirrorless Camera (Extra High-Capacity Battery Pack),Cameras\715_Sony_Alpha_7C_II_Compact_Full-Frame_Mirrorless_Camera_(Extra_High-Capacity_Battery_Pack).jpg,downloaded
716,Cameras,Sony,FX3 Cinema Line Full-Frame Camera (Studio Lighting & SD Card Bundle),Sony FX3 Cinema Line Full-Frame Camera (Studio Lighting & SD Card Bundle),Cameras\716_Sony_FX3_Cinema_Line_Full-Frame_Camera_(Studio_Lighting_&_SD_Card_Bundle).jpg,downloaded
717,Cameras,Sony,ZV-E1 Full-Frame Vlogging Camera (Pro Filmmaker Kit with Cage),Sony ZV-E1 Full-Frame Vlogging Camera (Pro Filmmaker Kit with Cage),Cameras\717_Sony_ZV-E1_Full-Frame_Vlogging_Camera_(Pro_Filmmaker_Kit_with_Cage).jpg,downloaded
718,Cameras,Sony,Alpha 6700 APS-C Flagship Mirrorless Camera (Vlogger Bundle with Dual Mics),Sony Alpha 6700 APS-C Flagship Mirrorless Camera (Vlogger Bundle with Dual Mics),Cameras\718_Sony_Alpha_6700_APS-C_Flagship_Mirrorless_Camera_(Vlogger_Bundle_with_Dual_Mics).jpg,downloaded
719,Cameras,Sony,ZV-1 II Pocket Vlogging Camera with 18-50mm Wide Lens (Landscape Explorer with Carbon Tripod),Sony ZV-1 II Pocket Vlogging Camera with 18-50mm Wide Lens (Landscape Explorer with Carbon Tripod),Cameras\719_Sony_ZV-1_II_Pocket_Vlogging_Camera_with_18-50mm_Wide_Lens_(Landscape_Explorer_with_Carbon_Tripod).jpg,downloaded
720,Cameras,Sony,Alpha 7 IV Full-Frame Mirrorless Camera (Body Only) (Extra High-Capacity Battery Pack),Sony Alpha 7 IV Full-Frame Mirrorless Camera (Body Only) (Extra High-Capacity Battery Pack),Cameras\720_Sony_Alpha_7_IV_Full-Frame_Mirrorless_Camera_(Body_Only)_(Extra_High-Capacity_Battery_Pack).jpg,downloaded
721,Cameras,Sony,Alpha 7 IV with 28-70mm Zoom Lens Kit (Studio Lighting & SD Card Bundle),Sony Alpha 7 IV with 28-70mm Zoom Lens Kit (Studio Lighting & SD Card Bundle),Cameras\721_Sony_Alpha_7_IV_with_28-70mm_Zoom_Lens_Kit_(Studio_Lighting_&_SD_Card_Bundle).jpg,downloaded
722,Cameras,Sony,Alpha 7R V High-Resolution Full-Frame Camera (Pro Filmmaker Kit with Cage),Sony Alpha 7R V High-Resolution Full-Frame Camera (Pro Filmmaker Kit with Cage),Cameras\722_Sony_Alpha_7R_V_High-Resolution_Full-Frame_Camera_(Pro_Filmmaker_Kit_with_Cage).jpg,downloaded
723,Cameras,Sony,Alpha 7C II Compact Full-Frame Mirrorless Camera (Vlogger Bundle with Dual Mics),Sony Alpha 7C II Compact Full-Frame Mirrorless Camera (Vlogger Bundle with Dual Mics),Cameras\723_Sony_Alpha_7C_II_Compact_Full-Frame_Mirrorless_Camera_(Vlogger_Bundle_with_Dual_Mics).jpg,downloaded
724,Cameras,Sony,FX3 Cinema Line Full-Frame Camera (Landscape Explorer with Carbon Tripod),Sony FX3 Cinema Line Full-Frame Camera (Landscape Explorer with Carbon Tripod),Cameras\724_Sony_FX3_Cinema_Line_Full-Frame_Camera_(Landscape_Explorer_with_Carbon_Tripod).jpg,downloaded
725,Cameras,Sony,ZV-E1 Full-Frame Vlogging Camera (Extra High-Capacity Battery Pack),Sony ZV-E1 Full-Frame Vlogging Camera (Extra High-Capacity Battery Pack),Cameras\725_Sony_ZV-E1_Full-Frame_Vlogging_Camera_(Extra_High-Capacity_Battery_Pack).jpg,downloaded
726,Cameras,Sony,Alpha 6700 APS-C Flagship Mirrorless Camera (Studio Lighting & SD Card Bundle),Sony Alpha 6700 APS-C Flagship Mirrorless Camera (Studio Lighting & SD Card Bundle),Cameras\726_Sony_Alpha_6700_APS-C_Flagship_Mirrorless_Camera_(Studio_Lighting_&_SD_Card_Bundle).jpg,downloaded
727,Cameras,Sony,ZV-1 II Pocket Vlogging Camera with 18-50mm Wide Lens (Pro Filmmaker Kit with Cage),Sony ZV-1 II Pocket Vlogging Camera with 18-50mm Wide Lens (Pro Filmmaker Kit with Cage),Cameras\727_Sony_ZV-1_II_Pocket_Vlogging_Camera_with_18-50mm_Wide_Lens_(Pro_Filmmaker_Kit_with_Cage).jpg,downloaded
728,Cameras,Sony,Alpha 7 IV Full-Frame Mirrorless Camera (Body Only) (Vlogger Bundle with Dual Mics),Sony Alpha 7 IV Full-Frame Mirrorless Camera (Body Only) (Vlogger Bundle with Dual Mics),Cameras\728_Sony_Alpha_7_IV_Full-Frame_Mirrorless_Camera_(Body_Only)_(Vlogger_Bundle_with_Dual_Mics).jpg,downloaded
729,Cameras,Sony,Alpha 7 IV with 28-70mm Zoom Lens Kit (Landscape Explorer with Carbon Tripod),Sony Alpha 7 IV with 28-70mm Zoom Lens Kit (Landscape Explorer with Carbon Tripod),Cameras\729_Sony_Alpha_7_IV_with_28-70mm_Zoom_Lens_Kit_(Landscape_Explorer_with_Carbon_Tripod).jpg,downloaded
730,Cameras,Sony,Alpha 7R V High-Resolution Full-Frame Camera (Extra High-Capacity Battery Pack),Sony Alpha 7R V High-Resolution Full-Frame Camera (Extra High-Capacity Battery Pack),Cameras\730_Sony_Alpha_7R_V_High-Resolution_Full-Frame_Camera_(Extra_High-Capacity_Battery_Pack).jpg,downloaded
731,Cameras,Sony,Alpha 7C II Compact Full-Frame Mirrorless Camera (Studio Lighting & SD Card Bundle),Sony Alpha 7C II Compact Full-Frame Mirrorless Camera (Studio Lighting & SD Card Bundle),Cameras\731_Sony_Alpha_7C_II_Compact_Full-Frame_Mirrorless_Camera_(Studio_Lighting_&_SD_Card_Bundle).jpg,downloaded
732,Cameras,Sony,FX3 Cinema Line Full-Frame Camera (Pro Filmmaker Kit with Cage),Sony FX3 Cinema Line Full-Frame Camera (Pro Filmmaker Kit with Cage),Cameras\732_Sony_FX3_Cinema_Line_Full-Frame_Camera_(Pro_Filmmaker_Kit_with_Cage).jpg,downloaded
733,Cameras,Sony,ZV-E1 Full-Frame Vlogging Camera (Vlogger Bundle with Dual Mics),Sony ZV-E1 Full-Frame Vlogging Camera (Vlogger Bundle with Dual Mics),Cameras\733_Sony_ZV-E1_Full-Frame_Vlogging_Camera_(Vlogger_Bundle_with_Dual_Mics).jpg,downloaded
734,Cameras,Sony,Alpha 6700 APS-C Flagship Mirrorless Camera (Landscape Explorer with Carbon Tripod),Sony Alpha 6700 APS-C Flagship Mirrorless Camera (Landscape Explorer with Carbon Tripod),Cameras\734_Sony_Alpha_6700_APS-C_Flagship_Mirrorless_Camera_(Landscape_Explorer_with_Carbon_Tripod).jpg,downloaded
735,Cameras,Sony,ZV-1 II Pocket Vlogging Camera with 18-50mm Wide Lens (Extra High-Capacity Battery Pack),Sony ZV-1 II Pocket Vlogging Camera with 18-50mm Wide Lens (Extra High-Capacity Battery Pack),Cameras\735_Sony_ZV-1_II_Pocket_Vlogging_Camera_with_18-50mm_Wide_Lens_(Extra_High-Capacity_Battery_Pack).jpg,downloaded
736,Accessories,Anker,737 Power Bank (PowerCore 24K) 140W Portable Charger,Anker 737 Power Bank (PowerCore 24K) 140W Portable Charger,,not_found
737,Accessories,Anker,Prime 100W GaN Wall Charger (3-Port Fast Charger),Anker Prime 100W GaN Wall Charger (3-Port Fast Charger),,not_found
738,Accessories,Anker,"Prime 20,000mAh Power Bank (200W Output)","Anker Prime 20,000mAh Power Bank (200W Output)",,not_found
739,Accessories,Anker,MagGo 3-in-1 Foldable Qi2 Wireless Charging Station (15W),Anker MagGo 3-in-1 Foldable Qi2 Wireless Charging Station (15W),,not_found
740,Accessories,Anker,"575 USB-C Docking Station (13-in-1, Triple Display 85W)","Anker 575 USB-C Docking Station (13-in-1, Triple Display 85W)",,not_found
741,Accessories,Anker,Prime 100W GaN Wall Charger (3-Port Fast Charger) (Heavy-Duty Travel Case Edition),Anker Prime 100W GaN Wall Charger (3-Port Fast Charger) (Heavy-Duty Travel Case Edition),,not_found
742,Accessories,Anker,"Prime 20,000mAh Power Bank (200W Output) (Desktop Organizer Edition)","Anker Prime 20,000mAh Power Bank (200W Output) (Desktop Organizer Edition)",,not_found
743,Accessories,Anker,MagGo 3-in-1 Foldable Qi2 Wireless Charging Station (15W) (Dual-Pack Value Set),Anker MagGo 3-in-1 Foldable Qi2 Wireless Charging Station (15W) (Dual-Pack Value Set),,not_found
744,Accessories,Anker,"575 USB-C Docking Station (13-in-1, Triple Display 85W) (Heavy-Duty Travel Case Edition)","Anker 575 USB-C Docking Station (13-in-1, Triple Display 85W) (Heavy-Duty Travel Case Edition)",,not_found
745,Accessories,Anker,737 Power Bank (PowerCore 24K) 140W Portable Charger (Dual-Pack Value Set),Anker 737 Power Bank (PowerCore 24K) 140W Portable Charger (Dual-Pack Value Set),,not_found
746,Accessories,Anker,Prime 100W GaN Wall Charger (3-Port Fast Charger) (Titanium Edition),Anker Prime 100W GaN Wall Charger (3-Port Fast Charger) (Titanium Edition),,not_found
747,Accessories,Anker,"Prime 20,000mAh Power Bank (200W Output) (Braided 2m Cable Bundle)","Anker Prime 20,000mAh Power Bank (200W Output) (Braided 2m Cable Bundle)",,not_found
748,Accessories,Anker,MagGo 3-in-1 Foldable Qi2 Wireless Charging Station (15W) (Heavy-Duty Travel Case Edition),Anker MagGo 3-in-1 Foldable Qi2 Wireless Charging Station (15W) (Heavy-Duty Travel Case Edition),,not_found
749,Accessories,Anker,"575 USB-C Docking Station (13-in-1, Triple Display 85W) (Titanium Edition)","Anker 575 USB-C Docking Station (13-in-1, Triple Display 85W) (Titanium Edition)",,not_found
750,Accessories,Anker,737 Power Bank (PowerCore 24K) 140W Portable Charger (Heavy-Duty Travel Case Edition),Anker 737 Power Bank (PowerCore 24K) 140W Portable Charger (Heavy-Duty Travel Case Edition),,not_found
751,Accessories,Anker,Prime 100W GaN Wall Charger (3-Port Fast Charger) (Desktop Organizer Edition),Anker Prime 100W GaN Wall Charger (3-Port Fast Charger) (Desktop Organizer Edition),,not_found
752,Accessories,Anker,"Prime 20,000mAh Power Bank (200W Output) (Dual-Pack Value Set)","Anker Prime 20,000mAh Power Bank (200W Output) (Dual-Pack Value Set)",,not_found
753,Accessories,Anker,MagGo 3-in-1 Foldable Qi2 Wireless Charging Station (15W) (Titanium Edition),Anker MagGo 3-in-1 Foldable Qi2 Wireless Charging Station (15W) (Titanium Edition),,not_found
754,Accessories,Anker,"575 USB-C Docking Station (13-in-1, Triple Display 85W) (Desktop Organizer Edition)","Anker 575 USB-C Docking Station (13-in-1, Triple Display 85W) (Desktop Organizer Edition)",,not_found
755,Accessories,Anker,737 Power Bank (PowerCore 24K) 140W Portable Charger (Titanium Edition),Anker 737 Power Bank (PowerCore 24K) 140W Portable Charger (Titanium Edition),,not_found
756,Accessories,Anker,Prime 100W GaN Wall Charger (3-Port Fast Charger) (Braided 2m Cable Bundle),Anker Prime 100W GaN Wall Charger (3-Port Fast Charger) (Braided 2m Cable Bundle),,not_found
757,Accessories,Anker,"Prime 20,000mAh Power Bank (200W Output) (Heavy-Duty Travel Case Edition)","Anker Prime 20,000mAh Power Bank (200W Output) (Heavy-Duty Travel Case Edition)",,not_found
758,Accessories,Anker,MagGo 3-in-1 Foldable Qi2 Wireless Charging Station (15W) (Desktop Organizer Edition),Anker MagGo 3-in-1 Foldable Qi2 Wireless Charging Station (15W) (Desktop Organizer Edition),,not_found
759,Accessories,Apple,20W USB-C Power Adapter (Official),Apple 20W USB-C Power Adapter (Official),Accessories\759_Apple_20W_USB-C_Power_Adapter_(Official).jpg,downloaded
760,Accessories,Apple,MagSafe Charger (2m) Fast Wireless Charger,Apple MagSafe Charger (2m) Fast Wireless Charger,Accessories\760_Apple_MagSafe_Charger_(2m)_Fast_Wireless_Charger.jpg,downloaded
761,Accessories,Apple,20W USB-C Power Adapter (Official) (Titanium Edition),Apple 20W USB-C Power Adapter (Official) (Titanium Edition),Accessories\761_Apple_20W_USB-C_Power_Adapter_(Official)_(Titanium_Edition).jpg,downloaded
762,Accessories,Apple,MagSafe Charger (2m) Fast Wireless Charger (Braided 2m Cable Bundle),Apple MagSafe Charger (2m) Fast Wireless Charger (Braided 2m Cable Bundle),Accessories\762_Apple_MagSafe_Charger_(2m)_Fast_Wireless_Charger_(Braided_2m_Cable_Bundle).jpg,downloaded
763,Accessories,Apple,20W USB-C Power Adapter (Official) (Desktop Organizer Edition),Apple 20W USB-C Power Adapter (Official) (Desktop Organizer Edition),Accessories\763_Apple_20W_USB-C_Power_Adapter_(Official)_(Desktop_Organizer_Edition).jpg,downloaded
764,Accessories,Apple,MagSafe Charger (2m) Fast Wireless Charger (Dual-Pack Value Set),Apple MagSafe Charger (2m) Fast Wireless Charger (Dual-Pack Value Set),Accessories\764_Apple_MagSafe_Charger_(2m)_Fast_Wireless_Charger_(Dual-Pack_Value_Set).jpg,downloaded
765,Accessories,Apple,20W USB-C Power Adapter (Official) (Braided 2m Cable Bundle),Apple 20W USB-C Power Adapter (Official) (Braided 2m Cable Bundle),Accessories\765_Apple_20W_USB-C_Power_Adapter_(Official)_(Braided_2m_Cable_Bundle).jpg,downloaded
766,Accessories,Apple,MagSafe Charger (2m) Fast Wireless Charger (Heavy-Duty Travel Case Edition),Apple MagSafe Charger (2m) Fast Wireless Charger (Heavy-Duty Travel Case Edition),Accessories\766_Apple_MagSafe_Charger_(2m)_Fast_Wireless_Charger_(Heavy-Duty_Travel_Case_Edition).jpg,downloaded
767,Accessories,Apple,20W USB-C Power Adapter (Official) (Dual-Pack Value Set),Apple 20W USB-C Power Adapter (Official) (Dual-Pack Value Set),Accessories\767_Apple_20W_USB-C_Power_Adapter_(Official)_(Dual-Pack_Value_Set).jpg,downloaded
768,Accessories,Apple,MagSafe Charger (2m) Fast Wireless Charger (Titanium Edition),Apple MagSafe Charger (2m) Fast Wireless Charger (Titanium Edition),Accessories\768_Apple_MagSafe_Charger_(2m)_Fast_Wireless_Charger_(Titanium_Edition).jpg,downloaded
769,Accessories,Belkin,BoostCharge Pro 3-in-1 Wireless Charging Stand with MagSafe 15W,Belkin BoostCharge Pro 3-in-1 Wireless Charging Stand with MagSafe 15W,,not_found
770,Accessories,Belkin,BoostCharge Pro 3-in-1 Wireless Charging Stand with MagSafe 15W (Heavy-Duty Travel Case Edition),Belkin BoostCharge Pro 3-in-1 Wireless Charging Stand with MagSafe 15W (Heavy-Duty Travel Case Edition),,not_found
771,Accessories,Belkin,BoostCharge Pro 3-in-1 Wireless Charging Stand with MagSafe 15W (Titanium Edition),Belkin BoostCharge Pro 3-in-1 Wireless Charging Stand with MagSafe 15W (Titanium Edition),,not_found
772,Accessories,Belkin,BoostCharge Pro 3-in-1 Wireless Charging Stand with MagSafe 15W (Desktop Organizer Edition),Belkin BoostCharge Pro 3-in-1 Wireless Charging Stand with MagSafe 15W (Desktop Organizer Edition),,not_found
773,Accessories,Belkin,BoostCharge Pro 3-in-1 Wireless Charging Stand with MagSafe 15W (Braided 2m Cable Bundle),Belkin BoostCharge Pro 3-in-1 Wireless Charging Stand with MagSafe 15W (Braided 2m Cable Bundle),,not_found
774,Accessories,BenQ,ScreenBar Halo LED Monitor Light Bar with Wireless Controller,BenQ ScreenBar Halo LED Monitor Light Bar with Wireless Controller,,not_found
775,Accessories,BenQ,ScreenBar Halo LED Monitor Light Bar with Wireless Controller (Desktop Organizer Edition),BenQ ScreenBar Halo LED Monitor Light Bar with Wireless Controller (Desktop Organizer Edition),,not_found
776,Accessories,BenQ,ScreenBar Halo LED Monitor Light Bar with Wireless Controller (Braided 2m Cable Bundle),BenQ ScreenBar Halo LED Monitor Light Bar with Wireless Controller (Braided 2m Cable Bundle),,not_found
777,Accessories,BenQ,ScreenBar Halo LED Monitor Light Bar with Wireless Controller (Dual-Pack Value Set),BenQ ScreenBar Halo LED Monitor Light Bar with Wireless Controller (Dual-Pack Value Set),,not_found
778,Accessories,CalDigit,"TS4 Thunderbolt 4 Dock (18 Ports, 98W Charging)","CalDigit TS4 Thunderbolt 4 Dock (18 Ports, 98W Charging)",,not_found
779,Accessories,CalDigit,"TS4 Thunderbolt 4 Dock (18 Ports, 98W Charging) (Braided 2m Cable Bundle)","CalDigit TS4 Thunderbolt 4 Dock (18 Ports, 98W Charging) (Braided 2m Cable Bundle)",,not_found
780,Accessories,CalDigit,"TS4 Thunderbolt 4 Dock (18 Ports, 98W Charging) (Dual-Pack Value Set)","CalDigit TS4 Thunderbolt 4 Dock (18 Ports, 98W Charging) (Dual-Pack Value Set)",,not_found
781,Accessories,CalDigit,"TS4 Thunderbolt 4 Dock (18 Ports, 98W Charging) (Heavy-Duty Travel Case Edition)","CalDigit TS4 Thunderbolt 4 Dock (18 Ports, 98W Charging) (Heavy-Duty Travel Case Edition)",,not_found
782,Accessories,Crucial,X9 Pro 2TB Portable SSD (Micron TLC NAND),Crucial X9 Pro 2TB Portable SSD (Micron TLC NAND),,not_found
783,Accessories,Crucial,X9 Pro 2TB Portable SSD (Micron TLC NAND) (Dual-Pack Value Set),Crucial X9 Pro 2TB Portable SSD (Micron TLC NAND) (Dual-Pack Value Set),,not_found
784,Accessories,Crucial,X9 Pro 2TB Portable SSD (Micron TLC NAND) (Heavy-Duty Travel Case Edition),Crucial X9 Pro 2TB Portable SSD (Micron TLC NAND) (Heavy-Duty Travel Case Edition),,not_found
785,Accessories,Crucial,X9 Pro 2TB Portable SSD (Micron TLC NAND) (Titanium Edition),Crucial X9 Pro 2TB Portable SSD (Micron TLC NAND) (Titanium Edition),,not_found
786,Accessories,Crucial,X9 Pro 2TB Portable SSD (Micron TLC NAND) (Desktop Organizer Edition),Crucial X9 Pro 2TB Portable SSD (Micron TLC NAND) (Desktop Organizer Edition),,not_found
787,Accessories,Keychron,Q3 Pro Special Edition QMK/VIA Wireless Custom Mechanical Keyboard,Keychron Q3 Pro Special Edition QMK/VIA Wireless Custom Mechanical Keyboard,,not_found
788,Accessories,Keychron,K2 Version 2 75% Wireless Mechanical Keyboard (RGB Backlight),Keychron K2 Version 2 75% Wireless Mechanical Keyboard (RGB Backlight),,not_found
789,Accessories,Keychron,Q3 Pro Special Edition QMK/VIA Wireless Custom Mechanical Keyboard (Braided 2m Cable Bundle),Keychron Q3 Pro Special Edition QMK/VIA Wireless Custom Mechanical Keyboard (Braided 2m Cable Bundle),,not_found
790,Accessories,Keychron,K2 Version 2 75% Wireless Mechanical Keyboard (RGB Backlight) (Heavy-Duty Travel Case Edition),Keychron K2 Version 2 75% Wireless Mechanical Keyboard (RGB Backlight) (Heavy-Duty Travel Case Edition),,not_found
791,Accessories,Keychron,Q3 Pro Special Edition QMK/VIA Wireless Custom Mechanical Keyboard (Dual-Pack Value Set),Keychron Q3 Pro Special Edition QMK/VIA Wireless Custom Mechanical Keyboard (Dual-Pack Value Set),,not_found
792,Accessories,Keychron,K2 Version 2 75% Wireless Mechanical Keyboard (RGB Backlight) (Titanium Edition),Keychron K2 Version 2 75% Wireless Mechanical Keyboard (RGB Backlight) (Titanium Edition),,not_found
793,Accessories,Keychron,Q3 Pro Special Edition QMK/VIA Wireless Custom Mechanical Keyboard (Heavy-Duty Travel Case Edition),Keychron Q3 Pro Special Edition QMK/VIA Wireless Custom Mechanical Keyboard (Heavy-Duty Travel Case Edition),,not_found
794,Accessories,Keychron,K2 Version 2 75% Wireless Mechanical Keyboard (RGB Backlight) (Desktop Organizer Edition),Keychron K2 Version 2 75% Wireless Mechanical Keyboard (RGB Backlight) (Desktop Organizer Edition),,not_found
795,Accessories,Logitech,MX Master 3S Wireless Performance Mouse (Pale Grey),Logitech MX Master 3S Wireless Performance Mouse (Pale Grey),,not_found
796,Accessories,Logitech,MX Master 3S Wireless Mouse (Graphite),Logitech MX Master 3S Wireless Mouse (Graphite),,not_found
797,Accessories,Logitech,MX Mechanical Wireless Illuminated Keyboard (Tactile Quiet),Logitech MX Mechanical Wireless Illuminated Keyboard (Tactile Quiet),,not_found
798,Accessories,Logitech,MX Master 3S Wireless Performance Mouse (Pale Grey) (Desktop Organizer Edition),Logitech MX Master 3S Wireless Performance Mouse (Pale Grey) (Desktop Organizer Edition),,not_found
799,Accessories,Logitech,MX Master 3S Wireless Mouse (Graphite) (Dual-Pack Value Set),Logitech MX Master 3S Wireless Mouse (Graphite) (Dual-Pack Value Set),,not_found
800,Accessories,Logitech,MX Mechanical Wireless Illuminated Keyboard (Tactile Quiet) (Titanium Edition),Logitech MX Mechanical Wireless Illuminated Keyboard (Tactile Quiet) (Titanium Edition),,not_found
801,Accessories,Logitech,MX Master 3S Wireless Performance Mouse (Pale Grey) (Braided 2m Cable Bundle),Logitech MX Master 3S Wireless Performance Mouse (Pale Grey) (Braided 2m Cable Bundle),,not_found
802,Accessories,Logitech,MX Master 3S Wireless Mouse (Graphite) (Heavy-Duty Travel Case Edition),Logitech MX Master 3S Wireless Mouse (Graphite) (Heavy-Duty Travel Case Edition),,not_found
803,Accessories,Logitech,MX Mechanical Wireless Illuminated Keyboard (Tactile Quiet) (Desktop Organizer Edition),Logitech MX Mechanical Wireless Illuminated Keyboard (Tactile Quiet) (Desktop Organizer Edition),,not_found
804,Accessories,Logitech,MX Master 3S Wireless Performance Mouse (Pale Grey) (Dual-Pack Value Set),Logitech MX Master 3S Wireless Performance Mouse (Pale Grey) (Dual-Pack Value Set),,not_found
805,Accessories,Logitech,MX Master 3S Wireless Mouse (Graphite) (Titanium Edition),Logitech MX Master 3S Wireless Mouse (Graphite) (Titanium Edition),,not_found
806,Accessories,Logitech,MX Mechanical Wireless Illuminated Keyboard (Tactile Quiet) (Braided 2m Cable Bundle),Logitech MX Mechanical Wireless Illuminated Keyboard (Tactile Quiet) (Braided 2m Cable Bundle),,not_found
807,Accessories,Samsung,45W Super Fast Charging 2.0 Power Adapter with 5A Cable,Samsung 45W Super Fast Charging 2.0 Power Adapter with 5A Cable,Accessories\807_Samsung_45W_Super_Fast_Charging_2.0_Power_Adapter_with_5A_Cable.jpg,downloaded
808,Accessories,Samsung,T7 Shield 2TB Portable SSD (IP65 Rugged Rubber),Samsung T7 Shield 2TB Portable SSD (IP65 Rugged Rubber),Accessories\808_Samsung_T7_Shield_2TB_Portable_SSD_(IP65_Rugged_Rubber).jpg,downloaded
809,Accessories,Samsung,T7 Shield 1TB Portable SSD (Black),Samsung T7 Shield 1TB Portable SSD (Black),Accessories\809_Samsung_T7_Shield_1TB_Portable_SSD_(Black).jpg,downloaded
810,Accessories,Samsung,T9 2TB Portable SSD (USB 3.2 Gen 2x2 20Gbps),Samsung T9 2TB Portable SSD (USB 3.2 Gen 2x2 20Gbps),Accessories\810_Samsung_T9_2TB_Portable_SSD_(USB_3.2_Gen_2x2_20Gbps).jpg,downloaded
811,Accessories,Samsung,45W Super Fast Charging 2.0 Power Adapter with 5A Cable (Desktop Organizer Edition),Samsung 45W Super Fast Charging 2.0 Power Adapter with 5A Cable (Desktop Organizer Edition),Accessories\811_Samsung_45W_Super_Fast_Charging_2.0_Power_Adapter_with_5A_Cable_(Desktop_Organizer_Edition).jpg,downloaded
812,Accessories,Samsung,T7 Shield 2TB Portable SSD (IP65 Rugged Rubber) (Dual-Pack Value Set),Samsung T7 Shield 2TB Portable SSD (IP65 Rugged Rubber) (Dual-Pack Value Set),Accessories\812_Samsung_T7_Shield_2TB_Portable_SSD_(IP65_Rugged_Rubber)_(Dual-Pack_Value_Set).jpg,downloaded
813,Accessories,Samsung,T7 Shield 1TB Portable SSD (Black) (Titanium Edition),Samsung T7 Shield 1TB Portable SSD (Black) (Titanium Edition),Accessories\813_Samsung_T7_Shield_1TB_Portable_SSD_(Black)_(Titanium_Edition).jpg,downloaded
814,Accessories,Samsung,T9 2TB Portable SSD (USB 3.2 Gen 2x2 20Gbps) (Braided 2m Cable Bundle),Samsung T9 2TB Portable SSD (USB 3.2 Gen 2x2 20Gbps) (Braided 2m Cable Bundle),Accessories\814_Samsung_T9_2TB_Portable_SSD_(USB_3.2_Gen_2x2_20Gbps)_(Braided_2m_Cable_Bundle).jpg,downloaded
815,Accessories,Samsung,45W Super Fast Charging 2.0 Power Adapter with 5A Cable (Braided 2m Cable Bundle),Samsung 45W Super Fast Charging 2.0 Power Adapter with 5A Cable (Braided 2m Cable Bundle),Accessories\815_Samsung_45W_Super_Fast_Charging_2.0_Power_Adapter_with_5A_Cable_(Braided_2m_Cable_Bundle).jpg,downloaded
816,Accessories,Samsung,T7 Shield 2TB Portable SSD (IP65 Rugged Rubber) (Heavy-Duty Travel Case Edition),Samsung T7 Shield 2TB Portable SSD (IP65 Rugged Rubber) (Heavy-Duty Travel Case Edition),Accessories\816_Samsung_T7_Shield_2TB_Portable_SSD_(IP65_Rugged_Rubber)_(Heavy-Duty_Travel_Case_Edition).jpg,downloaded
817,Accessories,Samsung,T7 Shield 1TB Portable SSD (Black) (Desktop Organizer Edition),Samsung T7 Shield 1TB Portable SSD (Black) (Desktop Organizer Edition),Accessories\817_Samsung_T7_Shield_1TB_Portable_SSD_(Black)_(Desktop_Organizer_Edition).jpg,downloaded
818,Accessories,Samsung,T9 2TB Portable SSD (USB 3.2 Gen 2x2 20Gbps) (Dual-Pack Value Set),Samsung T9 2TB Portable SSD (USB 3.2 Gen 2x2 20Gbps) (Dual-Pack Value Set),Accessories\818_Samsung_T9_2TB_Portable_SSD_(USB_3.2_Gen_2x2_20Gbps)_(Dual-Pack_Value_Set).jpg,downloaded
819,Accessories,Samsung,45W Super Fast Charging 2.0 Power Adapter with 5A Cable (Dual-Pack Value Set),Samsung 45W Super Fast Charging 2.0 Power Adapter with 5A Cable (Dual-Pack Value Set),Accessories\819_Samsung_45W_Super_Fast_Charging_2.0_Power_Adapter_with_5A_Cable_(Dual-Pack_Value_Set).jpg,downloaded
820,Accessories,Samsung,T7 Shield 2TB Portable SSD (IP65 Rugged Rubber) (Titanium Edition),Samsung T7 Shield 2TB Portable SSD (IP65 Rugged Rubber) (Titanium Edition),Accessories\820_Samsung_T7_Shield_2TB_Portable_SSD_(IP65_Rugged_Rubber)_(Titanium_Edition).jpg,downloaded
821,Accessories,Samsung,T7 Shield 1TB Portable SSD (Black) (Braided 2m Cable Bundle),Samsung T7 Shield 1TB Portable SSD (Black) (Braided 2m Cable Bundle),Accessories\821_Samsung_T7_Shield_1TB_Portable_SSD_(Black)_(Braided_2m_Cable_Bundle).jpg,downloaded
822,Accessories,Samsung,T9 2TB Portable SSD (USB 3.2 Gen 2x2 20Gbps) (Heavy-Duty Travel Case Edition),Samsung T9 2TB Portable SSD (USB 3.2 Gen 2x2 20Gbps) (Heavy-Duty Travel Case Edition),Accessories\822_Samsung_T9_2TB_Portable_SSD_(USB_3.2_Gen_2x2_20Gbps)_(Heavy-Duty_Travel_Case_Edition).jpg,downloaded
823,Accessories,Samsung,45W Super Fast Charging 2.0 Power Adapter with 5A Cable (Heavy-Duty Travel Case Edition),Samsung 45W Super Fast Charging 2.0 Power Adapter with 5A Cable (Heavy-Duty Travel Case Edition),Accessories\823_Samsung_45W_Super_Fast_Charging_2.0_Power_Adapter_with_5A_Cable_(Heavy-Duty_Travel_Case_Edition).jpg,downloaded
824,Accessories,Samsung,T7 Shield 2TB Portable SSD (IP65 Rugged Rubber) (Desktop Organizer Edition),Samsung T7 Shield 2TB Portable SSD (IP65 Rugged Rubber) (Desktop Organizer Edition),Accessories\824_Samsung_T7_Shield_2TB_Portable_SSD_(IP65_Rugged_Rubber)_(Desktop_Organizer_Edition).jpg,downloaded
825,Accessories,Samsung,T7 Shield 1TB Portable SSD (Black) (Dual-Pack Value Set),Samsung T7 Shield 1TB Portable SSD (Black) (Dual-Pack Value Set),Accessories\825_Samsung_T7_Shield_1TB_Portable_SSD_(Black)_(Dual-Pack_Value_Set).jpg,downloaded
826,Accessories,Samsung,T9 2TB Portable SSD (USB 3.2 Gen 2x2 20Gbps) (Titanium Edition),Samsung T9 2TB Portable SSD (USB 3.2 Gen 2x2 20Gbps) (Titanium Edition),Accessories\826_Samsung_T9_2TB_Portable_SSD_(USB_3.2_Gen_2x2_20Gbps)_(Titanium_Edition).jpg,downloaded
827,Accessories,SanDisk,Extreme Portable SSD 1TB (Up to 1050MB/s),SanDisk Extreme Portable SSD 1TB (Up to 1050MB/s),,not_found
828,Accessories,SanDisk,Extreme PRO Portable SSD 2TB (2000MB/s),SanDisk Extreme PRO Portable SSD 2TB (2000MB/s),,not_found
829,Accessories,SanDisk,Extreme Portable SSD 1TB (Up to 1050MB/s) (Heavy-Duty Travel Case Edition),SanDisk Extreme Portable SSD 1TB (Up to 1050MB/s) (Heavy-Duty Travel Case Edition),,not_found
830,Accessories,SanDisk,Extreme PRO Portable SSD 2TB (2000MB/s) (Desktop Organizer Edition),SanDisk Extreme PRO Portable SSD 2TB (2000MB/s) (Desktop Organizer Edition),,not_found
831,Accessories,SanDisk,Extreme Portable SSD 1TB (Up to 1050MB/s) (Titanium Edition),SanDisk Extreme Portable SSD 1TB (Up to 1050MB/s) (Titanium Edition),,not_found
832,Accessories,SanDisk,Extreme PRO Portable SSD 2TB (2000MB/s) (Braided 2m Cable Bundle),SanDisk Extreme PRO Portable SSD 2TB (2000MB/s) (Braided 2m Cable Bundle),,not_found
833,Accessories,SanDisk,Extreme Portable SSD 1TB (Up to 1050MB/s) (Desktop Organizer Edition),SanDisk Extreme Portable SSD 1TB (Up to 1050MB/s) (Desktop Organizer Edition),,not_found
834,Accessories,SanDisk,Extreme PRO Portable SSD 2TB (2000MB/s) (Dual-Pack Value Set),SanDisk Extreme PRO Portable SSD 2TB (2000MB/s) (Dual-Pack Value Set),,not_found
835,Accessories,SanDisk,Extreme Portable SSD 1TB (Up to 1050MB/s) (Braided 2m Cable Bundle),SanDisk Extreme Portable SSD 1TB (Up to 1050MB/s) (Braided 2m Cable Bundle),,not_found
836,Accessories,SanDisk,Extreme PRO Portable SSD 2TB (2000MB/s) (Heavy-Duty Travel Case Edition),SanDisk Extreme PRO Portable SSD 2TB (2000MB/s) (Heavy-Duty Travel Case Edition),,not_found
837,Accessories,WD_BLACK,SN850X 2TB NVMe Internal SSD with Heatsink for PS5 & PC,WD_BLACK SN850X 2TB NVMe Internal SSD with Heatsink for PS5 & PC,,not_found
838,Accessories,WD_BLACK,SN850X 2TB NVMe Internal SSD with Heatsink for PS5 & PC (Titanium Edition),WD_BLACK SN850X 2TB NVMe Internal SSD with Heatsink for PS5 & PC (Titanium Edition),,not_found
839,Accessories,WD_BLACK,SN850X 2TB NVMe Internal SSD with Heatsink for PS5 & PC (Desktop Organizer Edition),WD_BLACK SN850X 2TB NVMe Internal SSD with Heatsink for PS5 & PC (Desktop Organizer Edition),,not_found
840,Accessories,WD_BLACK,SN850X 2TB NVMe Internal SSD with Heatsink for PS5 & PC (Braided 2m Cable Bundle),WD_BLACK SN850X 2TB NVMe Internal SSD with Heatsink for PS5 & PC (Braided 2m Cable Bundle),,not_found
